theme_no,테마명,등락률,평균등락률,상승종목수,보합종목수,하락종목수,Beta,베타조정수익률,코스피지수,코스피등락,코스피등락률,코스피조회시간
590,2026 상반기 신규상장,10.93,-1.43,4,2,15,0.5,8.77,"7,822.24",324.24,4.32,2026-05-11 20:13:50
155,반도체 대표주(생산),9.63,3.93,3,0,0,1.35572,3.7732896,"7,822.24",324.24,4.32,2026-05-11 20:13:50
586,광통신(광케이블/광섬유 등),7.59,2.42,11,2,1,0.5,5.43,"7,822.24",324.24,4.32,2026-05-11 20:13:50
159,자동차 대표주,5.91,2.07,5,0,2,0.510147,3.7061649599999997,"7,822.24",324.24,4.32,2026-05-11 20:13:50
505,로봇(산업용/협동로봇 등),4.64,0.83,30,0,39,0.532839,2.33813552,"7,822.24",324.24,4.32,2026-05-11 20:13:50
584,스페이스X(SpaceX),4.04,1.05,7,0,5,1.139472,-0.88251904,"7,822.24",324.24,4.32,2026-05-11 20:13:50
173,IT 대표주,3.62,2.25,5,0,1,0.903146,-0.28159072000000007,"7,822.24",324.24,4.32,2026-05-11 20:13:50
321,무선충전기술,3.44,1.79,6,2,4,0.651058,0.6274294399999998,"7,822.24",324.24,4.32,2026-05-11 20:13:50
92,통신장비,3.43,0.88,26,2,18,0.60181,0.8301808000000004,"7,822.24",324.24,4.32,2026-05-11 20:13:50
373,5G(5세대 이동통신),3.09,0.26,32,2,20,0.568068,0.6359462399999996,"7,822.24",324.24,4.32,2026-05-11 20:13:50
269,LED장비,3.07,-0.18,6,0,5,0.732768,-0.09555776000000016,"7,822.24",324.24,4.32,2026-05-11 20:13:50
390,마이크로 LED,2.9,1.11,6,1,4,0.575023,0.4159006399999998,"7,822.24",324.24,4.32,2026-05-11 20:13:50
560,냉각시스템(액침냉각 등),2.89,2.2,7,0,5,0.816544,-0.6374700800000004,"7,822.24",324.24,4.32,2026-05-11 20:13:50
30,조선,2.66,-1.33,5,1,1,0.420477,0.8435393600000001,"7,822.24",324.24,4.32,2026-05-11 20:13:50
318,백화점,2.48,-0.52,3,0,3,0.059804,2.22164672,"7,822.24",324.24,4.32,2026-05-11 20:13:50
112,공기청정기,2.38,1.33,6,1,5,0.377729,0.7482107199999999,"7,822.24",324.24,4.32,2026-05-11 20:13:50
175,의료기기,2.33,-0.81,23,4,64,0.281361,1.11452048,"7,822.24",324.24,4.32,2026-05-11 20:13:50
556,뉴로모픽 반도체,2.21,0.17,4,2,1,1.083941,-2.472625120000001,"7,822.24",324.24,4.32,2026-05-11 20:13:50
599,소캠(SOCAMM),2.07,2.35,4,0,7,0.5,-0.0900000000000003,"7,822.24",324.24,4.32,2026-05-11 20:13:50
126,통신,1.99,-1.34,2,0,1,0.117303,1.4832510399999999,"7,822.24",324.24,4.32,2026-05-11 20:13:50
426,양자암호/양자컴퓨팅,1.95,0.49,15,2,9,0.458166,-0.029277120000000156,"7,822.24",324.24,4.32,2026-05-11 20:13:50
332,스마트카(SMART CAR),1.91,0.85,5,1,7,0.453456,-0.048929920000000404,"7,822.24",324.24,4.32,2026-05-11 20:13:50
228,국내 상장 중국기업,1.74,-2.41,3,2,6,0.317304,0.36924672000000003,"7,822.24",324.24,4.32,2026-05-11 20:13:50
307,시스템반도체,1.72,0.4,26,5,26,0.824204,-1.8405612800000004,"7,822.24",324.24,4.32,2026-05-11 20:13:50
56,NI(네트워크통합),1.67,-0.67,4,0,3,0.255145,0.5677735999999998,"7,822.24",324.24,4.32,2026-05-11 20:13:50
14,반도체 재료/부품,1.59,0.13,33,4,31,0.786443,-1.8074337600000001,"7,822.24",324.24,4.32,2026-05-11 20:13:50
536,HBM(고대역폭메모리),1.45,-0.3,13,2,18,0.981374,-2.78953568,"7,822.24",324.24,4.32,2026-05-11 20:13:50
608,반도체 기판(FC-BGA/PCB/MLB 등),1.36,3.28,5,0,9,0.5,-0.8,"7,822.24",324.24,4.32,2026-05-11 20:13:50
12,반도체 장비,1.34,0.41,45,4,45,0.836701,-2.27454832,"7,822.24",324.24,4.32,2026-05-11 20:13:50
422,日 수출 규제(국산화 등),1.29,-1.22,10,0,10,0.643653,-1.4905809600000004,"7,822.24",324.24,4.32,2026-05-11 20:13:50
587,피지컬 AI/휴머노이드 로봇,1.26,1.98,21,1,19,0.5,-0.9000000000000001,"7,822.24",324.24,4.32,2026-05-11 20:13:50
533,전력반도체,1.24,1.42,8,2,9,0.5,-0.9200000000000002,"7,822.24",324.24,4.32,2026-05-11 20:13:50
362,자율주행차,1.21,0.44,26,2,30,0.542481,-1.13351792,"7,822.24",324.24,4.32,2026-05-11 20:13:50
405,MLCC(적층세라믹콘덴서),1.12,-0.36,2,0,8,0.637938,-1.63589216,"7,822.24",324.24,4.32,2026-05-11 20:13:50
384,편의점,1.04,1.66,3,1,1,0.08108,0.6897344000000001,"7,822.24",324.24,4.32,2026-05-11 20:13:50
33,LED,1.02,0.68,13,4,21,0.455069,-0.9458980800000001,"7,822.24",324.24,4.32,2026-05-11 20:13:50
200,우주항공산업(누리호/인공위성 등),1.01,-1.16,17,0,19,0.724925,-2.121676000000001,"7,822.24",324.24,4.32,2026-05-11 20:13:50
557,유리 기판,0.95,3.19,10,0,10,0.713941,-2.134225120000001,"7,822.24",324.24,4.32,2026-05-11 20:13:50
382,플렉서블 디스플레이,0.77,0.9,10,1,14,0.633484,-1.9666508800000004,"7,822.24",324.24,4.32,2026-05-11 20:13:50
197,폐기물처리,0.76,0.06,1,0,4,0.172243,0.015910239999999964,"7,822.24",324.24,4.32,2026-05-11 20:13:50
328,제습기,0.73,0.68,4,0,4,0.274735,-0.45685520000000013,"7,822.24",324.24,4.32,2026-05-11 20:13:50
348,삼성페이,0.73,0.08,10,2,14,0.46179,-1.2649328,"7,822.24",324.24,4.32,2026-05-11 20:13:50
582,스테이블코인,0.56,-0.1,12,2,11,0.66569,-2.3157808,"7,822.24",324.24,4.32,2026-05-11 20:13:50
170,골판지 제조,0.46,-0.69,3,1,6,0.060068,0.20050624,"7,822.24",324.24,4.32,2026-05-11 20:13:50
289,증강현실(AR),0.44,0.16,6,1,14,0.514479,-1.7825492800000005,"7,822.24",324.24,4.32,2026-05-11 20:13:50
545,온디바이스 AI,0.41,0.8,10,1,13,0.894704,-3.45512128,"7,822.24",324.24,4.32,2026-05-11 20:13:50
445,2차전지(장비),0.4,0.07,13,3,31,0.623215,-2.2922888,"7,822.24",324.24,4.32,2026-05-11 20:13:50
462,UAM(도심항공모빌리티),0.39,-0.77,12,0,13,0.511028,-1.8176409600000003,"7,822.24",324.24,4.32,2026-05-11 20:13:50
302,음성인식,0.37,0.78,3,0,8,0.300744,-0.92921408,"7,822.24",324.24,4.32,2026-05-11 20:13:50
9,OLED(유기 발광 다이오드),0.19,0.68,27,3,49,0.525413,-2.0797841600000004,"7,822.24",324.24,4.32,2026-05-11 20:13:50
144,방위산업/전쟁 및 테러,0.19,-1.37,26,1,39,0.536835,-2.1291272,"7,822.24",324.24,4.32,2026-05-11 20:13:50
452,코로나19(음압병실/음압구급차),0.16,1.9,2,1,4,0.477986,-1.9048995200000005,"7,822.24",324.24,4.32,2026-05-11 20:13:50
342,핀테크(FinTech),0.11,-0.43,13,1,19,0.473814,-1.9368764800000002,"7,822.24",324.24,4.32,2026-05-11 20:13:50
483,야놀자(Yanolja),0.09,0.24,1,1,3,0.408392,-1.67425344,"7,822.24",324.24,4.32,2026-05-11 20:13:50
585,김밥(냉동김밥 등),0.06,1.3,2,0,4,0.293976,-1.20997632,"7,822.24",324.24,4.32,2026-05-11 20:13:50
38,홈쇼핑,0.02,-0.1,3,0,2,0.069492,-0.28020544,"7,822.24",324.24,4.32,2026-05-11 20:13:50
284,기업인수목적회사(SPAC),0.02,-0.01,19,22,36,0.053159,-0.20964688,"7,822.24",324.24,4.32,2026-05-11 20:13:50
393,갤럭시 부품주,0.01,0.28,10,1,28,0.551409,-2.3720868800000003,"7,822.24",324.24,4.32,2026-05-11 20:13:50
568,코리아 밸류업 지수(Korea Value-up Index),-0.02,-0.03,35,2,62,0.542066,-2.3617251200000005,"7,822.24",324.24,4.32,2026-05-11 20:13:50
415,그래핀,-0.12,-1.59,4,3,6,0.333319,-1.5599380799999998,"7,822.24",324.24,4.32,2026-05-11 20:13:50
276,클라우드 컴퓨팅,-0.15,-0.13,10,5,21,0.510725,-2.356332,"7,822.24",324.24,4.32,2026-05-11 20:13:50
547,CXL(컴퓨트익스프레스링크),-0.15,0.91,4,1,8,0.856396,-3.8496307200000004,"7,822.24",324.24,4.32,2026-05-11 20:13:50
272,전자결제(전자화폐),-0.17,-0.7,5,0,8,0.458989,-2.1528324800000003,"7,822.24",324.24,4.32,2026-05-11 20:13:50
279,스마트폰,-0.21,0.49,19,6,37,0.379963,-1.8514401600000001,"7,822.24",324.24,4.32,2026-05-11 20:13:50
119,창투사,-0.3,-0.85,5,2,13,0.368216,-1.8906931200000001,"7,822.24",324.24,4.32,2026-05-11 20:13:50
41,카메라모듈/부품,-0.34,-0.03,8,0,19,0.394954,-2.04620128,"7,822.24",324.24,4.32,2026-05-11 20:13:50
388,아이폰,-0.37,0.91,7,0,13,0.624797,-3.0691230400000005,"7,822.24",324.24,4.32,2026-05-11 20:13:50
18,전자파,-0.41,-1.33,5,0,7,0.468353,-2.4332849600000004,"7,822.24",324.24,4.32,2026-05-11 20:13:50
154,건설 대표주,-0.41,2.61,2,0,4,0.784495,-3.7990184000000005,"7,822.24",324.24,4.32,2026-05-11 20:13:50
79,자원개발,-0.42,-0.82,2,0,12,0.461804,-2.41499328,"7,822.24",324.24,4.32,2026-05-11 20:13:50
297,공작기계,-0.44,-0.61,6,0,8,0.116663,-0.9439841600000001,"7,822.24",324.24,4.32,2026-05-11 20:13:50
507,마이데이터,-0.44,-0.31,4,1,6,0.305335,-1.7590472000000001,"7,822.24",324.24,4.32,2026-05-11 20:13:50
298,희귀금속(희토류 등),-0.48,-0.22,3,1,13,0.148761,-1.1226475200000001,"7,822.24",324.24,4.32,2026-05-11 20:13:50
567,밸류업(24년 기업가치 제고계획 발표),-0.48,0.31,26,1,64,0.438052,-2.37238464,"7,822.24",324.24,4.32,2026-05-11 20:13:50
531,STO(토큰증권 발행),-0.49,-0.19,7,1,17,0.620891,-3.17224912,"7,822.24",324.24,4.32,2026-05-11 20:13:50
349,드론(Drone),-0.51,-0.98,11,1,17,0.531453,-2.80587696,"7,822.24",324.24,4.32,2026-05-11 20:13:50
511,니켈,-0.54,-0.9,2,0,12,0.35488,-2.0730816,"7,822.24",324.24,4.32,2026-05-11 20:13:50
474,쿠팡(coupang),-0.56,-0.48,4,2,15,0.261037,-1.6876798400000002,"7,822.24",324.24,4.32,2026-05-11 20:13:50
106,바이오인식(생체인식),-0.59,0.72,5,0,14,0.327651,-2.0054523200000003,"7,822.24",324.24,4.32,2026-05-11 20:13:50
17,SI(시스템통합),-0.64,0.42,10,2,18,0.46072,-2.6303104000000004,"7,822.24",324.24,4.32,2026-05-11 20:13:50
76,여름,-0.66,-0.02,5,3,20,0.179819,-1.43681808,"7,822.24",324.24,4.32,2026-05-11 20:13:50
171,비철금속,-0.68,-1.22,5,1,19,0.359222,-2.23183904,"7,822.24",324.24,4.32,2026-05-11 20:13:50
575,지역화폐,-0.72,-1.33,1,0,4,0.656144,-3.55454208,"7,822.24",324.24,4.32,2026-05-11 20:13:50
404,폴더블폰,-0.75,0.65,6,2,16,0.551849,-3.13398768,"7,822.24",324.24,4.32,2026-05-11 20:13:50
287,PCB(FPCB 등),-0.77,0.56,8,0,23,0.632153,-3.50090096,"7,822.24",324.24,4.32,2026-05-11 20:13:50
191,태양광에너지,-0.78,-0.63,8,4,32,0.622351,-3.4685563200000002,"7,822.24",324.24,4.32,2026-05-11 20:13:50
449,2차전지(생산),-0.79,-1.17,1,0,2,0.950035,-4.8941512000000005,"7,822.24",324.24,4.32,2026-05-11 20:13:50
521,애플페이,-0.79,-1.02,2,1,5,0.193589,-1.6263044800000002,"7,822.24",324.24,4.32,2026-05-11 20:13:50
311,고령화 사회(노인복지),-0.89,0.37,8,1,26,0.23858,-1.9206656,"7,822.24",324.24,4.32,2026-05-11 20:13:50
227,전기차,-0.91,-0.33,22,4,72,0.560405,-3.3309496000000003,"7,822.24",324.24,4.32,2026-05-11 20:13:50
379,항공기부품,-0.92,-1.43,4,0,10,0.563288,-3.35340416,"7,822.24",324.24,4.32,2026-05-11 20:13:50
408,마리화나(대마),-0.93,-1.98,2,2,6,0.161438,-1.62741216,"7,822.24",324.24,4.32,2026-05-11 20:13:50
580,유심(USIM),-0.93,-1.34,2,1,2,0.369213,-2.5250001600000003,"7,822.24",324.24,4.32,2026-05-11 20:13:50
136,소매유통,-0.95,-0.59,4,2,14,0.147498,-1.5871913599999998,"7,822.24",324.24,4.32,2026-05-11 20:13:50
55,보안주(정보),-0.96,-0.2,18,6,27,0.449101,-2.90011632,"7,822.24",324.24,4.32,2026-05-11 20:13:50
435,재택근무/스마트워크,-1.01,-1.13,4,2,10,0.287755,-2.2531016,"7,822.24",324.24,4.32,2026-05-11 20:13:50
566,딥페이크(deepfake),-1.05,-1.29,4,0,10,0.457181,-3.0250219200000004,"7,822.24",324.24,4.32,2026-05-11 20:13:50
571,밸류업(25년 기업가치 제고계획 발표),-1.05,-0.25,22,3,60,0.456112,-3.02040384,"7,822.24",324.24,4.32,2026-05-11 20:13:50
110,화장품,-1.06,-1.11,21,9,61,0.142937,-1.6774878400000002,"7,822.24",324.24,4.32,2026-05-11 20:13:50
178,전선,-1.07,4.97,1,1,6,1.020705,-5.4794456,"7,822.24",324.24,4.32,2026-05-11 20:13:50
387,블록체인,-1.07,0.26,7,1,15,0.417908,-2.87536256,"7,822.24",324.24,4.32,2026-05-11 20:13:50
527,윤활유,-1.08,-1.74,2,0,5,0.390276,-2.7659923200000005,"7,822.24",324.24,4.32,2026-05-11 20:13:50
177,LPG(액화석유가스),-1.09,-1.89,3,0,6,0.490787,-3.2101998400000005,"7,822.24",324.24,4.32,2026-05-11 20:13:50
392,스마트팩토리(스마트공장),-1.11,0.87,14,1,24,0.688181,-4.082941920000001,"7,822.24",324.24,4.32,2026-05-11 20:13:50
501,리비안(RIVIAN),-1.12,-0.99,7,2,12,0.374867,-2.73942544,"7,822.24",324.24,4.32,2026-05-11 20:13:50
86,"주류업(주정, 에탄올 등)",-1.14,0.32,1,1,11,0.103404,-1.5867052799999999,"7,822.24",324.24,4.32,2026-05-11 20:13:50
149,원격진료/비대면진료(U-Healthcare),-1.14,-0.58,4,1,16,0.237293,-2.16510576,"7,822.24",324.24,4.32,2026-05-11 20:13:50
402,아스콘(아스팔트 콘크리트),-1.17,-0.91,1,0,8,0.134931,-1.75290192,"7,822.24",324.24,4.32,2026-05-11 20:13:50
165,은행,-1.21,-0.55,3,0,8,0.44694,-3.1407808,"7,822.24",324.24,4.32,2026-05-11 20:13:50
380,면세점,-1.21,0.15,2,1,5,0.08202,-1.5643264,"7,822.24",324.24,4.32,2026-05-11 20:13:50
480,메타버스(Metaverse),-1.23,-0.74,12,3,33,0.46086,-3.2209152000000003,"7,822.24",324.24,4.32,2026-05-11 20:13:50
104,스마트홈(홈네트워크),-1.3,-0.8,6,2,15,0.288624,-2.54685568,"7,822.24",324.24,4.32,2026-05-11 20:13:50
352,가상현실(VR),-1.3,-0.46,6,1,20,0.468461,-3.32375152,"7,822.24",324.24,4.32,2026-05-11 20:13:50
534,페라이트,-1.31,0.43,1,0,13,0.261044,-2.4377100800000004,"7,822.24",324.24,4.32,2026-05-11 20:13:50
381,LNG(액화천연가스),-1.35,-0.75,6,1,19,0.574881,-3.83348592,"7,822.24",324.24,4.32,2026-05-11 20:13:50
99,지능형로봇/인공지능(AI),-1.4,-0.55,14,1,50,0.597165,-3.9797528,"7,822.24",324.24,4.32,2026-05-11 20:13:50
8,화폐/금융자동화기기(디지털화폐 등),-1.41,-0.01,2,0,8,0.425976,-3.25021632,"7,822.24",324.24,4.32,2026-05-11 20:13:50
94,조선기자재,-1.41,-1.76,7,3,26,0.644782,-4.19545824,"7,822.24",324.24,4.32,2026-05-11 20:13:50
323,셰일가스(Shale Gas),-1.41,-0.53,2,1,8,0.603403,-4.0167009600000005,"7,822.24",324.24,4.32,2026-05-11 20:13:50
470,마이크로바이옴,-1.43,-0.48,4,1,13,0.214696,-2.35748672,"7,822.24",324.24,4.32,2026-05-11 20:13:50
234,보안주(물리),-1.44,-0.2,4,3,12,0.367844,-3.02908608,"7,822.24",324.24,4.32,2026-05-11 20:13:50
376,유전자 치료제/분석,-1.47,-0.4,7,3,32,0.255605,-2.5742136,"7,822.24",324.24,4.32,2026-05-11 20:13:50
489,카카오뱅크(kakao BANK),-1.47,0.33,1,0,10,0.519386,-3.71374752,"7,822.24",324.24,4.32,2026-05-11 20:13:50
176,도시가스,-1.49,-0.39,0,0,9,0.202386,-2.36430752,"7,822.24",324.24,4.32,2026-05-11 20:13:50
513,미용기기,-1.49,-0.63,6,1,12,0.212743,-2.4090497600000003,"7,822.24",324.24,4.32,2026-05-11 20:13:50
250,철도,-1.52,-0.3,9,1,30,0.35862,-3.0692384,"7,822.24",324.24,4.32,2026-05-11 20:13:50
326,3D 프린터,-1.52,-0.32,2,0,9,0.358761,-3.06984752,"7,822.24",324.24,4.32,2026-05-11 20:13:50
496,골프,-1.52,-0.11,2,1,12,0.257391,-2.6319291199999997,"7,822.24",324.24,4.32,2026-05-11 20:13:50
283,생명보험,-1.53,0.08,1,0,4,0.411472,-3.30755904,"7,822.24",324.24,4.32,2026-05-11 20:13:50
27,자동차부품,-1.54,-0.39,28,8,111,0.344112,-3.02656384,"7,822.24",324.24,4.32,2026-05-11 20:13:50
206,농업,-1.55,-1.56,4,0,19,0.201703,-2.4213569600000002,"7,822.24",324.24,4.32,2026-05-11 20:13:50
464,콜드체인(저온 유통),-1.56,-0.69,3,0,9,0.341238,-3.03414816,"7,822.24",324.24,4.32,2026-05-11 20:13:50
543,의료AI,-1.56,-1.05,8,2,20,0.174013,-2.31173616,"7,822.24",324.24,4.32,2026-05-11 20:13:50
151,증권,-1.57,0.91,2,0,19,0.761878,-4.86131296,"7,822.24",324.24,4.32,2026-05-11 20:13:50
386,수소에너지(수소차/연료전지 등),-1.57,-0.3,12,3,56,0.542222,-3.9123990400000004,"7,822.24",324.24,4.32,2026-05-11 20:13:50
481,마켓컬리(kurly),-1.58,-0.76,2,0,8,0.28742,-2.8216544,"7,822.24",324.24,4.32,2026-05-11 20:13:50
113,음식료업종,-1.6,-0.13,6,2,58,0.09173,-1.9962736,"7,822.24",324.24,4.32,2026-05-11 20:13:50
343,인터넷은행,-1.6,0.07,5,0,26,0.408249,-3.36363568,"7,822.24",324.24,4.32,2026-05-11 20:13:50
472,2차전지(전고체),-1.61,-0.59,6,0,24,0.825888,-5.17783616,"7,822.24",324.24,4.32,2026-05-11 20:13:50
591,서울고속버스터미널 재개발 수혜,-1.61,-0.49,1,0,4,0.5,-3.7700000000000005,"7,822.24",324.24,4.32,2026-05-11 20:13:50
63,제지,-1.64,-0.98,1,4,9,0.083505,-2.0007416,"7,822.24",324.24,4.32,2026-05-11 20:13:50
576,퓨리오사AI,-1.64,-2.01,2,0,9,0.558657,-4.05339824,"7,822.24",324.24,4.32,2026-05-11 20:13:50
581,탈 플라스틱(친환경/생분해성 등),-1.68,-3.02,1,0,7,0.207469,-2.57626608,"7,822.24",324.24,4.32,2026-05-11 20:13:50
595,우주태양광(페로브스카이트 등),-1.71,-1.45,1,0,9,0.5,-3.87,"7,822.24",324.24,4.32,2026-05-11 20:13:50
447,코로나19(진단키트),-1.73,-0.97,6,1,33,0.184158,-2.52556256,"7,822.24",324.24,4.32,2026-05-11 20:13:50
139,출산장려정책,-1.76,-1.58,2,1,19,0.067107,-2.04990224,"7,822.24",324.24,4.32,2026-05-11 20:13:50
288,모바일솔루션(스마트폰),-1.76,-0.4,4,3,16,0.338846,-3.22381472,"7,822.24",324.24,4.32,2026-05-11 20:13:50
64,2차전지,-1.77,-0.47,27,4,113,0.624611,-4.46831952,"7,822.24",324.24,4.32,2026-05-11 20:13:50
317,SNS(소셜네트워크서비스),-1.77,-0.68,2,1,7,0.363899,-3.3420436799999997,"7,822.24",324.24,4.32,2026-05-11 20:13:50
111,지주사,-1.85,-0.15,19,3,105,0.395713,-3.55948016,"7,822.24",324.24,4.32,2026-05-11 20:13:50
242,탄소나노튜브(CNT),-1.85,-0.02,0,1,4,0.525903,-4.12190096,"7,822.24",324.24,4.32,2026-05-11 20:13:50
310,리츠(REITs),-1.85,-0.38,1,0,21,0.148746,-2.49258272,"7,822.24",324.24,4.32,2026-05-11 20:13:50
181,테마파크,-1.86,-0.59,1,1,4,0.44185,-3.7687920000000004,"7,822.24",324.24,4.32,2026-05-11 20:13:50
316,엔젤산업,-1.86,-1.94,2,3,20,0.133206,-2.43544992,"7,822.24",324.24,4.32,2026-05-11 20:13:50
529,AI 챗봇(챗GPT 등),-1.86,-0.64,3,1,27,0.536537,-4.177839840000001,"7,822.24",324.24,4.32,2026-05-11 20:13:50
52,교육/온라인 교육,-1.87,-0.78,4,2,21,0.298331,-3.1587899200000003,"7,822.24",324.24,4.32,2026-05-11 20:13:50
493,mRNA(메신저 리보핵산),-1.88,-0.14,4,0,10,-0.002494,-1.8692259199999999,"7,822.24",324.24,4.32,2026-05-11 20:13:50
90,수산,-1.91,-0.51,1,0,9,0.173335,-2.6588072,"7,822.24",324.24,4.32,2026-05-11 20:13:50
559,고체산화물 연료전지(SOFC),-1.91,-1.31,1,0,12,0.953675,-6.029876000000001,"7,822.24",324.24,4.32,2026-05-11 20:13:50
400,조림사업,-1.93,-0.71,1,1,9,0.186854,-2.73720928,"7,822.24",324.24,4.32,2026-05-11 20:13:50
42,게임,-1.94,-1.8,7,1,22,0.387229,-3.6128292799999997,"7,822.24",324.24,4.32,2026-05-11 20:13:50
180,석유화학,-1.94,-0.58,2,0,15,0.490725,-4.059932,"7,822.24",324.24,4.32,2026-05-11 20:13:50
564,전기차 화재 방지(배터리 열폭주 등),-1.98,-0.6,4,1,23,0.497987,-4.13130384,"7,822.24",324.24,4.32,2026-05-11 20:13:50
583,2025 하반기 신규상장,-1.99,-0.86,8,7,51,0.499296,-4.14695872,"7,822.24",324.24,4.32,2026-05-11 20:13:50
164,손해보험,-2.02,-0.57,1,0,7,0.330746,-3.44882272,"7,822.24",324.24,4.32,2026-05-11 20:13:50
525,렌터카,-2.03,-1.7,0,0,4,0.065427,-2.31264464,"7,822.24",324.24,4.32,2026-05-11 20:13:50
270,모바일콘텐츠(스마트폰/태블릿PC),-2.06,-0.87,6,1,25,0.349837,-3.5712958400000003,"7,822.24",324.24,4.32,2026-05-11 20:13:50
36,해운,-2.07,-0.81,0,0,6,0.287513,-3.31205616,"7,822.24",324.24,4.32,2026-05-11 20:13:50
436,코로나19(진단/치료제/백신 개발 등),-2.07,-0.92,10,2,61,0.200259,-2.93511888,"7,822.24",324.24,4.32,2026-05-11 20:13:50
600,주유소,-2.07,-1.99,3,0,12,0.5,-4.23,"7,822.24",324.24,4.32,2026-05-11 20:13:50
329,전력저장장치(ESS),-2.08,-0.55,7,1,31,0.803023,-5.549059360000001,"7,822.24",324.24,4.32,2026-05-11 20:13:50
335,재난/안전(지진/화재 등),-2.08,0.18,4,1,16,0.334496,-3.52502272,"7,822.24",324.24,4.32,2026-05-11 20:13:50
123,전력설비,-2.1,0.58,2,3,29,0.770416,-5.42819712,"7,822.24",324.24,4.32,2026-05-11 20:13:50
16,구제역/광우병 수혜,-2.12,-0.54,1,3,16,0.168139,-2.8463604800000004,"7,822.24",324.24,4.32,2026-05-11 20:13:50
48,영화,-2.12,-1.22,2,1,9,0.200322,-2.98539104,"7,822.24",324.24,4.32,2026-05-11 20:13:50
331,가상화폐(비트코인 등),-2.13,-0.87,5,4,16,0.534372,-4.43848704,"7,822.24",324.24,4.32,2026-05-11 20:13:50
141,종합 물류,-2.16,-0.16,1,2,13,0.204126,-3.0418243200000004,"7,822.24",324.24,4.32,2026-05-11 20:13:50
266,겨울,-2.16,-0.65,0,0,22,0.149005,-2.8037016,"7,822.24",324.24,4.32,2026-05-11 20:13:50
31,환율하락 수혜,-2.18,-0.37,1,1,21,0.275169,-3.36873008,"7,822.24",324.24,4.32,2026-05-11 20:13:50
127,영상콘텐츠,-2.18,-1.54,2,3,30,0.208686,-3.08152352,"7,822.24",324.24,4.32,2026-05-11 20:13:50
598,콩/대두,-2.21,-1.61,0,0,5,0.5,-4.37,"7,822.24",324.24,4.32,2026-05-11 20:13:50
108,"백신/진단시약/방역(신종플루, AI 등)",-2.22,-0.85,6,1,36,0.171586,-2.9612515200000002,"7,822.24",324.24,4.32,2026-05-11 20:13:50
49,인터넷 대표주,-2.23,0.1,0,0,2,0.654288,-5.05652416,"7,822.24",324.24,4.32,2026-05-11 20:13:50
45,캐릭터상품,-2.26,-1.41,0,3,6,0.31585,-3.624472,"7,822.24",324.24,4.32,2026-05-11 20:13:50
229,스마트그리드(지능형전력망),-2.26,-0.02,2,2,16,0.50188,-4.4281216,"7,822.24",324.24,4.32,2026-05-11 20:13:50
482,두나무(Dunamu),-2.27,0.0,2,1,8,0.593077,-4.83209264,"7,822.24",324.24,4.32,2026-05-11 20:13:50
487,건강기능식품,-2.27,-0.67,7,2,35,0.077185,-2.6034392,"7,822.24",324.24,4.32,2026-05-11 20:13:50
517,전후 재건(우크라/중동 전쟁 등),-2.29,0.53,7,0,33,0.423375,-4.1189800000000005,"7,822.24",324.24,4.32,2026-05-11 20:13:50
187,핵융합에너지,-2.3,-0.67,1,0,7,0.717944,-5.401518080000001,"7,822.24",324.24,4.32,2026-05-11 20:13:50
265,모바일게임(스마트폰),-2.3,-1.74,7,1,28,0.384521,-3.96113072,"7,822.24",324.24,4.32,2026-05-11 20:13:50
540,비만치료제,-2.31,-1.47,6,1,29,0.215839,-3.2424244800000004,"7,822.24",324.24,4.32,2026-05-11 20:13:50
385,키오스크(KIOSK),-2.33,-0.13,1,0,9,0.492421,-4.4572587200000005,"7,822.24",324.24,4.32,2026-05-11 20:13:50
397,보톡스(보툴리눔톡신),-2.37,-0.2,2,1,10,0.231463,-3.3699201600000004,"7,822.24",324.24,4.32,2026-05-11 20:13:50
82,태풍 및 장마,-2.39,-2.14,0,0,10,0.262217,-3.52277744,"7,822.24",324.24,4.32,2026-05-11 20:13:50
448,코로나19(치료제/백신 개발 등),-2.39,-0.99,4,1,24,0.265703,-3.5378369600000004,"7,822.24",324.24,4.32,2026-05-11 20:13:50
290,"스포츠행사 수혜(올림픽, 월드컵 등)",-2.43,-0.33,0,1,8,0.139531,-3.0327739200000003,"7,822.24",324.24,4.32,2026-05-11 20:13:50
319,화학섬유,-2.43,-1.33,2,0,4,0.128588,-2.98550016,"7,822.24",324.24,4.32,2026-05-11 20:13:50
377,치매,-2.44,-1.34,7,2,41,0.081769,-2.7932420799999997,"7,822.24",324.24,4.32,2026-05-11 20:13:50
172,제약업체,-2.45,-1.23,9,2,75,0.112189,-2.93465648,"7,822.24",324.24,4.32,2026-05-11 20:13:50
59,광고,-2.48,-0.9,2,1,22,0.196435,-3.3285992,"7,822.24",324.24,4.32,2026-05-11 20:13:50
506,탈모 치료,-2.49,-1.43,4,1,21,0.022729,-2.5881892800000004,"7,822.24",324.24,4.32,2026-05-11 20:13:50
128,엔터테인먼트,-2.51,-1.05,4,1,26,0.048797,-2.72080304,"7,822.24",324.24,4.32,2026-05-11 20:13:50
188,풍력에너지,-2.51,-1.23,4,2,30,0.623109,-5.20183088,"7,822.24",324.24,4.32,2026-05-11 20:13:50
60,육계,-2.52,-0.59,0,1,8,0.179797,-3.2967230400000003,"7,822.24",324.24,4.32,2026-05-11 20:13:50
167,타이어,-2.52,-0.24,0,0,9,0.299876,-3.8154643200000002,"7,822.24",324.24,4.32,2026-05-11 20:13:50
32,패션/의류,-2.54,-0.85,12,5,41,0.140377,-3.14642864,"7,822.24",324.24,4.32,2026-05-11 20:13:50
28,CCTV＆DVR,-2.55,-1.43,1,2,4,0.206311,-3.4412635199999997,"7,822.24",324.24,4.32,2026-05-11 20:13:50
174,치아 치료(임플란트 등),-2.55,-0.97,3,0,11,0.314147,-3.90711504,"7,822.24",324.24,4.32,2026-05-11 20:13:50
324,일자리(취업),-2.58,-1.18,1,0,8,0.33736,-4.037395200000001,"7,822.24",324.24,4.32,2026-05-11 20:13:50
417,아프리카 돼지열병(ASF),-2.58,-0.91,1,4,26,0.219328,-3.52749696,"7,822.24",324.24,4.32,2026-05-11 20:13:50
514,전기차(충전소/충전기),-2.59,-0.23,5,0,21,0.397477,-4.30710064,"7,822.24",324.24,4.32,2026-05-11 20:13:50
592,부동산 보유 자산주,-2.62,-1.28,2,1,19,0.5,-4.78,"7,822.24",324.24,4.32,2026-05-11 20:13:50
579,2차전지(나트륨이온),-2.7,-0.2,3,0,6,0.716009,-5.79315888,"7,822.24",324.24,4.32,2026-05-11 20:13:50
500,폐배터리,-2.72,-1.34,3,0,17,0.624483,-5.4177665600000005,"7,822.24",324.24,4.32,2026-05-11 20:13:50
503,2차전지(LFP/리튬인산철),-2.73,-1.02,1,1,10,0.571104,-5.19716928,"7,822.24",324.24,4.32,2026-05-11 20:13:50
98,음원/음반,-2.75,-1.51,2,0,13,0.026165,-2.8630328,"7,822.24",324.24,4.32,2026-05-11 20:13:50
504,요소수,-2.77,-0.64,0,0,5,0.079321,-3.11266672,"7,822.24",324.24,4.32,2026-05-11 20:13:50
66,줄기세포,-2.79,-0.47,1,2,15,0.343164,-4.272468480000001,"7,822.24",324.24,4.32,2026-05-11 20:13:50
19,황사/미세먼지,-2.8,-0.77,3,1,21,0.184669,-3.59777008,"7,822.24",324.24,4.32,2026-05-11 20:13:50
210,자전거,-2.8,-1.19,0,0,3,0.192109,-3.6299108799999997,"7,822.24",324.24,4.32,2026-05-11 20:13:50
330,페인트,-2.8,-1.39,0,1,7,0.111751,-3.28276432,"7,822.24",324.24,4.32,2026-05-11 20:13:50
398,DMZ 평화공원,-2.8,-0.87,3,2,13,0.302546,-4.10699872,"7,822.24",324.24,4.32,2026-05-11 20:13:50
520,피팅(관이음쇠)/밸브,-2.82,-2.26,1,0,8,0.824895,-6.3835464,"7,822.24",324.24,4.32,2026-05-11 20:13:50
546,마이코플라스마 폐렴,-2.82,0.89,1,1,10,0.145236,-3.44741952,"7,822.24",324.24,4.32,2026-05-11 20:13:50
597,오가노이드,-2.82,0.11,2,0,6,0.5,-4.98,"7,822.24",324.24,4.32,2026-05-11 20:13:50
446,2차전지(소재/부품),-2.83,-0.79,12,1,62,0.598749,-5.41659568,"7,822.24",324.24,4.32,2026-05-11 20:13:50
13,리모델링/인테리어,-2.89,-0.89,1,4,19,0.110766,-3.36850912,"7,822.24",324.24,4.32,2026-05-11 20:13:50
47,카지노,-2.9,0.35,0,0,6,-0.018279,-2.82103472,"7,822.24",324.24,4.32,2026-05-11 20:13:50
204,비료,-2.91,-2.63,0,0,10,0.222217,-3.8699774400000004,"7,822.24",324.24,4.32,2026-05-11 20:13:50
563,낙태/피임,-2.91,-1.28,0,0,4,0.373161,-4.52205552,"7,822.24",324.24,4.32,2026-05-11 20:13:50
497,토스(toss),-2.93,-0.45,1,0,5,0.460279,-4.91840528,"7,822.24",324.24,4.32,2026-05-11 20:13:50
467,모더나(MODERNA),-2.97,-0.25,0,1,5,0.27897,-4.1751504,"7,822.24",324.24,4.32,2026-05-11 20:13:50
232,미디어(방송/신문),-2.99,-1.19,1,0,11,0.135226,-3.5741763200000003,"7,822.24",324.24,4.32,2026-05-11 20:13:50
488,웹툰,-3.0,-1.29,2,1,12,0.504862,-5.181003840000001,"7,822.24",324.24,4.32,2026-05-11 20:13:50
185,정유,-3.02,-2.04,0,0,3,0.656208,-5.85481856,"7,822.24",324.24,4.32,2026-05-11 20:13:50
401,원자력발전소 해체,-3.06,-1.05,2,0,13,0.808677,-6.553484640000001,"7,822.24",324.24,4.32,2026-05-11 20:13:50
205,원자력발전,-3.07,-0.97,2,2,46,0.73439,-6.2425648,"7,822.24",324.24,4.32,2026-05-11 20:13:50
421,日제품 불매운동(수혜),-3.08,-0.74,2,1,17,0.133229,-3.65554928,"7,822.24",324.24,4.32,2026-05-11 20:13:50
325,종합상사,-3.12,0.03,1,0,7,0.346361,-4.61627952,"7,822.24",324.24,4.32,2026-05-11 20:13:50
407,호텔/리조트,-3.17,-0.37,0,2,12,0.070259,-3.47351888,"7,822.24",324.24,4.32,2026-05-11 20:13:50
237,GTX(수도권 광역급행철도),-3.19,-0.58,3,1,20,0.491396,-5.31283072,"7,822.24",324.24,4.32,2026-05-11 20:13:50
537,초전도체,-3.23,-0.81,0,0,15,0.567394,-5.68114208,"7,822.24",324.24,4.32,2026-05-11 20:13:50
124,제대혈,-3.28,-0.84,1,0,4,0.430958,-5.14173856,"7,822.24",324.24,4.32,2026-05-11 20:13:50
285,마스크,-3.29,-1.49,2,0,20,0.185793,-4.09262576,"7,822.24",324.24,4.32,2026-05-11 20:13:50
62,철강 주요종목,-3.33,-0.31,1,0,10,0.210304,-4.23851328,"7,822.24",324.24,4.32,2026-05-11 20:13:50
152,온실가스(탄소배출권)/탄소 포집·활용·저장(CCUS),-3.34,-0.86,1,0,16,0.487755,-5.4471016,"7,822.24",324.24,4.32,2026-05-11 20:13:50
184,수자원(양적/질적 개선),-3.36,-0.76,1,3,23,0.401481,-5.09439792,"7,822.24",324.24,4.32,2026-05-11 20:13:50
524,모듈러주택,-3.36,1.93,1,1,8,0.402032,-5.09677824,"7,822.24",324.24,4.32,2026-05-11 20:13:50
241,바이오시밀러(복제 바이오의약품),-3.37,-1.07,3,0,18,0.177339,-4.13610448,"7,822.24",324.24,4.32,2026-05-11 20:13:50
492,NFT(대체불가토큰),-3.41,-0.68,4,0,16,0.546574,-5.7711996800000005,"7,822.24",324.24,4.32,2026-05-11 20:13:50
105,사료,-3.42,-0.62,0,3,15,0.029914,-3.54922848,"7,822.24",324.24,4.32,2026-05-11 20:13:50
166,항공/저가 항공사(LCC),-3.45,0.5,0,0,9,0.357297,-4.99352304,"7,822.24",324.24,4.32,2026-05-11 20:13:50
468,화이자(PFIZER),-3.45,-0.96,0,0,5,0.235245,-4.4662584,"7,822.24",324.24,4.32,2026-05-11 20:13:50
389,면역항암제,-3.54,-1.11,5,0,31,0.253966,-4.63713312,"7,822.24",324.24,4.32,2026-05-11 20:13:50
213,해저터널(지하화/지하도로 등),-3.62,-1.48,1,0,8,0.550928,-6.000008960000001,"7,822.24",324.24,4.32,2026-05-11 20:13:50
72,철강 중소형,-3.66,-1.5,1,1,34,0.203882,-4.5407702400000005,"7,822.24",324.24,4.32,2026-05-11 20:13:50
313,남-북-러 가스관사업,-3.77,-1.64,0,1,12,0.425606,-5.60861792,"7,822.24",324.24,4.32,2026-05-11 20:13:50
44,시멘트/레미콘,-3.81,-1.08,1,0,14,0.161184,-4.50631488,"7,822.24",324.24,4.32,2026-05-11 20:13:50
322,건설 중소형,-3.93,-0.5,2,0,24,0.336376,-5.38314432,"7,822.24",324.24,4.32,2026-05-11 20:13:50
523,리튬,-4.01,-0.59,2,1,19,0.779965,-7.3794488000000005,"7,822.24",324.24,4.32,2026-05-11 20:13:50
147,여행,-4.02,-0.85,0,0,9,0.063337,-4.293615839999999,"7,822.24",324.24,4.32,2026-05-11 20:13:50
223,강관업체(Steel pipe),-4.41,-0.96,0,0,11,0.433156,-6.28123392,"7,822.24",324.24,4.32,2026-05-11 20:13:50
121,남북경협,-4.52,-0.67,2,0,27,0.350191,-6.03282512,"7,822.24",324.24,4.32,2026-05-11 20:13:50
378,건설기계,-4.74,0.17,0,0,16,0.410589,-6.51374448,"7,822.24",324.24,4.32,2026-05-11 20:13:50
593,귀금속(금/은),-4.85,-1.81,0,0,4,0.5,-7.01,"7,822.24",324.24,4.32,2026-05-11 20:13:50
