timestamp,date,strategy,theme_no,agreement_rate,종목코드,종목명,등락률,비중,선별기준
2026-04-13 15:02:54,20260413,integrated,스페이스X(SpaceX),83.3,373220,LG에너지솔루션,-3.03,1.0,<= -3%
2026-04-13 15:35:43,20260413,integrated,CXL(컴퓨트익스프레스링크),76.9,080580,오킨스전자 *,-3.07,1.0,<= -3%
2026-04-14 14:58:58,20260414,integrated,마이코플라스마 폐렴,100.0,011040,경동제약 *,0.91,0.05263157894736842,전체(동일비중)
2026-04-14 14:58:58,20260414,integrated,마이코플라스마 폐렴,100.0,229000,젠큐릭스 *,0.99,0.05263157894736842,전체(동일비중)
2026-04-14 14:58:58,20260414,integrated,마이코플라스마 폐렴,100.0,253840,수젠텍 *,1.3,0.05263157894736842,전체(동일비중)
2026-04-14 14:58:58,20260414,integrated,마이코플라스마 폐렴,100.0,002720,국제약품,1.36,0.05263157894736842,전체(동일비중)
2026-04-14 14:58:58,20260414,integrated,조선,100.0,023790,동일스틸럭스 *,1.42,0.05263157894736842,전체(동일비중)
2026-04-14 14:58:58,20260414,integrated,조선,100.0,010140,삼성중공업,1.81,0.05263157894736842,전체(동일비중)
2026-04-14 14:58:58,20260414,integrated,마이코플라스마 폐렴,100.0,950130,엑세스바이오 *,2.01,0.05263157894736842,전체(동일비중)
2026-04-14 14:58:58,20260414,integrated,마이코플라스마 폐렴,100.0,009290,광동제약,2.07,0.05263157894736842,전체(동일비중)
2026-04-14 14:58:58,20260414,integrated,마이코플라스마 폐렴,100.0,048530,인트론바이오 *,2.07,0.05263157894736842,전체(동일비중)
2026-04-14 14:58:58,20260414,integrated,조선,100.0,009540,HD한국조선해양,2.12,0.05263157894736842,전체(동일비중)
2026-04-14 14:58:58,20260414,integrated,마이코플라스마 폐렴,100.0,004720,팜젠사이언스,2.39,0.05263157894736842,전체(동일비중)
2026-04-14 14:58:58,20260414,integrated,조선,100.0,329180,HD현대중공업,2.81,0.05263157894736842,전체(동일비중)
2026-04-14 14:58:58,20260414,integrated,조선,100.0,042660,한화오션,3.08,0.05263157894736842,전체(동일비중)
2026-04-14 14:58:58,20260414,integrated,마이코플라스마 폐렴,100.0,180400,DXVX *,3.15,0.05263157894736842,전체(동일비중)
2026-04-14 14:58:58,20260414,integrated,조선,100.0,439260,대한조선,3.79,0.05263157894736842,전체(동일비중)
2026-04-14 14:58:58,20260414,integrated,마이코플라스마 폐렴,100.0,307750,국전약품 *,4.34,0.05263157894736842,전체(동일비중)
2026-04-14 14:58:58,20260414,integrated,마이코플라스마 폐렴,100.0,058110,멕아이씨에스 *,4.55,0.05263157894736842,전체(동일비중)
2026-04-14 14:58:58,20260414,integrated,조선,100.0,097230,HJ중공업,6.92,0.05263157894736842,전체(동일비중)
2026-04-14 14:58:58,20260414,integrated,마이코플라스마 폐렴,100.0,330350,위더스제약 *,7.83,0.05263157894736842,전체(동일비중)
2026-04-15 15:07:01,20260415,integrated,건설 대표주,83.3,000720,현대건설,1.53,0.07142857142857142,전체(동일비중)
2026-04-15 15:07:01,20260415,integrated,전선,100.0,103590,일진전기,2.61,0.07142857142857142,전체(동일비중)
2026-04-15 15:07:01,20260415,integrated,건설 대표주,83.3,375500,DL이앤씨,3.54,0.07142857142857142,전체(동일비중)
2026-04-15 15:07:01,20260415,integrated,건설 대표주,83.3,028260,삼성물산,3.89,0.07142857142857142,전체(동일비중)
2026-04-15 15:07:01,20260415,integrated,건설 대표주,83.3,294870,IPARK현대산업개발,4.44,0.07142857142857142,전체(동일비중)
2026-04-15 15:07:01,20260415,integrated,전선,100.0,060370,LS마린솔루션 *,7.18,0.07142857142857142,전체(동일비중)
2026-04-15 15:07:01,20260415,integrated,건설 대표주,83.3,006360,GS건설,9.61,0.07142857142857142,전체(동일비중)
2026-04-15 15:07:01,20260415,integrated,전선,100.0,229640,LS에코에너지,12.58,0.07142857142857142,전체(동일비중)
2026-04-15 15:07:01,20260415,integrated,전선,100.0,006260,LS,13.76,0.07142857142857142,전체(동일비중)
2026-04-15 15:07:01,20260415,integrated,전선,100.0,024840,KBI메탈 *,16.0,0.07142857142857142,전체(동일비중)
2026-04-15 15:07:01,20260415,integrated,전선,100.0,006340,대원전선,18.51,0.07142857142857142,전체(동일비중)
2026-04-15 15:07:01,20260415,integrated,전선,100.0,000500,가온전선,20.38,0.07142857142857142,전체(동일비중)
2026-04-15 15:07:01,20260415,integrated,건설 대표주,83.3,047040,대우건설,21.7,0.07142857142857142,전체(동일비중)
2026-04-15 15:07:01,20260415,integrated,전선,100.0,001440,대한전선,27.84,0.07142857142857142,전체(동일비중)
2026-04-15 15:36:29,20260415,integrated,건설 대표주,83.3,000720,현대건설,1.36,0.07142857142857142,전체(동일비중)
2026-04-15 15:36:29,20260415,integrated,전선,100.0,103590,일진전기,2.97,0.07142857142857142,전체(동일비중)
2026-04-15 15:36:29,20260415,integrated,건설 대표주,83.3,375500,DL이앤씨,3.54,0.07142857142857142,전체(동일비중)
2026-04-15 15:36:29,20260415,integrated,건설 대표주,83.3,028260,삼성물산,3.89,0.07142857142857142,전체(동일비중)
2026-04-15 15:36:29,20260415,integrated,건설 대표주,83.3,294870,IPARK현대산업개발,4.44,0.07142857142857142,전체(동일비중)
2026-04-15 15:36:29,20260415,integrated,전선,100.0,060370,LS마린솔루션 *,8.21,0.07142857142857142,전체(동일비중)
2026-04-15 15:36:29,20260415,integrated,건설 대표주,83.3,006360,GS건설,9.48,0.07142857142857142,전체(동일비중)
2026-04-15 15:36:29,20260415,integrated,전선,100.0,229640,LS에코에너지,13.71,0.07142857142857142,전체(동일비중)
2026-04-15 15:36:29,20260415,integrated,전선,100.0,006260,LS,13.93,0.07142857142857142,전체(동일비중)
2026-04-15 15:36:29,20260415,integrated,전선,100.0,024840,KBI메탈 *,15.4,0.07142857142857142,전체(동일비중)
2026-04-15 15:36:29,20260415,integrated,전선,100.0,006340,대원전선,18.69,0.07142857142857142,전체(동일비중)
2026-04-15 15:36:29,20260415,integrated,전선,100.0,000500,가온전선,20.75,0.07142857142857142,전체(동일비중)
2026-04-15 15:36:29,20260415,integrated,건설 대표주,83.3,047040,대우건설,21.28,0.07142857142857142,전체(동일비중)
2026-04-15 15:36:29,20260415,integrated,전선,100.0,001440,대한전선,28.3,0.07142857142857142,전체(동일비중)
2026-04-16 15:05:42,20260416,integrated,"주류업(주정, 에탄올 등)",76.9,405920,나라셀라 *,-1.3,1.0,<= -1%
2026-04-16 15:48:40,20260416,integrated,마켓컬리(kurly),80.0,100790,미래에셋벤처투자 *,-2.15,0.5,<= -1%
2026-04-16 15:48:40,20260416,integrated,공작기계,85.7,099440,스맥 *,-1.54,0.5,<= -1%
2026-04-17 15:35:23,20260417,integrated,조선기자재,85.7,100090,SK오션플랜트,-3.55,0.3333333333333333,<= -3%
2026-04-17 15:35:23,20260417,integrated,조선기자재,85.7,044490,태웅 *,-3.52,0.3333333333333333,<= -3%
2026-04-17 15:35:23,20260417,integrated,조선기자재,85.7,355690,에이텀 *,-3.12,0.3333333333333333,<= -3%
2026-04-21 15:40:19,20260421,integrated,건설 대표주,50.0,000720,현대건설,0.34,0.16666666666666666,전체(동일비중)
2026-04-21 15:40:19,20260421,integrated,건설 대표주,50.0,294870,IPARK현대산업개발,0.43,0.16666666666666666,전체(동일비중)
2026-04-21 15:40:19,20260421,integrated,건설 대표주,50.0,028260,삼성물산,1.33,0.16666666666666666,전체(동일비중)
2026-04-21 15:40:19,20260421,integrated,건설 대표주,50.0,375500,DL이앤씨,5.34,0.16666666666666666,전체(동일비중)
2026-04-21 15:40:19,20260421,integrated,건설 대표주,50.0,006360,GS건설,13.27,0.16666666666666666,전체(동일비중)
2026-04-21 15:40:19,20260421,integrated,건설 대표주,50.0,047040,대우건설,16.9,0.16666666666666666,전체(동일비중)
2026-04-22 14:47:13,20260422,integrated,종합상사,75.0,028260,삼성물산,-1.32,1.0,<= -1%
2026-04-22 15:54:20,20260422,integrated,고체산화물 연료전지(SOFC),75.0,059090,미코 *,-6.01,1.0,<= -3%
2026-04-23 14:51:46,20260423,integrated,증강현실(AR),19.0,038680,에스넷 *,-3.01,1.0,<= -3%
2026-04-23 15:37:44,20260423,integrated,원자력발전소 해체,86.7,042370,비츠로테크 *,-1.31,0.5,<= -1%
2026-04-23 15:37:44,20260423,integrated,편의점,80.0,024800,유성티엔에스 *,-1.22,0.5,<= -1%
2026-04-24 10:55:12,20260423,integrated,원자력발전소 해체,86.7,042370,비츠로테크 *,-1.31,1.0,<= -1%
2026-04-24 16:03:24,20260424,integrated,소캠(SOCAMM),81.8,005930,삼성전자,-2.23,1.0,<= -1%
2026-04-30 15:40:33,20260430,integrated,증강현실(AR),61.9,290520,신도기연 *,-6.03,0.3333333333333333,<= -3%
2026-04-30 15:40:33,20260430,integrated,CXL(컴퓨트익스프레스링크),61.5,440110,파두 *,-4.05,0.3333333333333333,<= -3%
2026-04-30 15:40:33,20260430,integrated,증강현실(AR),61.9,054210,이랜텍 *,-3.63,0.3333333333333333,<= -3%
2026-05-04 08:13:41,20260430,integrated,증강현실(AR),61.9,290520,신도기연 *,-6.03,0.3333333333333333,<= -3%
2026-05-04 08:13:41,20260430,integrated,CXL(컴퓨트익스프레스링크),61.5,440110,파두 *,-4.05,0.3333333333333333,<= -3%
2026-05-04 08:13:41,20260430,integrated,증강현실(AR),61.9,054210,이랜텍 *,-3.63,0.3333333333333333,<= -3%
2026-05-05 14:24:17,20260505,integrated,증권,76.2,1510,SK증권,-0.76,0.047619047619047616,전체(동일비중)
2026-05-05 14:24:17,20260505,integrated,증권,76.2,190650,코리아에셋투자증권 *,1.03,0.047619047619047616,전체(동일비중)
2026-05-05 14:24:17,20260505,integrated,증권,76.2,1750,한양증권,1.75,0.047619047619047616,전체(동일비중)
2026-05-05 14:24:17,20260505,integrated,증권,76.2,1290,상상인증권,2.38,0.047619047619047616,전체(동일비중)
2026-05-05 14:24:17,20260505,integrated,증권,76.2,3460,유화증권,2.95,0.047619047619047616,전체(동일비중)
2026-05-05 14:24:17,20260505,integrated,증권,76.2,1270,부국증권,4.66,0.047619047619047616,전체(동일비중)
2026-05-05 14:24:17,20260505,integrated,증권,76.2,30210,다올투자증권,4.76,0.047619047619047616,전체(동일비중)
2026-05-05 14:24:17,20260505,integrated,증권,76.2,1720,신영증권,4.77,0.047619047619047616,전체(동일비중)
2026-05-05 14:24:17,20260505,integrated,증권,76.2,3540,대신증권,5.27,0.047619047619047616,전체(동일비중)
2026-05-05 14:24:17,20260505,integrated,증권,76.2,78020,LS증권 *,5.74,0.047619047619047616,전체(동일비중)
2026-05-05 14:24:17,20260505,integrated,증권,76.2,39490,키움증권,6.16,0.047619047619047616,전체(동일비중)
2026-05-05 14:24:17,20260505,integrated,증권,76.2,1500,현대차증권,6.2,0.047619047619047616,전체(동일비중)
2026-05-05 14:24:17,20260505,integrated,증권,76.2,16610,DB증권,6.22,0.047619047619047616,전체(동일비중)
2026-05-05 14:24:17,20260505,integrated,증권,76.2,1200,유진투자증권,6.98,0.047619047619047616,전체(동일비중)
2026-05-05 14:24:17,20260505,integrated,증권,76.2,30610,교보증권,7.92,0.047619047619047616,전체(동일비중)
2026-05-05 14:24:17,20260505,integrated,증권,76.2,5940,NH투자증권,8.32,0.047619047619047616,전체(동일비중)
2026-05-05 14:24:17,20260505,integrated,증권,76.2,6800,미래에셋증권,8.49,0.047619047619047616,전체(동일비중)
2026-05-05 14:24:17,20260505,integrated,증권,76.2,3530,한화투자증권,9.05,0.047619047619047616,전체(동일비중)
2026-05-05 14:24:17,20260505,integrated,증권,76.2,71050,한국금융지주,9.17,0.047619047619047616,전체(동일비중)
2026-05-05 14:24:17,20260505,integrated,증권,76.2,3470,유안타증권,14.86,0.047619047619047616,전체(동일비중)
2026-05-05 14:24:17,20260505,integrated,증권,76.2,16360,삼성증권,28.28,0.047619047619047616,전체(동일비중)
2026-05-06 15:07:38,20260506,integrated,유리 기판,80.0,420770,기가비스 *,-5.66,1.0,<= -3%
2026-05-06 15:49:07,20260506,integrated,유리 기판,80.0,420770,기가비스 *,-5.57,1.0,<= -3%
2026-05-07 09:09:23,20260506,integrated,유리 기판,80.0,420770,기가비스 *,-5.57,1.0,<= -3%
2026-05-07 14:52:06,20260507,integrated,건설기계,81.2,020400,대동금속 *,-11.44,1.0,<= -3%
2026-05-07 18:17:27,20260507,integrated,건설기계,81.2,020400,대동금속 *,-12.07,1.0,<= -3%
2026-05-08 15:00:44,20260508,integrated,자동차 대표주,71.4,018880,한온시스템,-2.86,0.3333333333333333,<= -1%
2026-05-08 15:00:44,20260508,integrated,자동차 대표주,71.4,003620,KG모빌리티,-2.56,0.3333333333333333,<= -1%
2026-05-08 15:00:44,20260508,integrated,전선,75.0,060370,LS마린솔루션 *,-2.34,0.3333333333333333,<= -1%
2026-05-11 20:19:19,20260511,integrated,2026 상반기 신규상장,4.8,0004V0,엔비알모션 *,-10.02,0.1,<= -3%
2026-05-11 20:19:19,20260511,integrated,2026 상반기 신규상장,4.8,493280,아이엠바이오로직스 *,-9.95,0.1,<= -3%
2026-05-11 20:19:19,20260511,integrated,2026 상반기 신규상장,4.8,0082N0,카나프테라퓨틱스 *,-8.39,0.1,<= -3%
2026-05-11 20:19:19,20260511,integrated,2026 상반기 신규상장,4.8,394420,리센스메디컬 *,-7.09,0.1,<= -3%
2026-05-11 20:19:19,20260511,integrated,2026 상반기 신규상장,4.8,0001A0,덕양에너젠 *,-6.62,0.1,<= -3%
2026-05-11 20:19:19,20260511,integrated,2026 상반기 신규상장,4.8,458350,에스팀 *,-5.89,0.1,<= -3%
2026-05-11 20:19:19,20260511,integrated,2026 상반기 신규상장,4.8,408470,한패스 *,-5.51,0.1,<= -3%
2026-05-11 20:19:19,20260511,integrated,2026 상반기 신규상장,4.8,0011T0,채비 *,-4.31,0.1,<= -3%
2026-05-11 20:19:19,20260511,integrated,2026 상반기 신규상장,4.8,0088M0,메쥬 *,-3.42,0.1,<= -3%
2026-05-11 20:19:19,20260511,integrated,2026 상반기 신규상장,4.8,0011A0,액스비스 *,-3.07,0.1,<= -3%
2026-05-13 09:29:26,20260511,integrated,2026 상반기 신규상장,4.8,0004V0,엔비알모션 *,-10.02,0.1,<= -3%
2026-05-13 09:29:26,20260511,integrated,2026 상반기 신규상장,4.8,493280,아이엠바이오로직스 *,-9.95,0.1,<= -3%
2026-05-13 09:29:26,20260511,integrated,2026 상반기 신규상장,4.8,0082N0,카나프테라퓨틱스 *,-8.39,0.1,<= -3%
2026-05-13 09:29:26,20260511,integrated,2026 상반기 신규상장,4.8,394420,리센스메디컬 *,-7.09,0.1,<= -3%
2026-05-13 09:29:26,20260511,integrated,2026 상반기 신규상장,4.8,0001A0,덕양에너젠 *,-6.62,0.1,<= -3%
2026-05-13 09:29:26,20260511,integrated,2026 상반기 신규상장,4.8,458350,에스팀 *,-5.89,0.1,<= -3%
2026-05-13 09:29:26,20260511,integrated,2026 상반기 신규상장,4.8,408470,한패스 *,-5.51,0.1,<= -3%
2026-05-13 09:29:26,20260511,integrated,2026 상반기 신규상장,4.8,0011T0,채비 *,-4.31,0.1,<= -3%
2026-05-13 09:29:26,20260511,integrated,2026 상반기 신규상장,4.8,0088M0,메쥬 *,-3.42,0.1,<= -3%
2026-05-13 09:29:26,20260511,integrated,2026 상반기 신규상장,4.8,0011A0,액스비스 *,-3.07,0.1,<= -3%
2026-05-14 22:23:11,20260514,integrated,서울고속버스터미널 재개발 수혜,100.0,006040,동원산업,6.66,0.2,전체(동일비중)
2026-05-14 22:23:11,20260514,integrated,서울고속버스터미널 재개발 수혜,100.0,128820,대성산업,7.44,0.2,전체(동일비중)
2026-05-14 22:23:11,20260514,integrated,서울고속버스터미널 재개발 수혜,100.0,004170,신세계,10.88,0.2,전체(동일비중)
2026-05-14 22:23:11,20260514,integrated,서울고속버스터미널 재개발 수혜,100.0,084670,동양고속,29.94,0.2,전체(동일비중)
2026-05-14 22:23:11,20260514,integrated,서울고속버스터미널 재개발 수혜,100.0,000650,천일고속,29.96,0.2,전체(동일비중)
2026-05-18 09:22:36,20260514,integrated,서울고속버스터미널 재개발 수혜,100.0,006040,동원산업,6.66,0.2,전체(동일비중)
2026-05-18 09:22:36,20260514,integrated,서울고속버스터미널 재개발 수혜,100.0,128820,대성산업,7.44,0.2,전체(동일비중)
2026-05-18 09:22:36,20260514,integrated,서울고속버스터미널 재개발 수혜,100.0,004170,신세계,10.88,0.2,전체(동일비중)
2026-05-18 09:22:36,20260514,integrated,서울고속버스터미널 재개발 수혜,100.0,084670,동양고속,29.94,0.2,전체(동일비중)
2026-05-18 09:22:36,20260514,integrated,서울고속버스터미널 재개발 수혜,100.0,000650,천일고속,29.96,0.2,전체(동일비중)
2026-05-19 18:24:32,20260519,integrated,양자암호/양자컴퓨팅,69.2,123010,알엔티엑스 *,-11.37,0.125,<= -3%
2026-05-19 18:24:32,20260519,integrated,항공기부품,73.3,011210,현대위아,-9.89,0.125,<= -3%
2026-05-19 18:24:32,20260519,integrated,항공기부품,73.3,095190,신화프리텍 *,-7.41,0.125,<= -3%
2026-05-19 18:24:32,20260519,integrated,양자암호/양자컴퓨팅,69.2,062970,한국첨단소재 *,-6.69,0.125,<= -3%
2026-05-19 18:24:32,20260519,integrated,항공기부품,73.3,034020,두산에너빌리티,-5.44,0.125,<= -3%
2026-05-19 18:24:32,20260519,integrated,양자암호/양자컴퓨팅,69.2,115440,우리넷 *,-5.09,0.125,<= -3%
2026-05-19 18:24:32,20260519,integrated,항공기부품,73.3,046120,오르비텍 *,-4.9,0.125,<= -3%
2026-05-19 18:24:32,20260519,integrated,양자암호/양자컴퓨팅,69.2,208710,포톤 *,-4.04,0.125,<= -3%
2026-05-20 15:52:16,20260520,integrated,MLCC(적층세라믹콘덴서),60.0,78600,대주전자재료 *,-7.43,0.25,<= -3%
2026-05-20 15:52:16,20260520,integrated,MLCC(적층세라믹콘덴서),60.0,320000,한울반도체 *,-5.69,0.25,<= -3%
2026-05-20 15:52:16,20260520,integrated,MLCC(적층세라믹콘덴서),60.0,5070,코스모신소재,-4.8,0.25,<= -3%
2026-05-20 15:52:16,20260520,integrated,MLCC(적층세라믹콘덴서),60.0,382840,원준 *,-4.01,0.25,<= -3%
2026-05-21 11:37:40,20260520,integrated,MLCC(적층세라믹콘덴서),60.0,78600,대주전자재료 *,-7.43,0.25,<= -3%
2026-05-21 11:37:40,20260520,integrated,MLCC(적층세라믹콘덴서),60.0,320000,한울반도체 *,-5.69,0.25,<= -3%
2026-05-21 11:37:40,20260520,integrated,MLCC(적층세라믹콘덴서),60.0,5070,코스모신소재,-4.8,0.25,<= -3%
2026-05-21 11:37:40,20260520,integrated,MLCC(적층세라믹콘덴서),60.0,382840,원준 *,-4.01,0.25,<= -3%
2026-05-26 18:25:00,20260526,integrated,양자암호/양자컴퓨팅,57.7,123010,알엔티엑스 *,-11.32,0.3333333333333333,<= -3%
2026-05-26 18:25:00,20260526,integrated,양자암호/양자컴퓨팅,57.7,223310,사토시홀딩스 *,-5.32,0.3333333333333333,<= -3%
2026-05-26 18:25:00,20260526,integrated,양자암호/양자컴퓨팅,57.7,172670,에이엘티 *,-5.22,0.3333333333333333,<= -3%
2026-05-28 15:45:43,20260528,integrated,2차전지(생산),100.0,096770,SK이노베이션,1.39,0.3333333333333333,전체(동일비중)
2026-05-28 15:45:43,20260528,integrated,2차전지(생산),100.0,006400,삼성SDI,7.3,0.3333333333333333,전체(동일비중)
2026-05-28 15:45:43,20260528,integrated,2차전지(생산),100.0,373220,LG에너지솔루션,15.25,0.3333333333333333,전체(동일비중)
2026-06-01 11:21:01,20260528,integrated,2차전지(생산),100.0,096770,SK이노베이션,1.39,0.3333333333333333,전체(동일비중)
2026-06-01 11:21:01,20260528,integrated,2차전지(생산),100.0,006400,삼성SDI,7.3,0.3333333333333333,전체(동일비중)
2026-06-01 11:21:01,20260528,integrated,2차전지(생산),100.0,373220,LG에너지솔루션,15.25,0.3333333333333333,전체(동일비중)
2026-06-04 15:51:05,20260604,integrated,서울고속버스터미널 재개발 수혜,100.0,006040,동원산업,-0.87,0.05263157894736842,전체(동일비중)
2026-06-04 15:51:05,20260604,integrated,광통신(광케이블/광섬유 등),100.0,368770,파이버프로 *,0.38,0.05263157894736842,전체(동일비중)
2026-06-04 15:51:05,20260604,integrated,서울고속버스터미널 재개발 수혜,100.0,000650,천일고속,0.69,0.05263157894736842,전체(동일비중)
2026-06-04 15:51:05,20260604,integrated,광통신(광케이블/광섬유 등),100.0,092190,서울바이오시스 *,1.44,0.05263157894736842,전체(동일비중)
2026-06-04 15:51:05,20260604,integrated,광통신(광케이블/광섬유 등),100.0,062970,한국첨단소재 *,2.12,0.05263157894736842,전체(동일비중)
2026-06-04 15:51:05,20260604,integrated,광통신(광케이블/광섬유 등),100.0,006260,LS,2.35,0.05263157894736842,전체(동일비중)
2026-06-04 15:51:05,20260604,integrated,서울고속버스터미널 재개발 수혜,100.0,128820,대성산업,2.42,0.05263157894736842,전체(동일비중)
2026-06-04 15:51:05,20260604,integrated,광통신(광케이블/광섬유 등),100.0,115440,우리넷 *,3.84,0.05263157894736842,전체(동일비중)
2026-06-04 15:51:05,20260604,integrated,광통신(광케이블/광섬유 등),100.0,217590,티엠씨,4.75,0.05263157894736842,전체(동일비중)
2026-06-04 15:51:05,20260604,integrated,광통신(광케이블/광섬유 등),100.0,327260,RF머트리얼즈 *,4.91,0.05263157894736842,전체(동일비중)
2026-06-04 15:51:05,20260604,integrated,광통신(광케이블/광섬유 등),100.0,010170,대한광통신 *,5.18,0.05263157894736842,전체(동일비중)
2026-06-04 15:51:05,20260604,integrated,광통신(광케이블/광섬유 등),100.0,389020,자람테크놀로지 *,5.26,0.05263157894736842,전체(동일비중)
2026-06-04 15:51:05,20260604,integrated,광통신(광케이블/광섬유 등),100.0,100590,머큐리 *,6.32,0.05263157894736842,전체(동일비중)
2026-06-04 15:51:05,20260604,integrated,서울고속버스터미널 재개발 수혜,100.0,084670,동양고속,6.56,0.05263157894736842,전체(동일비중)
2026-06-04 15:51:05,20260604,integrated,광통신(광케이블/광섬유 등),100.0,069540,빛과전자 *,8.14,0.05263157894736842,전체(동일비중)
2026-06-04 15:51:05,20260604,integrated,광통신(광케이블/광섬유 등),100.0,043260,성호전자 *,8.21,0.05263157894736842,전체(동일비중)
2026-06-04 15:51:05,20260604,integrated,광통신(광케이블/광섬유 등),100.0,218410,RFHIC *,10.32,0.05263157894736842,전체(동일비중)
2026-06-04 15:51:05,20260604,integrated,서울고속버스터미널 재개발 수혜,100.0,004170,신세계,15.82,0.05263157894736842,전체(동일비중)
2026-06-04 15:51:05,20260604,integrated,광통신(광케이블/광섬유 등),100.0,388790,라이콤 *,29.89,0.05263157894736842,전체(동일비중)
2026-06-06 14:24:14,20260606,integrated,시멘트/레미콘,60.0,001520,동양,-4.1,1.0,<= -3%
2026-06-08 15:58:51,20260608,integrated,통신,100.0,30200,KT,-0.19,0.3333333333333333,전체(동일비중)
2026-06-08 15:58:51,20260608,integrated,통신,100.0,17670,SK텔레콤,0.28,0.3333333333333333,전체(동일비중)
2026-06-08 15:58:51,20260608,integrated,통신,100.0,32640,LG유플러스,2.61,0.3333333333333333,전체(동일비중)
2026-06-09 12:47:26,20260608,integrated,통신,100.0,30200,KT,-0.19,0.3333333333333333,전체(동일비중)
2026-06-09 12:47:26,20260608,integrated,통신,100.0,17670,SK텔레콤,0.28,0.3333333333333333,전체(동일비중)
2026-06-09 12:47:26,20260608,integrated,통신,100.0,32640,LG유플러스,2.61,0.3333333333333333,전체(동일비중)
2026-06-12 17:21:21,20260612,integrated,원자력발전소 해체,80.0,046120,오르비텍 *,1.43,0.06666666666666667,전체(동일비중)
2026-06-12 17:21:21,20260612,integrated,원자력발전소 해체,80.0,105840,우진,2.96,0.06666666666666667,전체(동일비중)
2026-06-12 17:21:21,20260612,integrated,원자력발전소 해체,80.0,042370,비츠로테크 *,3.31,0.06666666666666667,전체(동일비중)
2026-06-12 17:21:21,20260612,integrated,원자력발전소 해체,80.0,103230,에스앤더블류 *,4.58,0.06666666666666667,전체(동일비중)
2026-06-12 17:21:21,20260612,integrated,원자력발전소 해체,80.0,034020,두산에너빌리티,5.08,0.06666666666666667,전체(동일비중)
2026-06-12 17:21:21,20260612,integrated,원자력발전소 해체,80.0,098070,한텍 *,5.13,0.06666666666666667,전체(동일비중)
2026-06-12 17:21:21,20260612,integrated,원자력발전소 해체,80.0,199430,케이엔알시스템 *,5.17,0.06666666666666667,전체(동일비중)
2026-06-12 17:21:21,20260612,integrated,원자력발전소 해체,80.0,348350,위드텍 *,6.19,0.06666666666666667,전체(동일비중)
2026-06-12 17:21:21,20260612,integrated,원자력발전소 해체,80.0,136150,원일티엔아이 *,6.25,0.06666666666666667,전체(동일비중)
2026-06-12 17:21:21,20260612,integrated,원자력발전소 해체,80.0,096350,대창솔루션 *,9.08,0.06666666666666667,전체(동일비중)
2026-06-12 17:21:21,20260612,integrated,원자력발전소 해체,80.0,000720,현대건설,28.36,0.06666666666666667,전체(동일비중)
2026-06-12 17:21:21,20260612,integrated,원자력발전소 해체,80.0,051600,한전KPS,29.61,0.06666666666666667,전체(동일비중)
2026-06-12 17:21:21,20260612,integrated,원자력발전소 해체,80.0,032820,우리기술 *,29.96,0.06666666666666667,전체(동일비중)
2026-06-12 17:21:21,20260612,integrated,원자력발전소 해체,80.0,052690,한전기술,29.98,0.06666666666666667,전체(동일비중)
2026-06-12 17:21:21,20260612,integrated,원자력발전소 해체,80.0,083650,비에이치아이 *,30.0,0.06666666666666667,전체(동일비중)
2026-06-15 15:53:34,20260615,integrated,낙태/피임,50.0,204840,지엘팜텍 *,0.0,0.25,전체(동일비중)
2026-06-15 15:53:34,20260615,integrated,낙태/피임,50.0,17180,명문제약,1.32,0.25,전체(동일비중)
2026-06-15 15:53:34,20260615,integrated,낙태/피임,50.0,260660,알리코제약 *,9.86,0.25,전체(동일비중)
2026-06-15 15:53:34,20260615,integrated,낙태/피임,50.0,4310,현대약품,29.84,0.25,전체(동일비중)
