timestamp,date,theme_no,weight,agreement_rate,n_themes,n_days_used,filter_total,filter_passed,n_overlap_removed,n_weight_excluded
2026-02-23 15:38:26,20260223,319,0.037037,50.0,27,1,65,65,3,0
2026-02-23 15:38:26,20260223,397,0.037037,84.6,27,1,65,65,3,0
2026-02-23 15:38:26,20260223,38,0.037037,80.0,27,1,65,65,3,0
2026-02-23 15:38:26,20260223,56,0.037037,57.1,27,1,65,65,3,0
2026-02-23 15:38:26,20260223,149,0.037037,66.7,27,1,65,65,3,0
2026-02-23 15:38:26,20260223,563,0.037037,75.0,27,1,65,65,3,0
2026-02-23 15:38:26,20260223,326,0.037037,36.4,27,1,65,65,3,0
2026-02-23 15:38:26,20260223,166,0.037037,77.8,27,1,65,65,3,0
2026-02-23 15:38:26,20260223,447,0.037037,58.5,27,1,65,65,3,0
2026-02-23 15:38:26,20260223,373,0.037037,64.2,27,1,65,65,3,0
2026-02-23 15:38:26,20260223,408,0.037037,80.0,27,1,65,65,3,0
2026-02-23 15:38:26,20260223,45,0.037037,55.6,27,1,65,65,3,0
2026-02-23 15:38:26,20260223,47,0.037037,100.0,27,1,65,65,3,0
2026-02-23 15:38:26,20260223,298,0.037037,50.0,27,1,65,65,3,0
2026-02-23 15:38:26,20260223,147,0.037037,77.8,27,1,65,65,3,0
2026-02-23 15:38:26,20260223,389,0.037037,70.6,27,1,65,65,3,0
2026-02-23 15:38:26,20260223,474,0.037037,61.9,27,1,65,65,3,0
2026-02-23 15:38:26,20260223,113,0.037037,75.8,27,1,65,65,3,0
2026-02-23 15:38:26,20260223,580,0.037037,60.0,27,1,65,65,3,0
2026-02-23 15:38:26,20260223,390,0.037037,63.6,27,1,65,65,3,0
2026-02-23 15:38:26,20260223,557,0.037037,50.0,27,1,65,65,3,0
2026-02-23 15:38:26,20260223,279,0.037037,49.2,27,1,65,65,3,0
2026-02-23 15:38:26,20260223,540,0.037037,72.2,27,1,65,65,3,0
2026-02-23 15:38:26,20260223,376,0.037037,63.4,27,1,65,65,3,0
2026-02-23 15:38:26,20260223,493,0.037037,60.0,27,1,65,65,3,0
2026-02-23 15:38:26,20260223,19,0.037037,56.0,27,1,65,65,3,0
2026-02-23 15:38:26,20260223,543,0.037037,54.8,27,1,65,65,3,0
2026-02-24 15:11:46,20260224,269,0.066667,72.7,15,2,105,60,15,0
2026-02-24 15:11:46,20260224,449,0.066667,100.0,15,2,105,60,15,0
2026-02-24 15:11:46,20260224,536,0.066667,89.3,15,2,105,60,15,0
2026-02-24 15:11:46,20260224,595,0.066667,70.0,15,2,105,60,15,0
2026-02-24 15:11:46,20260224,445,0.066667,62.5,15,2,105,60,15,0
2026-02-24 15:11:46,20260224,242,0.066667,60.0,15,2,105,60,15,0
2026-02-24 15:11:46,20260224,325,0.066667,62.5,15,2,105,60,15,0
2026-02-24 15:11:46,20260224,505,0.066667,58.7,15,2,105,60,15,0
2026-02-24 15:11:46,20260224,545,0.066667,75.0,15,2,105,60,15,0
2026-02-24 15:11:46,20260224,14,0.066667,58.7,15,2,105,60,15,0
2026-02-24 15:11:46,20260224,590,0.066667,75.0,15,2,105,60,15,0
2026-02-24 15:11:46,20260224,446,0.066667,61.0,15,2,105,60,15,0
2026-02-24 15:11:46,20260224,184,0.066667,44.4,15,2,105,60,15,0
2026-02-24 15:11:46,20260224,99,0.066667,37.5,15,2,105,60,15,0
2026-02-24 15:11:46,20260224,352,0.066667,37.9,15,2,105,60,15,0
2026-02-24 15:45:22,20260224,269,0.071429,72.7,14,2,104,60,16,0
2026-02-24 15:45:22,20260224,449,0.071429,100.0,14,2,104,60,16,0
2026-02-24 15:45:22,20260224,536,0.071429,85.7,14,2,104,60,16,0
2026-02-24 15:45:22,20260224,595,0.071429,70.0,14,2,104,60,16,0
2026-02-24 15:45:22,20260224,445,0.071429,62.5,14,2,104,60,16,0
2026-02-24 15:45:22,20260224,545,0.071429,75.0,14,2,104,60,16,0
2026-02-24 15:45:22,20260224,590,0.071429,75.0,14,2,104,60,16,0
2026-02-24 15:45:22,20260224,242,0.071429,80.0,14,2,104,60,16,0
2026-02-24 15:45:22,20260224,505,0.071429,55.6,14,2,104,60,16,0
2026-02-24 15:45:22,20260224,325,0.071429,50.0,14,2,104,60,16,0
2026-02-24 15:45:22,20260224,14,0.071429,55.6,14,2,104,60,16,0
2026-02-24 15:45:22,20260224,184,0.071429,37.0,14,2,104,60,16,0
2026-02-24 15:45:22,20260224,446,0.071429,57.1,14,2,104,60,16,0
2026-02-24 15:45:22,20260224,352,0.071429,37.9,14,2,104,60,16,0
2026-02-25 15:03:08,20260225,319,1.0,100.0,1,3,127,103,6,22
2026-02-25 15:10:37,20260225,319,0.503188,100.0,14,3,131,108,6,10
2026-02-25 15:10:37,20260225,159,0.48753,85.7,14,3,131,108,6,10
2026-02-25 15:10:37,20260225,496,0.003302,53.3,14,3,131,108,6,10
2026-02-25 15:10:37,20260225,62,0.001603,45.5,14,3,131,108,6,10
2026-02-25 15:10:37,20260225,384,0.001119,60.0,14,3,131,108,6,10
2026-02-25 15:10:37,20260225,228,0.000692,27.3,14,3,131,108,6,10
2026-02-25 15:10:37,20260225,188,0.000619,48.6,14,3,131,108,6,10
2026-02-25 15:10:37,20260225,330,0.000445,37.5,14,3,131,108,6,10
2026-02-25 15:10:37,20260225,79,0.000367,28.6,14,3,131,108,6,10
2026-02-25 15:10:37,20260225,376,0.000279,24.4,14,3,131,108,6,10
2026-02-25 15:10:37,20260225,302,0.000266,63.6,14,3,131,108,6,10
2026-02-25 15:10:37,20260225,380,0.000241,50.0,14,3,131,108,6,10
2026-02-25 15:10:37,20260225,581,0.000186,50.0,14,3,131,108,6,10
2026-02-25 15:10:37,20260225,181,0.000163,33.3,14,3,131,108,6,10
2026-02-25 15:49:47,20260225,319,0.751126,83.3,18,3,132,109,5,7
2026-02-25 15:49:47,20260225,159,0.242229,85.7,18,3,132,109,5,7
2026-02-25 15:49:47,20260225,17,0.001134,60.0,18,3,132,109,5,7
2026-02-25 15:49:47,20260225,181,0.001031,33.3,18,3,132,109,5,7
2026-02-25 15:49:47,20260225,112,0.00086,41.7,18,3,132,109,5,7
2026-02-25 15:49:47,20260225,421,0.000662,40.0,18,3,132,109,5,7
2026-02-25 15:49:47,20260225,289,0.000404,33.3,18,3,132,109,5,7
2026-02-25 15:49:47,20260225,496,0.000376,53.3,18,3,132,109,5,7
2026-02-25 15:49:47,20260225,376,0.000339,24.4,18,3,132,109,5,7
2026-02-25 15:49:47,20260225,283,0.000307,40.0,18,3,132,109,5,7
2026-02-25 15:49:47,20260225,188,0.000287,48.6,18,3,132,109,5,7
2026-02-25 15:49:47,20260225,487,0.000248,34.1,18,3,132,109,5,7
2026-02-25 15:49:47,20260225,380,0.00022,50.0,18,3,132,109,5,7
2026-02-25 15:49:47,20260225,316,0.000206,24.0,18,3,132,109,5,7
2026-02-25 15:49:47,20260225,62,0.000183,54.5,18,3,132,109,5,7
2026-02-25 15:49:47,20260225,111,0.00014,35.7,18,3,132,109,5,7
2026-02-25 15:49:47,20260225,228,0.000138,36.4,18,3,132,109,5,7
2026-02-25 15:49:47,20260225,200,0.00011,40.0,18,3,132,109,5,7
2026-02-26 15:01:47,20260226,536,0.434799,62.1,3,4,143,137,7,8
2026-02-26 15:01:47,20260226,467,0.305735,50.0,3,4,143,137,7,8
2026-02-26 15:01:47,20260226,321,0.259466,41.7,3,4,143,137,7,8
2026-02-26 15:14:12,20260226,536,0.461273,58.6,3,4,140,133,4,8
2026-02-26 15:14:12,20260226,467,0.337337,50.0,3,4,140,133,4,8
2026-02-26 15:14:12,20260226,321,0.201389,41.7,3,4,140,133,4,8
2026-02-26 16:32:58,20260226,467,0.563515,50.0,2,4,140,134,4,8
2026-02-26 16:32:58,20260226,536,0.436485,55.2,2,4,140,134,4,8
2026-02-27 15:05:05,20260227,483,0.619915,40.0,15,5,172,167,6,9
2026-02-27 15:05:05,20260227,62,0.371767,100.0,15,5,172,167,6,9
2026-02-27 15:05:05,20260227,452,0.001631,57.1,15,5,172,167,6,9
2026-02-27 15:05:05,20260227,595,0.001561,50.0,15,5,172,167,6,9
2026-02-27 15:05:05,20260227,590,0.001182,25.0,15,5,172,167,6,9
2026-02-27 15:05:05,20260227,329,0.000935,35.7,15,5,172,167,6,9
2026-02-27 15:05:05,20260227,8,0.000588,40.0,15,5,172,167,6,9
2026-02-27 15:05:05,20260227,60,0.000495,66.7,15,5,172,167,6,9
2026-02-27 15:05:05,20260227,398,0.000384,50.0,15,5,172,167,6,9
2026-02-27 15:05:05,20260227,493,0.000382,53.3,15,5,172,167,6,9
2026-02-27 15:05:05,20260227,482,0.000333,63.6,15,5,172,167,6,9
2026-02-27 15:05:05,20260227,63,0.000287,57.1,15,5,172,167,6,9
2026-02-27 15:05:05,20260227,540,0.000268,38.9,15,5,172,167,6,9
2026-02-27 15:05:05,20260227,124,0.000162,100.0,15,5,172,167,6,9
2026-02-27 15:05:05,20260227,180,0.00011,52.9,15,5,172,167,6,9
2026-02-27 15:40:57,20260227,62,0.554691,90.9,19,5,176,171,4,7
2026-02-27 15:40:57,20260227,483,0.43837,40.0,19,5,176,171,4,7
2026-02-27 15:40:57,20260227,584,0.000924,50.0,19,5,176,171,4,7
2026-02-27 15:40:57,20260227,398,0.000777,44.4,19,5,176,171,4,7
2026-02-27 15:40:57,20260227,482,0.000576,63.6,19,5,176,171,4,7
2026-02-27 15:40:57,20260227,329,0.000569,45.2,19,5,176,171,4,7
2026-02-27 15:40:57,20260227,540,0.000536,41.7,19,5,176,171,4,7
2026-02-27 15:40:57,20260227,60,0.000511,66.7,19,5,176,171,4,7
2026-02-27 15:40:57,20260227,595,0.000448,50.0,19,5,176,171,4,7
2026-02-27 15:40:57,20260227,493,0.000423,53.3,19,5,176,171,4,7
2026-02-27 15:40:57,20260227,30,0.000406,85.7,19,5,176,171,4,7
2026-02-27 15:40:57,20260227,559,0.000398,50.0,19,5,176,171,4,7
2026-02-27 15:40:57,20260227,174,0.000307,78.6,19,5,176,171,4,7
2026-02-27 15:40:57,20260227,590,0.000275,75.0,19,5,176,171,4,7
2026-02-27 15:40:57,20260227,376,0.000197,46.3,19,5,176,171,4,7
2026-02-27 15:40:57,20260227,180,0.000183,64.7,19,5,176,171,4,7
2026-02-27 15:40:57,20260227,8,0.00014,50.0,19,5,176,171,4,7
2026-02-27 15:40:57,20260227,63,0.000136,57.1,19,5,176,171,4,7
2026-02-27 15:40:57,20260227,44,0.000133,66.7,19,5,176,171,4,7
2026-03-03 15:44:38,20260303,536,0.612467,59.4,11,6,202,178,12,7
2026-03-03 15:44:38,20260303,36,0.346603,100.0,11,6,202,178,12,7
2026-03-03 15:44:38,20260303,177,0.037569,100.0,11,6,202,178,12,7
2026-03-03 15:44:38,20260303,269,0.000999,54.5,11,6,202,178,12,7
2026-03-03 15:44:38,20260303,580,0.000625,80.0,11,6,202,178,12,7
2026-03-03 15:44:38,20260303,14,0.000577,44.6,11,6,202,178,12,7
2026-03-03 15:44:38,20260303,204,0.000304,66.7,11,6,202,178,12,7
2026-03-03 15:44:38,20260303,323,0.000282,63.6,11,6,202,178,12,7
2026-03-03 15:44:38,20260303,141,0.000278,43.8,11,6,202,178,12,7
2026-03-03 15:44:38,20260303,176,0.00016,77.8,11,6,202,178,12,7
2026-03-03 15:44:38,20260303,568,0.000136,49.5,11,6,202,178,12,7
2026-03-04 16:30:50,20260303,536,0.607028,59.4,8,6,202,194,12,10
2026-03-04 16:30:50,20260303,36,0.391682,100.0,8,6,202,194,12,10
2026-03-04 16:30:50,20260303,580,0.000295,80.0,8,6,202,194,12,10
2026-03-04 16:30:50,20260303,144,0.000229,74.6,8,6,202,194,12,10
2026-03-04 16:30:50,20260303,520,0.000226,100.0,8,6,202,194,12,10
2026-03-04 16:30:50,20260303,204,0.00019,66.7,8,6,202,194,12,10
2026-03-04 16:30:50,20260303,266,0.000183,40.9,8,6,202,194,12,10
2026-03-04 16:30:50,20260303,14,0.000169,44.6,8,6,202,194,12,10
2026-03-05 16:10:14,20260305,536,0.545746,96.9,19,7,260,255,5,6
2026-03-05 16:10:14,20260305,269,0.343252,100.0,19,7,260,255,5,6
2026-03-05 16:10:14,20260305,200,0.102485,91.4,19,7,260,255,5,6
2026-03-05 16:10:14,20260305,326,0.001713,100.0,19,7,260,255,5,6
2026-03-05 16:10:14,20260305,283,0.001323,100.0,19,7,260,255,5,6
2026-03-05 16:10:14,20260305,30,0.001098,100.0,19,7,260,255,5,6
2026-03-05 16:10:14,20260305,543,0.000741,100.0,19,7,260,255,5,6
2026-03-05 16:10:14,20260305,587,0.000622,100.0,19,7,260,255,5,6
2026-03-05 16:10:14,20260305,376,0.000464,97.6,19,7,260,255,5,6
2026-03-05 16:10:14,20260305,448,0.000394,100.0,19,7,260,255,5,6
2026-03-05 16:10:14,20260305,405,0.00034,100.0,19,7,260,255,5,6
2026-03-05 16:10:14,20260305,576,0.000328,100.0,19,7,260,255,5,6
2026-03-05 16:10:14,20260305,540,0.000286,97.2,19,7,260,255,5,6
2026-03-05 16:10:14,20260305,397,0.000274,100.0,19,7,260,255,5,6
2026-03-05 16:10:14,20260305,149,0.000232,100.0,19,7,260,255,5,6
2026-03-05 16:10:14,20260305,298,0.00023,100.0,19,7,260,255,5,6
2026-03-05 16:10:14,20260305,408,0.000195,100.0,19,7,260,255,5,6
2026-03-05 16:10:14,20260305,481,0.000178,90.0,19,7,260,255,5,6
2026-03-05 16:10:14,20260305,493,0.0001,100.0,19,7,260,255,5,6
2026-03-06 16:03:04,20260306,590,1.0,50.0,1,8,261,35,0,2
2026-03-09 15:38:03,20260309,41,1.0,14.3,1,9,261,228,3,2
2026-03-10 15:50:46,20260310,599,0.470789,81.8,11,10,263,251,6,13
2026-03-10 15:50:46,20260310,269,0.379348,54.5,11,10,263,251,6,13
2026-03-10 15:50:46,20260310,92,0.145926,71.1,11,10,263,251,6,13
2026-03-10 15:50:46,20260310,557,0.001001,85.0,11,10,263,251,6,13
2026-03-10 15:50:46,20260310,575,0.000972,100.0,11,10,263,251,6,13
2026-03-10 15:50:46,20260310,452,0.000566,71.4,11,10,263,251,6,13
2026-03-10 15:50:46,20260310,576,0.000402,90.9,11,10,263,251,6,13
2026-03-10 15:50:46,20260310,404,0.000336,79.2,11,10,263,251,6,13
2026-03-10 15:50:46,20260310,319,0.000296,83.3,11,10,263,251,6,13
2026-03-10 15:50:46,20260310,426,0.0002,79.2,11,10,263,251,6,13
2026-03-10 15:50:46,20260310,587,0.000163,82.1,11,10,263,251,6,13
2026-03-12 16:13:58,20260312,580,0.522468,60.0,6,11,263,103,10,14
2026-03-12 16:13:58,20260312,520,0.47661,100.0,6,11,263,103,10,14
2026-03-12 16:13:58,20260312,276,0.000323,75.0,6,11,263,103,10,14
2026-03-12 16:13:58,20260312,589,0.000255,69.7,6,11,263,103,10,14
2026-03-12 16:13:58,20260312,504,0.000206,100.0,6,11,263,103,10,14
2026-03-12 16:13:58,20260312,313,0.000137,92.9,6,11,263,103,10,14
2026-03-13 15:45:46,20260313,556,0.607687,85.7,2,12,263,105,4,15
2026-03-13 15:45:46,20260313,228,0.392313,72.7,2,12,263,105,4,15
2026-03-16 15:23:14,20260316,283,0.86194,40.0,2,13,263,238,2,9
2026-03-16 15:23:14,20260316,590,0.13806,25.0,2,13,263,238,2,9
2026-03-17 15:06:10,20260317,242,0.561364,100.0,13,14,263,238,5,12
2026-03-17 15:06:10,20260317,585,0.262835,83.3,13,14,263,238,5,12
2026-03-17 15:06:10,20260317,269,0.167242,27.3,13,14,263,238,5,12
2026-03-17 15:06:10,20260317,579,0.003545,88.9,13,14,263,238,5,12
2026-03-17 15:06:10,20260317,405,0.003486,90.0,13,14,263,238,5,12
2026-03-17 15:06:10,20260317,106,0.000304,63.2,13,14,263,238,5,12
2026-03-17 15:06:10,20260317,241,0.000256,85.7,13,14,263,238,5,12
2026-03-17 15:06:10,20260317,503,0.000222,50.0,13,14,263,238,5,12
2026-03-17 15:06:10,20260317,408,0.000194,70.0,13,14,263,238,5,12
2026-03-17 15:06:10,20260317,167,0.000143,70.0,13,14,263,238,5,12
2026-03-17 15:06:10,20260317,287,0.000141,46.7,13,14,263,238,5,12
2026-03-17 15:06:10,20260317,505,0.000135,66.7,13,14,263,238,5,12
2026-03-17 15:06:10,20260317,591,0.000131,60.0,13,14,263,238,5,12
2026-03-17 15:47:53,20260317,242,0.721615,100.0,17,14,263,242,6,7
2026-03-17 15:47:53,20260317,585,0.266279,83.3,17,14,263,242,6,7
2026-03-17 15:47:53,20260317,269,0.00374,27.3,17,14,263,242,6,7
2026-03-17 15:47:53,20260317,579,0.001833,88.9,17,14,263,242,6,7
2026-03-17 15:47:53,20260317,452,0.001096,28.6,17,14,263,242,6,7
2026-03-17 15:47:53,20260317,405,0.001003,80.0,17,14,263,242,6,7
2026-03-17 15:47:53,20260317,159,0.000965,85.7,17,14,263,242,6,7
2026-03-17 15:47:53,20260317,559,0.00078,63.6,17,14,263,242,6,7
2026-03-17 15:47:53,20260317,492,0.00069,75.0,17,14,263,242,6,7
2026-03-17 15:47:53,20260317,503,0.000458,50.0,17,14,263,242,6,7
2026-03-17 15:47:53,20260317,514,0.000414,69.2,17,14,263,242,6,7
2026-03-17 15:47:53,20260317,576,0.000333,81.8,17,14,263,242,6,7
2026-03-17 15:47:53,20260317,505,0.000279,65.1,17,14,263,242,6,7
2026-03-17 15:47:53,20260317,546,0.000146,58.3,17,14,263,242,6,7
2026-03-17 15:47:53,20260317,128,0.000134,54.8,17,14,263,242,6,7
2026-03-17 15:47:53,20260317,482,0.000118,54.5,17,14,263,242,6,7
2026-03-17 15:47:53,20260317,86,0.000118,61.5,17,14,263,242,6,7
2026-03-18 15:00:52,20260318,154,0.858092,100.0,8,15,263,229,7,8
2026-03-18 15:00:52,20260318,599,0.140638,90.9,8,15,263,229,7,8
2026-03-18 15:00:52,20260318,504,0.000449,60.0,8,15,263,229,7,8
2026-03-18 15:00:52,20260318,389,0.000237,37.1,8,15,263,229,7,8
2026-03-18 15:00:52,20260318,187,0.000178,50.0,8,15,263,229,7,8
2026-03-18 15:00:52,20260318,511,0.000158,50.0,8,15,263,229,7,8
2026-03-18 15:00:52,20260318,595,0.000139,60.0,8,15,263,229,7,8
2026-03-18 15:00:52,20260318,197,0.000109,80.0,8,15,263,229,7,8
2026-03-18 15:41:27,20260318,154,0.990057,100.0,14,15,263,222,8,8
2026-03-18 15:41:27,20260318,595,0.006324,60.0,14,15,263,222,8,8
2026-03-18 15:41:27,20260318,599,0.000947,90.9,14,15,263,222,8,8
2026-03-18 15:41:27,20260318,493,0.000821,64.3,14,15,263,222,8,8
2026-03-18 15:41:27,20260318,389,0.000347,48.6,14,15,263,222,8,8
2026-03-18 15:41:27,20260318,174,0.000234,28.6,14,15,263,222,8,8
2026-03-18 15:41:27,20260318,52,0.000221,35.7,14,15,263,222,8,8
2026-03-18 15:41:27,20260318,325,0.000197,62.5,14,15,263,222,8,8
2026-03-18 15:41:27,20260318,250,0.000183,36.6,14,15,263,222,8,8
2026-03-18 15:41:27,20260318,504,0.000167,60.0,14,15,263,222,8,8
2026-03-18 15:41:27,20260318,197,0.000142,80.0,14,15,263,222,8,8
2026-03-18 15:41:27,20260318,268,0.000125,75.0,14,15,263,222,8,8
2026-03-18 15:41:27,20260318,543,0.000123,33.3,14,15,263,222,8,8
2026-03-18 15:41:27,20260318,178,0.000112,50.0,14,15,263,222,8,8
2026-03-19 15:06:42,20260319,556,0.618343,85.7,6,16,264,237,9,15
2026-03-19 15:06:42,20260319,8,0.381073,70.0,6,16,264,237,9,15
2026-03-19 15:06:42,20260319,191,0.000196,59.1,6,16,264,237,9,15
2026-03-19 15:06:42,20260319,323,0.000162,72.7,6,16,264,237,9,15
2026-03-19 15:06:42,20260319,228,0.000123,81.8,6,16,264,237,9,15
2026-03-19 15:06:42,20260319,426,0.000103,54.2,6,16,264,237,9,15
2026-03-19 16:08:13,20260319,556,0.683351,85.7,3,16,264,239,10,17
2026-03-19 16:08:13,20260319,8,0.31647,60.0,3,16,264,239,10,17
2026-03-19 16:08:13,20260319,176,0.000179,88.9,3,16,264,239,10,17
2026-03-20 16:02:34,20260320,389,0.542939,69.4,17,17,264,167,4,9
2026-03-20 16:02:34,20260320,524,0.308421,100.0,17,17,264,167,4,9
2026-03-20 16:02:34,20260320,590,0.143077,33.3,17,17,264,167,4,9
2026-03-20 16:02:34,20260320,62,0.001082,90.9,17,17,264,167,4,9
2026-03-20 16:02:34,20260320,166,0.000839,88.9,17,17,264,167,4,9
2026-03-20 16:02:34,20260320,380,0.000517,87.5,17,17,264,167,4,9
2026-03-20 16:02:34,20260320,241,0.000514,85.7,17,17,264,167,4,9
2026-03-20 16:02:34,20260320,111,0.000486,85.7,17,17,264,167,4,9
2026-03-20 16:02:34,20260320,517,0.000415,85.7,17,17,264,167,4,9
2026-03-20 16:02:34,20260320,384,0.000379,100.0,17,17,264,167,4,9
2026-03-20 16:02:34,20260320,141,0.000335,87.5,17,17,264,167,4,9
2026-03-20 16:02:34,20260320,180,0.000273,82.4,17,17,264,167,4,9
2026-03-20 16:02:34,20260320,422,0.000237,65.0,17,17,264,167,4,9
2026-03-20 16:02:34,20260320,272,0.000143,92.3,17,17,264,167,4,9
2026-03-20 16:02:34,20260320,90,0.000114,90.0,17,17,264,167,4,9
2026-03-20 16:02:34,20260320,408,0.000114,100.0,17,17,264,167,4,9
2026-03-20 16:02:34,20260320,250,0.000114,82.9,17,17,264,167,4,9
2026-03-24 15:35:41,20260324,390,1.0,63.6,1,18,264,90,1,12
2026-03-25 15:50:55,20260325,556,0.681155,85.7,6,19,264,85,10,14
2026-03-25 15:50:55,20260325,483,0.307258,100.0,6,19,264,85,10,14
2026-03-25 15:50:55,20260325,590,0.01112,70.0,6,19,264,85,10,14
2026-03-25 15:50:55,20260325,154,0.000198,66.7,6,19,264,85,10,14
2026-03-25 15:50:55,20260325,321,0.000169,75.0,6,19,264,85,10,14
2026-03-25 15:50:55,20260325,28,0.0001,71.4,6,19,264,85,10,14
2026-03-26 15:05:29,20260326,60,0.760426,55.6,2,20,264,177,1,5
2026-03-26 15:05:29,20260326,284,0.239574,77.6,2,20,264,177,1,5
2026-03-27 15:59:58,20260327,119,0.768589,90.0,10,21,264,203,10,10
2026-03-27 15:59:58,20260327,503,0.22962,100.0,10,21,264,203,10,10
2026-03-27 15:59:58,20260327,467,0.000511,100.0,10,21,264,203,10,10
2026-03-27 15:59:58,20260327,448,0.000278,75.0,10,21,264,203,10,10
2026-03-27 15:59:58,20260327,331,0.000255,92.0,10,21,264,203,10,10
2026-03-27 15:59:58,20260327,407,0.000201,92.9,10,21,264,203,10,10
2026-03-27 15:59:58,20260327,155,0.000161,66.7,10,21,264,203,10,10
2026-03-27 15:59:58,20260327,525,0.000153,100.0,10,21,264,203,10,10
2026-03-27 15:59:58,20260327,268,0.000132,100.0,10,21,264,203,10,10
2026-03-27 15:59:58,20260327,426,0.0001,75.0,10,21,264,203,10,10
2026-03-30 15:55:29,20260330,581,0.993841,44.4,16,22,264,228,8,6
2026-03-30 15:55:29,20260330,191,0.001165,57.8,16,22,264,228,8,6
2026-03-30 15:55:29,20260330,534,0.000991,50.0,16,22,264,228,8,6
2026-03-30 15:55:29,20260330,170,0.000654,50.0,16,22,264,228,8,6
2026-03-30 15:55:29,20260330,546,0.000497,41.7,16,22,264,228,8,6
2026-03-30 15:55:29,20260330,511,0.000444,64.3,16,22,264,228,8,6
2026-03-30 15:55:29,20260330,556,0.000421,57.1,16,22,264,228,8,6
2026-03-30 15:55:29,20260330,520,0.00035,55.6,16,22,264,228,8,6
2026-03-30 15:55:29,20260330,82,0.000331,70.0,16,22,264,228,8,6
2026-03-30 15:55:29,20260330,229,0.000325,40.0,16,22,264,228,8,6
2026-03-30 15:55:29,20260330,323,0.00025,63.6,16,22,264,228,8,6
2026-03-30 15:55:29,20260330,400,0.000167,63.6,16,22,264,228,8,6
2026-03-30 15:55:29,20260330,36,0.000153,83.3,16,22,264,228,8,6
2026-03-30 15:55:29,20260330,228,0.00015,63.6,16,22,264,228,8,6
2026-03-30 15:55:29,20260330,223,0.000138,72.7,16,22,264,228,8,6
2026-03-30 15:55:29,20260330,60,0.000121,88.9,16,22,264,228,8,6
2026-03-31 16:20:36,20260331,45,0.63568,33.3,20,23,264,231,5,5
2026-03-31 16:20:36,20260331,30,0.324901,71.4,20,23,264,231,5,5
2026-03-31 16:20:36,20260331,590,0.023661,46.2,20,23,264,231,5,5
2026-03-31 16:20:36,20260331,141,0.003249,43.8,20,23,264,231,5,5
2026-03-31 16:20:36,20260331,31,0.002597,52.2,20,23,264,231,5,5
2026-03-31 16:20:36,20260331,585,0.002228,66.7,20,23,264,231,5,5
2026-03-31 16:20:36,20260331,335,0.001266,42.9,20,23,264,231,5,5
2026-03-31 16:20:36,20260331,593,0.001144,50.0,20,23,264,231,5,5
2026-03-31 16:20:36,20260331,575,0.000757,60.0,20,23,264,231,5,5
2026-03-31 16:20:36,20260331,445,0.000722,50.0,20,23,264,231,5,5
2026-03-31 16:20:36,20260331,181,0.00067,66.7,20,23,264,231,5,5
2026-03-31 16:20:36,20260331,227,0.000547,49.5,20,23,264,231,5,5
2026-03-31 16:20:36,20260331,580,0.000537,80.0,20,23,264,231,5,5
2026-03-31 16:20:36,20260331,94,0.000492,68.6,20,23,264,231,5,5
2026-03-31 16:20:36,20260331,422,0.000412,60.0,20,23,264,231,5,5
2026-03-31 16:20:36,20260331,489,0.000328,54.5,20,23,264,231,5,5
2026-03-31 16:20:36,20260331,582,0.000227,60.0,20,23,264,231,5,5
2026-03-31 16:20:36,20260331,568,0.000204,53.5,20,23,264,231,5,5
2026-03-31 16:20:36,20260331,310,0.000194,47.8,20,23,264,231,5,5
2026-03-31 16:20:36,20260331,496,0.000183,53.3,20,23,264,231,5,5
2026-04-01 15:11:51,20260401,586,0.99476,100.0,11,24,264,234,8,11
2026-04-01 15:11:51,20260401,154,0.002469,83.3,11,24,264,234,8,11
2026-04-01 15:11:51,20260401,229,0.000831,70.0,11,24,264,234,8,11
2026-04-01 15:11:51,20260401,326,0.000577,72.7,11,24,264,234,8,11
2026-04-01 15:11:51,20260401,298,0.000436,87.5,11,24,264,234,8,11
2026-04-01 15:11:51,20260401,543,0.000238,93.3,11,24,264,234,8,11
2026-04-01 15:11:51,20260401,517,0.000174,82.4,11,24,264,234,8,11
2026-04-01 15:11:51,20260401,587,0.000149,92.3,11,24,264,234,8,11
2026-04-01 15:11:51,20260401,597,0.000137,75.0,11,24,264,234,8,11
2026-04-01 15:11:51,20260401,534,0.000118,64.3,11,24,264,234,8,11
2026-04-01 15:11:51,20260401,325,0.00011,100.0,11,24,264,234,8,11
2026-04-02 15:47:02,20260402,581,1.0,77.8,1,25,265,248,7,6
2026-04-03 15:11:50,20260403,586,0.529756,76.9,17,26,265,241,6,7
2026-04-03 15:11:50,20260403,595,0.463392,80.0,17,26,265,241,6,7
2026-04-03 15:11:50,20260403,188,0.001669,88.9,17,26,265,241,6,7
2026-04-03 15:11:50,20260403,524,0.000878,70.0,17,26,265,241,6,7
2026-04-03 15:11:50,20260403,452,0.000812,71.4,17,26,265,241,6,7
2026-04-03 15:11:50,20260403,72,0.000751,88.9,17,26,265,241,6,7
2026-04-03 15:11:50,20260403,229,0.000574,60.0,17,26,265,241,6,7
2026-04-03 15:11:50,20260403,62,0.000555,100.0,17,26,265,241,6,7
2026-04-03 15:11:50,20260403,379,0.000366,78.6,17,26,265,241,6,7
2026-04-03 15:11:50,20260403,390,0.000193,63.6,17,26,265,241,6,7
2026-04-03 15:11:50,20260403,8,0.000185,80.0,17,26,265,241,6,7
2026-04-03 15:11:50,20260403,517,0.000166,88.2,17,26,265,241,6,7
2026-04-03 15:11:50,20260403,105,0.000164,100.0,17,26,265,241,6,7
2026-04-03 15:11:50,20260403,426,0.000162,66.7,17,26,265,241,6,7
2026-04-03 15:11:50,20260403,82,0.000148,90.0,17,26,265,241,6,7
2026-04-03 15:11:50,20260403,325,0.000123,62.5,17,26,265,241,6,7
2026-04-03 15:11:50,20260403,381,0.000105,65.4,17,26,265,241,6,7
2026-04-03 15:42:36,20260403,595,0.526626,80.0,8,26,265,240,6,16
2026-04-03 15:42:36,20260403,586,0.471528,76.9,8,26,265,240,6,16
2026-04-03 15:42:36,20260403,188,0.000771,80.6,8,26,265,240,6,16
2026-04-03 15:42:36,20260403,497,0.000297,66.7,8,26,265,240,6,16
2026-04-03 15:42:36,20260403,205,0.000281,72.5,8,26,265,240,6,16
2026-04-03 15:42:36,20260403,524,0.000248,80.0,8,26,265,240,6,16
2026-04-03 15:42:36,20260403,379,0.000126,71.4,8,26,265,240,6,16
2026-04-03 15:42:36,20260403,325,0.000123,62.5,8,26,265,240,6,16
2026-04-06 15:48:03,20260406,581,1.0,77.8,1,27,265,220,6,17
2026-04-07 16:21:09,20260407,86,0.904324,61.5,3,28,265,251,2,15
2026-04-07 16:21:09,20260407,599,0.084502,63.6,3,28,265,251,2,15
2026-04-07 16:21:09,20260407,234,0.011174,47.4,3,28,265,251,2,15
2026-04-08 15:11:19,20260408,237,0.994963,87.5,11,29,265,241,9,10
2026-04-08 15:11:19,20260408,388,0.001018,85.0,11,29,265,241,9,10
2026-04-08 15:11:19,20260408,524,0.000801,90.0,11,29,265,241,9,10
2026-04-08 15:11:19,20260408,322,0.000741,100.0,11,29,265,241,9,10
2026-04-08 15:11:19,20260408,378,0.00062,93.8,11,29,265,241,9,10
2026-04-08 15:11:19,20260408,593,0.000543,75.0,11,29,265,241,9,10
2026-04-08 15:11:19,20260408,505,0.00031,90.6,11,29,265,241,9,10
2026-04-08 15:11:19,20260408,147,0.000297,100.0,11,29,265,241,9,10
2026-04-08 15:11:19,20260408,330,0.00024,100.0,11,29,265,241,9,10
2026-04-08 15:11:19,20260408,547,0.000234,69.2,11,29,265,241,9,10
2026-04-08 15:11:19,20260408,543,0.000232,83.3,11,29,265,241,9,10
2026-04-08 16:06:36,20260408,237,0.996372,87.5,9,29,265,241,8,13
2026-04-08 16:06:36,20260408,388,0.001687,85.0,9,29,265,241,8,13
2026-04-08 16:06:36,20260408,586,0.000546,53.8,9,29,265,241,8,13
2026-04-08 16:06:36,20260408,576,0.000315,81.8,9,29,265,241,8,13
2026-04-08 16:06:36,20260408,580,0.000302,80.0,9,29,265,241,8,13
2026-04-08 16:06:36,20260408,521,0.000263,87.5,9,29,265,241,8,13
2026-04-08 16:06:36,20260408,593,0.000197,75.0,9,29,265,241,8,13
2026-04-08 16:06:36,20260408,547,0.000195,76.9,9,29,265,241,8,13
2026-04-08 16:06:36,20260408,318,0.000121,100.0,9,29,265,241,8,13
2026-04-09 15:06:01,20260409,185,0.869989,100.0,7,30,265,191,9,14
2026-04-09 15:06:01,20260409,408,0.128733,70.0,7,30,265,191,9,14
2026-04-09 15:06:01,20260409,144,0.00036,53.0,7,30,265,191,9,14
2026-04-09 15:06:01,20260409,36,0.000293,100.0,7,30,265,191,9,14
2026-04-09 15:06:01,20260409,523,0.000252,50.0,7,30,265,191,9,14
2026-04-09 15:06:01,20260409,228,0.000211,81.8,7,30,265,191,9,14
2026-04-09 15:06:01,20260409,422,0.000162,45.0,7,30,265,191,9,14
2026-04-09 15:48:15,20260409,185,0.997928,100.0,7,30,265,177,9,14
2026-04-09 15:48:15,20260409,489,0.000754,54.5,7,30,265,177,9,14
2026-04-09 15:48:15,20260409,523,0.000387,59.1,7,30,265,177,9,14
2026-04-09 15:48:15,20260409,520,0.000367,66.7,7,30,265,177,9,14
2026-04-09 15:48:15,20260409,36,0.000346,100.0,7,30,265,177,9,14
2026-04-09 15:48:15,20260409,310,0.000117,87.0,7,30,265,177,9,14
2026-04-09 15:48:15,20260409,581,0.000101,88.9,7,30,265,177,9,14
2026-04-10 15:23:53,20260410,321,0.99589,100.0,15,31,265,139,7,8
2026-04-10 15:23:53,20260410,41,0.000885,77.8,15,31,265,139,7,8
2026-04-10 15:23:53,20260410,250,0.000454,77.5,15,31,265,139,7,8
2026-04-10 15:23:53,20260410,482,0.000335,72.7,15,31,265,139,7,8
2026-04-10 15:23:53,20260410,397,0.000311,84.6,15,31,265,139,7,8
2026-04-10 15:23:53,20260410,480,0.000299,79.2,15,31,265,139,7,8
2026-04-10 15:23:53,20260410,298,0.000276,93.8,15,31,265,139,7,8
2026-04-10 15:23:53,20260410,330,0.000247,100.0,15,31,265,139,7,8
2026-04-10 15:23:53,20260410,124,0.00024,80.0,15,31,265,139,7,8
2026-04-10 15:23:53,20260410,575,0.000213,100.0,15,31,265,139,7,8
2026-04-10 15:23:53,20260410,497,0.000212,100.0,15,31,265,139,7,8
2026-04-10 15:23:53,20260410,537,0.000178,93.3,15,31,265,139,7,8
2026-04-10 15:23:53,20260410,474,0.000172,76.2,15,31,265,139,7,8
2026-04-10 15:23:53,20260410,426,0.000165,83.3,15,31,265,139,7,8
2026-04-10 15:23:53,20260410,556,0.000123,71.4,15,31,265,139,7,8
2026-04-13 15:02:54,20260413,584,0.911075,83.3,3,32,265,82,3,8
2026-04-13 15:02:54,20260413,547,0.048513,76.9,3,32,265,82,3,8
2026-04-13 15:02:54,20260413,590,0.040412,70.6,3,32,265,82,3,8
2026-04-13 15:35:43,20260413,584,0.941383,83.3,3,32,265,88,3,8
2026-04-13 15:35:43,20260413,590,0.032743,58.8,3,32,265,88,3,8
2026-04-13 15:35:43,20260413,547,0.025874,76.9,3,32,265,88,3,8
2026-04-14 14:58:58,20260414,119,0.614874,85.0,9,33,265,127,10,11
2026-04-14 14:58:58,20260414,599,0.382033,81.8,9,33,265,127,10,11
2026-04-14 14:58:58,20260414,322,0.001324,88.0,9,33,265,127,10,11
2026-04-14 14:58:58,20260414,30,0.00041,100.0,9,33,265,127,10,11
2026-04-14 14:58:58,20260414,546,0.000408,100.0,9,33,265,127,10,11
2026-04-14 14:58:58,20260414,330,0.000338,87.5,9,33,265,127,10,11
2026-04-14 14:58:58,20260414,514,0.000282,64.0,9,33,265,127,10,11
2026-04-14 14:58:58,20260414,283,0.000191,100.0,9,33,265,127,10,11
2026-04-14 14:58:58,20260414,45,0.00014,77.8,9,33,265,127,10,11
2026-04-15 15:07:01,20260415,178,0.841035,100.0,14,34,265,125,7,9
2026-04-15 15:07:01,20260415,154,0.153732,83.3,14,34,265,125,7,9
2026-04-15 15:07:01,20260415,401,0.001363,80.0,14,34,265,125,7,9
2026-04-15 15:07:01,20260415,537,0.000899,66.7,14,34,265,125,7,9
2026-04-15 15:07:01,20260415,504,0.000577,60.0,14,34,265,125,7,9
2026-04-15 15:07:01,20260415,405,0.000468,60.0,14,34,265,125,7,9
2026-04-15 15:07:01,20260415,242,0.000442,80.0,14,34,265,125,7,9
2026-04-15 15:07:01,20260415,335,0.000353,47.6,14,34,265,125,7,9
2026-04-15 15:07:01,20260415,571,0.000275,43.5,14,34,265,125,7,9
2026-04-15 15:07:01,20260415,181,0.000244,66.7,14,34,265,125,7,9
2026-04-15 15:07:01,20260415,513,0.000184,72.2,14,34,265,125,7,9
2026-04-15 15:07:01,20260415,332,0.000172,69.2,14,34,265,125,7,9
2026-04-15 15:07:01,20260415,452,0.000131,28.6,14,34,265,125,7,9
2026-04-15 15:07:01,20260415,285,0.000126,52.2,14,34,265,125,7,9
2026-04-15 15:36:29,20260415,178,0.837822,100.0,3,34,265,118,9,18
2026-04-15 15:36:29,20260415,154,0.161909,83.3,3,34,265,118,9,18
2026-04-15 15:36:29,20260415,415,0.000269,61.5,3,34,265,118,9,18
2026-04-16 15:05:42,20260416,576,0.55997,72.7,14,35,265,117,9,7
2026-04-16 15:05:42,20260416,287,0.435913,71.0,14,35,265,117,9,7
2026-04-16 15:05:42,20260416,408,0.0011,60.0,14,35,265,117,9,7
2026-04-16 15:05:42,20260416,481,0.000732,60.0,14,35,265,117,9,7
2026-04-16 15:05:42,20260416,86,0.000427,76.9,14,35,265,117,9,7
2026-04-16 15:05:42,20260416,227,0.000323,50.5,14,35,265,117,9,7
2026-04-16 15:05:42,20260416,497,0.000321,50.0,14,35,265,117,9,7
2026-04-16 15:05:42,20260416,591,0.000281,60.0,14,35,265,117,9,7
2026-04-16 15:05:42,20260416,105,0.000199,66.7,14,35,265,117,9,7
2026-04-16 15:05:42,20260416,393,0.000189,66.7,14,35,265,117,9,7
2026-04-16 15:05:42,20260416,164,0.000165,62.5,14,35,265,117,9,7
2026-04-16 15:05:42,20260416,421,0.000161,70.0,14,35,265,117,9,7
2026-04-16 15:05:42,20260416,62,0.000117,54.5,14,35,265,117,9,7
2026-04-16 15:05:42,20260416,152,0.000102,47.1,14,35,265,117,9,7
2026-04-16 15:48:40,20260416,576,0.99618,72.7,9,35,265,117,7,14
2026-04-16 15:48:40,20260416,287,0.001705,71.0,9,35,265,117,7,14
2026-04-16 15:48:40,20260416,393,0.000685,64.1,9,35,265,117,7,14
2026-04-16 15:48:40,20260416,45,0.000416,66.7,9,35,265,117,7,14
2026-04-16 15:48:40,20260416,265,0.000256,75.0,9,35,265,117,7,14
2026-04-16 15:48:40,20260416,481,0.00025,80.0,9,35,265,117,7,14
2026-04-16 15:48:40,20260416,381,0.000202,57.7,9,35,265,117,7,14
2026-04-16 15:48:40,20260416,297,0.000189,85.7,9,35,265,117,7,14
2026-04-16 15:48:40,20260416,86,0.00012,76.9,9,35,265,117,7,14
2026-04-17 15:35:23,20260417,584,0.985825,91.7,2,36,265,128,11,17
2026-04-17 15:35:23,20260417,94,0.014175,85.7,2,36,265,128,11,17
2026-04-21 15:40:19,20260421,154,1.0,50.0,1,37,265,207,2,9
2026-04-22 14:47:13,20260422,325,0.363466,75.0,5,38,265,214,10,15
2026-04-22 14:47:13,20260422,119,0.325403,70.0,5,38,265,214,10,15
2026-04-22 14:47:13,20260422,584,0.209025,50.0,5,38,265,214,10,15
2026-04-22 14:47:13,20260422,178,0.101912,50.0,5,38,265,214,10,15
2026-04-22 14:47:13,20260422,580,0.000194,80.0,5,38,265,214,10,15
2026-04-22 15:54:20,20260422,325,0.304478,75.0,5,38,265,212,11,14
2026-04-22 15:54:20,20260422,119,0.276163,80.0,5,38,265,212,11,14
2026-04-22 15:54:20,20260422,584,0.216957,58.3,5,38,265,212,11,14
2026-04-22 15:54:20,20260422,559,0.149312,75.0,5,38,265,212,11,14
2026-04-22 15:54:20,20260422,178,0.05309,62.5,5,38,265,212,11,14
2026-04-23 14:51:46,20260423,590,0.998922,44.4,6,39,265,232,11,13
2026-04-23 14:51:46,20260423,289,0.000373,19.0,6,39,265,232,11,13
2026-04-23 14:51:46,20260423,213,0.000241,44.4,6,39,265,232,11,13
2026-04-23 14:51:46,20260423,185,0.000179,66.7,6,39,265,232,11,13
2026-04-23 14:51:46,20260423,401,0.000164,86.7,6,39,265,232,11,13
2026-04-23 14:51:46,20260423,380,0.00012,37.5,6,39,265,232,11,13
2026-04-23 15:37:44,20260423,185,0.515039,66.7,12,39,265,230,8,9
2026-04-23 15:37:44,20260423,401,0.478198,86.7,12,39,265,230,8,9
2026-04-23 15:37:44,20260423,151,0.004141,33.3,12,39,265,230,8,9
2026-04-23 15:37:44,20260423,154,0.000909,50.0,12,39,265,230,8,9
2026-04-23 15:37:44,20260423,376,0.000393,35.7,12,39,265,230,8,9
2026-04-23 15:37:44,20260423,581,0.000254,37.5,12,39,265,230,8,9
2026-04-23 15:37:44,20260423,213,0.000224,55.6,12,39,265,230,8,9
2026-04-23 15:37:44,20260423,384,0.000207,80.0,12,39,265,230,8,9
2026-04-23 15:37:44,20260423,590,0.000185,33.3,12,39,265,230,8,9
2026-04-23 15:37:44,20260423,389,0.000185,61.1,12,39,265,230,8,9
2026-04-23 15:37:44,20260423,62,0.000141,36.4,12,39,265,230,8,9
2026-04-23 15:37:44,20260423,487,0.000125,36.4,12,39,265,230,8,9
2026-04-24 10:55:12,20260423,401,0.676297,86.7,2,39,265,230,3,5
2026-04-24 10:55:12,20260423,185,0.323703,66.7,2,39,265,230,3,5
2026-04-24 16:03:24,20260424,483,0.820905,100.0,3,40,265,210,3,4
2026-04-24 16:03:24,20260424,556,0.172472,71.4,3,40,265,210,3,4
2026-04-24 16:03:24,20260424,599,0.006623,81.8,3,40,265,210,3,4
2026-04-30 15:40:33,20260430,390,0.54248,54.5,3,43,265,224,4,3
2026-04-30 15:40:33,20260430,547,0.377706,61.5,3,43,265,224,4,3
2026-04-30 15:40:33,20260430,289,0.079815,61.9,3,43,265,224,4,3
2026-05-04 08:13:41,20260430,390,0.54248,54.5,3,43,265,224,4,3
2026-05-04 08:13:41,20260430,547,0.377706,61.5,3,43,265,224,4,3
2026-05-04 08:13:41,20260430,289,0.079815,61.9,3,43,265,224,4,3
2026-05-05 14:24:17,20260505,151,1.0,76.2,1,44,266,239,2,7
2026-05-06 15:07:38,20260506,557,1.0,80.0,1,45,266,255,1,4
2026-05-06 15:49:07,20260506,557,1.0,80.0,1,45,266,255,2,5
2026-05-07 09:09:23,20260506,557,1.0,80.0,1,45,266,255,2,5
2026-05-07 14:52:06,20260507,378,0.715787,81.2,2,46,266,261,2,6
2026-05-07 14:52:06,20260507,154,0.284213,100.0,2,46,266,261,2,6
2026-05-07 18:17:27,20260507,378,0.645869,81.2,2,46,266,261,2,6
2026-05-07 18:17:27,20260507,154,0.354131,100.0,2,46,266,261,2,6
2026-05-08 15:00:44,20260508,159,0.814659,71.4,2,47,266,249,2,6
2026-05-08 15:00:44,20260508,178,0.185341,75.0,2,47,266,249,2,6
2026-05-11 20:19:19,20260511,590,1.0,4.8,1,48,266,252,0,7
2026-05-13 09:29:26,20260511,590,1.0,4.8,1,48,266,252,0,7
2026-05-14 22:23:11,20260514,591,1.0,100.0,1,49,266,252,2,7
2026-05-18 09:22:36,20260514,591,1.0,100.0,1,49,266,252,2,7
2026-05-19 18:24:32,20260519,379,0.62185,73.3,3,50,266,206,1,6
2026-05-19 18:24:32,20260519,426,0.226517,69.2,3,50,266,206,1,6
2026-05-19 18:24:32,20260519,557,0.151633,40.0,3,50,266,206,1,6
2026-05-20 15:52:16,20260520,405,1.0,60.0,1,51,267,256,1,8
2026-05-21 11:37:40,20260520,405,1.0,60.0,1,51,267,256,1,8
2026-05-26 18:25:00,20260526,426,1.0,57.7,1,52,267,255,1,8
2026-05-28 15:45:43,20260528,449,1.0,100.0,1,53,267,258,4,5
2026-06-01 11:21:01,20260528,449,1.0,100.0,1,53,267,258,4,5
