BaseDate,leader,n_up,n_total,n_universe,agreement_total,agreement_universe,year
2005-01-07,CP_G,25,37,50,0.6756756756756757,0.5,2005
2005-01-14,CP_S,30,38,50,0.7894736842105263,0.6,2005
2005-01-21,CP_MOM,21,48,50,0.4375,0.42,2005
2005-01-28,CP_V,28,38,50,0.7368421052631579,0.56,2005
2005-02-04,CP_V,31,38,50,0.8157894736842105,0.62,2005
2005-02-11,CP_V,30,39,50,0.7692307692307693,0.6,2005
2005-02-18,CP_MOM,32,48,50,0.6666666666666666,0.64,2005
2005-02-25,CP_V,31,40,50,0.775,0.62,2005
2005-03-04,CP_MOM,27,46,50,0.5869565217391305,0.54,2005
2005-03-11,CP_LV,25,39,50,0.6410256410256411,0.5,2005
2005-03-18,CP_S,6,37,50,0.16216216216216217,0.12,2005
2005-03-25,CP_MOM,7,45,50,0.15555555555555556,0.14,2005
2005-04-01,CP_V,26,41,50,0.6341463414634146,0.52,2005
2005-04-08,CP_LV,18,39,50,0.46153846153846156,0.36,2005
2005-04-15,CP_G,3,36,50,0.08333333333333333,0.06,2005
2005-04-22,CP_LV,21,38,50,0.5526315789473685,0.42,2005
2005-04-29,CP_MOM,10,46,50,0.21739130434782608,0.2,2005
2005-05-06,CP_S,32,38,50,0.8421052631578947,0.64,2005
2005-05-13,CP_V,8,39,50,0.20512820512820512,0.16,2005
2005-05-20,CP_G,28,36,50,0.7777777777777778,0.56,2005
2005-05-27,CP_G,28,36,50,0.7777777777777778,0.56,2005
2005-06-03,CP_V,21,38,50,0.5526315789473685,0.42,2005
2005-06-10,CP_MOM,33,48,50,0.6875,0.66,2005
2005-06-17,CP_MOM,29,47,50,0.6170212765957447,0.58,2005
2005-06-24,CP_S,19,41,50,0.4634146341463415,0.38,2005
2005-07-01,CP_V,23,37,50,0.6216216216216216,0.46,2005
2005-07-08,CP_MOM,12,47,50,0.2553191489361702,0.24,2005
2005-07-15,CP_LV,24,35,50,0.6857142857142857,0.48,2005
2005-07-22,CP_LV,23,36,50,0.6388888888888888,0.46,2005
2005-07-29,CP_LV,27,36,50,0.75,0.54,2005
2005-08-05,CP_MOM,9,46,50,0.1956521739130435,0.18,2005
2005-08-12,CP_MOM,38,47,50,0.8085106382978723,0.76,2005
2005-08-19,CP_LV,11,37,50,0.2972972972972973,0.22,2005
2005-08-26,CP_G,18,38,50,0.47368421052631576,0.36,2005
2005-09-02,CP_V,28,41,50,0.6829268292682927,0.56,2005
2005-09-09,CP_V,29,40,50,0.725,0.58,2005
2005-09-16,CP_MOM,31,47,50,0.6595744680851063,0.62,2005
2005-09-23,CP_S,30,41,50,0.7317073170731707,0.6,2005
2005-09-30,CP_S,32,38,50,0.8421052631578947,0.64,2005
2005-10-07,CP_S,23,40,50,0.575,0.46,2005
2005-10-14,CP_G,18,37,50,0.4864864864864865,0.36,2005
2005-10-21,CP_V,17,41,50,0.4146341463414634,0.34,2005
2005-10-28,CP_Q,8,42,50,0.19047619047619047,0.16,2005
2005-11-04,CP_MOM,42,47,50,0.8936170212765957,0.84,2005
2005-11-11,CP_MOM,36,48,50,0.75,0.72,2005
2005-11-18,CP_MOM,31,48,50,0.6458333333333334,0.62,2005
2005-11-25,CP_G,27,38,50,0.7105263157894737,0.54,2005
2005-12-02,CP_LV,26,43,50,0.6046511627906976,0.52,2005
2005-12-09,CP_MOM,21,47,50,0.44680851063829785,0.42,2005
2005-12-16,CP_LV,17,44,50,0.38636363636363635,0.34,2005
2005-12-23,CP_MOM,24,46,50,0.5217391304347826,0.48,2005
2005-12-29,CP_S,23,45,50,0.5111111111111111,0.46,2005
2006-01-06,CP_V,22,39,50,0.5641025641025641,0.44,2006
2006-01-13,CP_LV,18,42,50,0.42857142857142855,0.36,2006
2006-01-20,CP_G,5,35,50,0.14285714285714285,0.1,2006
2006-01-27,CP_LV,23,42,50,0.5476190476190477,0.46,2006
2006-02-03,CP_S,7,44,50,0.1590909090909091,0.14,2006
2006-02-10,CP_MOM,26,48,50,0.5416666666666666,0.52,2006
2006-02-17,CP_G,18,35,50,0.5142857142857142,0.36,2006
2006-02-24,CP_LV,28,41,50,0.6829268292682927,0.56,2006
2006-03-03,CP_V,7,38,50,0.18421052631578946,0.14,2006
2006-03-10,CP_LV,20,41,50,0.4878048780487805,0.4,2006
2006-03-17,CP_LV,31,40,50,0.775,0.62,2006
2006-03-24,CP_G,15,39,50,0.38461538461538464,0.3,2006
2006-03-31,CP_G,31,39,50,0.7948717948717948,0.62,2006
2006-04-07,CP_V,28,40,50,0.7,0.56,2006
2006-04-14,CP_MOM,37,48,50,0.7708333333333334,0.74,2006
2006-04-21,CP_LV,21,41,50,0.5121951219512195,0.42,2006
2006-04-28,CP_LV,14,40,50,0.35,0.28,2006
2006-05-04,CP_S,13,44,50,0.29545454545454547,0.26,2006
2006-05-12,CP_LV,19,39,50,0.48717948717948717,0.38,2006
2006-05-19,CP_MOM,1,47,50,0.02127659574468085,0.02,2006
2006-05-26,CP_LV,13,40,50,0.325,0.26,2006
2006-06-02,CP_S,5,43,50,0.11627906976744186,0.1,2006
2006-06-09,CP_MOM,3,48,50,0.0625,0.06,2006
2006-06-16,CP_LV,24,40,50,0.6,0.48,2006
2006-06-23,CP_MOM,13,48,50,0.2708333333333333,0.26,2006
2006-06-30,CP_MOM,43,48,50,0.8958333333333334,0.86,2006
2006-07-07,CP_LV,14,37,50,0.3783783783783784,0.28,2006
2006-07-14,CP_MOM,17,48,50,0.3541666666666667,0.34,2006
2006-07-21,CP_LV,22,39,50,0.5641025641025641,0.44,2006
2006-07-28,CP_G,20,33,50,0.6060606060606061,0.4,2006
2006-08-04,CP_V,14,33,50,0.42424242424242425,0.28,2006
2006-08-11,CP_G,17,34,50,0.5,0.34,2006
2006-08-18,CP_S,21,42,50,0.5,0.42,2006
2006-08-25,CP_G,19,34,50,0.5588235294117647,0.38,2006
2006-09-01,CP_S,35,41,50,0.8536585365853658,0.7,2006
2006-09-08,CP_S,25,41,50,0.6097560975609756,0.5,2006
2006-09-15,CP_LV,18,39,50,0.46153846153846156,0.36,2006
2006-09-22,CP_MOM,22,47,50,0.46808510638297873,0.44,2006
2006-09-29,CP_LV,28,40,50,0.7,0.56,2006
2006-10-04,CP_S,11,42,50,0.2619047619047619,0.22,2006
2006-10-13,CP_MOM,23,47,50,0.48936170212765956,0.46,2006
2006-10-20,CP_LV,27,39,50,0.6923076923076923,0.54,2006
2006-10-27,CP_S,23,42,50,0.5476190476190477,0.46,2006
2006-11-03,CP_Q,34,43,50,0.7906976744186046,0.68,2006
2006-11-10,CP_LV,29,42,50,0.6904761904761905,0.58,2006
2006-11-17,CP_V,22,36,50,0.6111111111111112,0.44,2006
2006-11-24,CP_Q,23,42,50,0.5476190476190477,0.46,2006
2006-12-01,CP_Q,24,42,50,0.5714285714285714,0.48,2006
2006-12-08,CP_LV,12,42,50,0.2857142857142857,0.24,2006
2006-12-15,CP_LV,31,40,50,0.775,0.62,2006
2006-12-22,CP_G,10,34,50,0.29411764705882354,0.2,2006
2006-12-28,CP_V,13,34,50,0.38235294117647056,0.26,2006
2007-01-05,CP_LV,10,40,50,0.25,0.2,2007
2007-01-12,CP_LV,16,39,50,0.41025641025641024,0.32,2007
2007-01-19,CP_LV,17,38,50,0.4473684210526316,0.34,2007
2007-01-26,CP_V,17,31,50,0.5483870967741935,0.34,2007
2007-02-02,CP_G,20,33,50,0.6060606060606061,0.4,2007
2007-02-09,CP_V,20,36,50,0.5555555555555556,0.4,2007
2007-02-16,CP_MOM,30,46,50,0.6521739130434783,0.6,2007
2007-02-23,CP_S,26,38,50,0.6842105263157895,0.52,2007
2007-03-02,CP_G,4,36,50,0.1111111111111111,0.08,2007
2007-03-09,CP_S,21,40,50,0.525,0.42,2007
2007-03-16,CP_MOM,32,48,50,0.6666666666666666,0.64,2007
2007-03-23,CP_G,25,36,50,0.6944444444444444,0.5,2007
2007-03-30,CP_MOM,28,46,50,0.6086956521739131,0.56,2007
2007-04-06,CP_V,21,33,50,0.6363636363636364,0.42,2007
2007-04-13,CP_MOM,30,47,50,0.6382978723404256,0.6,2007
2007-04-20,CP_Q,24,42,50,0.5714285714285714,0.48,2007
2007-04-27,CP_MOM,28,47,50,0.5957446808510638,0.56,2007
2007-05-04,CP_MOM,40,47,50,0.851063829787234,0.8,2007
2007-05-11,CP_V,16,32,50,0.5,0.32,2007
2007-05-18,CP_G,17,36,50,0.4722222222222222,0.34,2007
2007-05-25,CP_MOM,36,47,50,0.7659574468085106,0.72,2007
2007-06-01,CP_S,25,38,50,0.6578947368421053,0.5,2007
2007-06-08,CP_MOM,20,46,50,0.43478260869565216,0.4,2007
2007-06-15,CP_LV,25,39,50,0.6410256410256411,0.5,2007
2007-06-22,CP_G,20,36,50,0.5555555555555556,0.4,2007
2007-06-29,CP_MOM,16,48,50,0.3333333333333333,0.32,2007
2007-07-06,CP_MOM,46,48,50,0.9583333333333334,0.92,2007
2007-07-13,CP_V,23,32,50,0.71875,0.46,2007
2007-07-20,CP_S,20,35,50,0.5714285714285714,0.4,2007
2007-07-27,CP_MOM,10,47,50,0.2127659574468085,0.2,2007
2007-08-03,CP_S,14,34,50,0.4117647058823529,0.28,2007
2007-08-10,CP_LV,8,38,50,0.21052631578947367,0.16,2007
2007-08-17,CP_MOM,0,48,50,0.0,0.0,2007
2007-08-24,CP_MOM,48,48,50,1.0,0.96,2007
2007-08-31,CP_LV,30,39,50,0.7692307692307693,0.6,2007
2007-09-07,CP_MOM,20,48,50,0.4166666666666667,0.4,2007
2007-09-14,CP_MOM,23,47,50,0.48936170212765956,0.46,2007
2007-09-21,CP_Q,27,44,50,0.6136363636363636,0.54,2007
2007-09-28,CP_MOM,28,47,50,0.5957446808510638,0.56,2007
2007-10-05,CP_G,22,36,50,0.6111111111111112,0.44,2007
2007-10-12,CP_LV,15,38,50,0.39473684210526316,0.3,2007
2007-10-19,CP_MOM,15,48,50,0.3125,0.3,2007
2007-10-26,CP_G,24,37,50,0.6486486486486487,0.48,2007
2007-11-02,CP_LV,17,38,50,0.4473684210526316,0.34,2007
2007-11-09,CP_V,10,36,50,0.2777777777777778,0.2,2007
2007-11-16,CP_LV,22,37,50,0.5945945945945946,0.44,2007
2007-11-23,CP_G,3,36,50,0.08333333333333333,0.06,2007
2007-11-30,CP_V,31,35,50,0.8857142857142857,0.62,2007
2007-12-07,CP_LV,22,38,50,0.5789473684210527,0.44,2007
2007-12-14,CP_V,15,34,50,0.4411764705882353,0.3,2007
2007-12-21,CP_S,12,39,50,0.3076923076923077,0.24,2007
2007-12-28,CP_MOM,27,49,50,0.5510204081632653,0.54,2007
2008-01-04,CP_S,12,38,50,0.3157894736842105,0.24,2008
2008-01-11,CP_LV,8,38,50,0.21052631578947367,0.16,2008
2008-01-18,CP_Q,10,44,50,0.22727272727272727,0.2,2008
2008-01-25,CP_Q,16,44,50,0.36363636363636365,0.32,2008
2008-02-01,CP_S,9,38,50,0.23684210526315788,0.18,2008
2008-02-05,CP_G,33,39,50,0.8461538461538461,0.66,2008
2008-02-15,CP_Q,19,44,50,0.4318181818181818,0.38,2008
2008-02-22,CP_V,8,31,50,0.25806451612903225,0.16,2008
2008-02-29,CP_LV,20,38,50,0.5263157894736842,0.4,2008
2008-03-07,CP_LV,7,37,50,0.1891891891891892,0.14,2008
2008-03-14,CP_G,7,35,50,0.2,0.14,2008
2008-03-21,CP_G,23,35,50,0.6571428571428571,0.46,2008
2008-03-28,CP_V,21,31,50,0.6774193548387096,0.42,2008
2008-04-04,CP_LV,23,38,50,0.6052631578947368,0.46,2008
2008-04-11,CP_Q,26,41,50,0.6341463414634146,0.52,2008
2008-04-18,CP_V,23,36,50,0.6388888888888888,0.46,2008
2008-04-25,CP_V,28,36,50,0.7777777777777778,0.56,2008
2008-05-02,CP_S,18,35,50,0.5142857142857142,0.36,2008
2008-05-09,CP_V,19,36,50,0.5277777777777778,0.38,2008
2008-05-16,CP_S,11,34,50,0.3235294117647059,0.22,2008
2008-05-23,CP_S,14,34,50,0.4117647058823529,0.28,2008
2008-05-30,CP_MOM,29,49,50,0.5918367346938775,0.58,2008
2008-06-05,CP_LV,13,38,50,0.34210526315789475,0.26,2008
2008-06-13,CP_S,6,37,50,0.16216216216216217,0.12,2008
2008-06-20,CP_LV,19,37,50,0.5135135135135135,0.38,2008
2008-06-27,CP_LV,13,38,50,0.34210526315789475,0.26,2008
2008-07-04,CP_S,1,36,50,0.027777777777777776,0.02,2008
2008-07-11,CP_Q,12,43,50,0.27906976744186046,0.24,2008
2008-07-18,CP_V,6,31,50,0.1935483870967742,0.12,2008
2008-07-25,CP_MOM,38,48,50,0.7916666666666666,0.76,2008
2008-08-01,CP_G,8,39,50,0.20512820512820512,0.16,2008
2008-08-08,CP_G,22,38,50,0.5789473684210527,0.44,2008
2008-08-14,CP_LV,17,38,50,0.4473684210526316,0.34,2008
2008-08-22,CP_LV,13,38,50,0.34210526315789475,0.26,2008
2008-08-29,CP_G,9,36,50,0.25,0.18,2008
2008-09-05,CP_LV,4,38,50,0.10526315789473684,0.08,2008
2008-09-12,CP_V,34,37,50,0.918918918918919,0.68,2008
2008-09-19,CP_G,14,37,50,0.3783783783783784,0.28,2008
2008-09-26,CP_LV,21,40,50,0.525,0.42,2008
2008-10-02,CP_LV,21,40,50,0.525,0.42,2008
2008-10-10,CP_LV,2,40,50,0.05,0.04,2008
2008-10-17,CP_LV,22,40,50,0.55,0.44,2008
2008-10-24,CP_G,0,36,50,0.0,0.0,2008
2008-10-31,CP_S,31,37,50,0.8378378378378378,0.62,2008
2008-11-07,CP_LV,29,42,50,0.6904761904761905,0.58,2008
2008-11-14,CP_LV,22,42,50,0.5238095238095238,0.44,2008
2008-11-21,CP_V,2,39,50,0.05128205128205128,0.04,2008
2008-11-28,CP_V,35,38,50,0.9210526315789473,0.7,2008
2008-12-05,CP_V,6,37,50,0.16216216216216217,0.12,2008
2008-12-12,CP_S,35,38,50,0.9210526315789473,0.7,2008
2008-12-19,CP_LV,35,43,50,0.813953488372093,0.7,2008
2008-12-26,CP_V,11,37,50,0.2972972972972973,0.22,2008
2009-01-02,CP_S,21,35,50,0.6,0.42,2009
2009-01-09,CP_G,27,39,50,0.6923076923076923,0.54,2009
2009-01-16,CP_Q,17,43,50,0.3953488372093023,0.34,2009
2009-01-23,CP_S,13,36,50,0.3611111111111111,0.26,2009
2009-01-30,CP_V,31,33,50,0.9393939393939394,0.62,2009
2009-02-06,CP_S,29,35,50,0.8285714285714286,0.58,2009
2009-02-13,CP_LV,12,40,50,0.3,0.24,2009
2009-02-20,CP_LV,5,40,50,0.125,0.1,2009
2009-02-27,CP_G,13,39,50,0.3333333333333333,0.26,2009
2009-03-06,CP_V,5,33,50,0.15151515151515152,0.1,2009
2009-03-13,CP_V,32,34,50,0.9411764705882353,0.64,2009
2009-03-20,CP_S,35,35,50,1.0,0.7,2009
2009-03-27,CP_V,30,33,50,0.9090909090909091,0.6,2009
2009-04-03,CP_S,27,35,50,0.7714285714285715,0.54,2009
2009-04-10,CP_V,32,38,50,0.8421052631578947,0.64,2009
2009-04-17,CP_MOM,15,49,50,0.30612244897959184,0.3,2009
2009-04-24,CP_V,16,36,50,0.4444444444444444,0.32,2009
2009-04-30,CP_V,19,35,50,0.5428571428571428,0.38,2009
2009-05-08,CP_MOM,20,46,50,0.43478260869565216,0.4,2009
2009-05-15,CP_MOM,24,46,50,0.5217391304347826,0.48,2009
2009-05-22,CP_G,15,37,50,0.40540540540540543,0.3,2009
2009-05-29,CP_V,3,35,50,0.08571428571428572,0.06,2009
2009-06-05,CP_Q,15,44,50,0.3409090909090909,0.3,2009
2009-06-12,CP_Q,25,44,50,0.5681818181818182,0.5,2009
2009-06-19,CP_LV,16,41,50,0.3902439024390244,0.32,2009
2009-06-26,CP_S,16,37,50,0.43243243243243246,0.32,2009
2009-07-03,CP_LV,28,42,50,0.6666666666666666,0.56,2009
2009-07-10,CP_G,13,37,50,0.35135135135135137,0.26,2009
2009-07-17,CP_V,20,39,50,0.5128205128205128,0.4,2009
2009-07-24,CP_V,32,38,50,0.8421052631578947,0.64,2009
2009-07-31,CP_G,28,37,50,0.7567567567567568,0.56,2009
2009-08-07,CP_S,17,36,50,0.4722222222222222,0.34,2009
2009-08-14,CP_MOM,29,48,50,0.6041666666666666,0.58,2009
2009-08-21,CP_G,8,37,50,0.21621621621621623,0.16,2009
2009-08-28,CP_MOM,28,50,50,0.56,0.56,2009
2009-09-04,CP_LV,20,42,50,0.47619047619047616,0.4,2009
2009-09-11,CP_V,21,37,50,0.5675675675675675,0.42,2009
2009-09-18,CP_LV,24,41,50,0.5853658536585366,0.48,2009
2009-09-25,CP_LV,15,42,50,0.35714285714285715,0.3,2009
2009-10-01,CP_MOM,16,48,50,0.3333333333333333,0.32,2009
2009-10-09,CP_G,25,37,50,0.6756756756756757,0.5,2009
2009-10-16,CP_MOM,20,49,50,0.40816326530612246,0.4,2009
2009-10-23,CP_LV,11,43,50,0.2558139534883721,0.22,2009
2009-10-30,CP_MOM,6,48,50,0.125,0.12,2009
2009-11-06,CP_LV,15,42,50,0.35714285714285715,0.3,2009
2009-11-13,CP_MOM,28,49,50,0.5714285714285714,0.56,2009
2009-11-20,CP_LV,24,42,50,0.5714285714285714,0.48,2009
2009-11-27,CP_G,4,37,50,0.10810810810810811,0.08,2009
2009-12-04,CP_V,35,39,50,0.8974358974358975,0.7,2009
2009-12-11,CP_S,28,39,50,0.717948717948718,0.56,2009
2009-12-18,CP_LV,26,43,50,0.6046511627906976,0.52,2009
2009-12-24,CP_MOM,32,48,50,0.6666666666666666,0.64,2009
2009-12-30,CP_V,16,38,50,0.42105263157894735,0.32,2009
2010-01-08,CP_G,22,39,50,0.5641025641025641,0.44,2010
2010-01-15,CP_LV,11,44,50,0.25,0.22,2010
2010-01-22,CP_LV,14,43,50,0.32558139534883723,0.28,2010
2010-01-29,CP_LV,11,43,50,0.2558139534883721,0.22,2010
2010-02-05,CP_G,14,40,50,0.35,0.28,2010
2010-02-12,CP_V,23,38,50,0.6052631578947368,0.46,2010
2010-02-19,CP_G,18,41,50,0.43902439024390244,0.36,2010
2010-02-26,CP_MOM,30,48,50,0.625,0.6,2010
2010-03-05,CP_S,19,45,50,0.4222222222222222,0.38,2010
2010-03-12,CP_G,29,42,50,0.6904761904761905,0.58,2010
2010-03-19,CP_LV,22,42,50,0.5238095238095238,0.44,2010
2010-03-26,CP_LV,17,43,50,0.3953488372093023,0.34,2010
2010-04-02,CP_S,17,44,50,0.38636363636363635,0.34,2010
2010-04-09,CP_V,19,41,50,0.4634146341463415,0.38,2010
2010-04-16,CP_MOM,18,48,50,0.375,0.36,2010
2010-04-23,CP_MOM,27,48,50,0.5625,0.54,2010
2010-04-30,CP_MOM,33,47,50,0.7021276595744681,0.66,2010
2010-05-07,CP_MOM,11,48,50,0.22916666666666666,0.22,2010
2010-05-14,CP_LV,27,43,50,0.627906976744186,0.54,2010
2010-05-20,CP_G,1,41,50,0.024390243902439025,0.02,2010
2010-05-28,CP_Q,17,45,50,0.37777777777777777,0.34,2010
2010-06-04,CP_V,30,41,50,0.7317073170731707,0.6,2010
2010-06-11,CP_MOM,25,48,50,0.5208333333333334,0.5,2010
2010-06-18,CP_G,21,42,50,0.5,0.42,2010
2010-06-25,CP_S,23,45,50,0.5111111111111111,0.46,2010
2010-07-02,CP_MOM,14,47,50,0.2978723404255319,0.28,2010
2010-07-09,CP_Q,26,46,50,0.5652173913043478,0.52,2010
2010-07-16,CP_LV,31,45,50,0.6888888888888889,0.62,2010
2010-07-23,CP_LV,21,44,50,0.4772727272727273,0.42,2010
2010-07-30,CP_S,24,45,50,0.5333333333333333,0.48,2010
2010-08-06,CP_S,31,46,50,0.6739130434782609,0.62,2010
2010-08-13,CP_MOM,14,47,50,0.2978723404255319,0.28,2010
2010-08-20,CP_Q,31,46,50,0.6739130434782609,0.62,2010
2010-08-27,CP_G,8,41,50,0.1951219512195122,0.16,2010
2010-09-03,CP_MOM,39,47,50,0.8297872340425532,0.78,2010
2010-09-10,CP_V,21,39,50,0.5384615384615384,0.42,2010
2010-09-17,CP_MOM,20,47,50,0.425531914893617,0.4,2010
2010-09-24,CP_V,25,39,50,0.6410256410256411,0.5,2010
2010-10-01,CP_V,33,39,50,0.8461538461538461,0.66,2010
2010-10-08,CP_S,27,46,50,0.5869565217391305,0.54,2010
2010-10-15,CP_MOM,24,50,50,0.48,0.48,2010
2010-10-22,CP_Q,24,44,50,0.5454545454545454,0.48,2010
2010-10-29,CP_LV,21,43,50,0.4883720930232558,0.42,2010
2010-11-05,CP_LV,22,44,50,0.5,0.44,2010
2010-11-12,CP_Q,10,44,50,0.22727272727272727,0.2,2010
2010-11-19,CP_LV,19,43,50,0.4418604651162791,0.38,2010
2010-11-26,CP_MOM,3,45,50,0.06666666666666667,0.06,2010
2010-12-03,CP_G,26,39,50,0.6666666666666666,0.52,2010
2010-12-10,CP_MOM,24,49,50,0.4897959183673469,0.48,2010
2010-12-17,CP_LV,31,44,50,0.7045454545454546,0.62,2010
2010-12-24,CP_G,7,37,50,0.1891891891891892,0.14,2010
2010-12-30,CP_MOM,22,46,50,0.4782608695652174,0.44,2010
2011-01-07,CP_V,25,41,50,0.6097560975609756,0.5,2011
2011-01-14,CP_MOM,28,46,50,0.6086956521739131,0.56,2011
2011-01-21,CP_LV,10,42,50,0.23809523809523808,0.2,2011
2011-01-28,CP_G,27,41,50,0.6585365853658537,0.54,2011
2011-02-01,CP_S,12,45,50,0.26666666666666666,0.24,2011
2011-02-11,CP_Q,9,45,50,0.2,0.18,2011
2011-02-18,CP_S,19,46,50,0.41304347826086957,0.38,2011
2011-02-25,CP_MOM,11,47,50,0.23404255319148937,0.22,2011
2011-03-04,CP_LV,25,43,50,0.5813953488372093,0.5,2011
2011-03-11,CP_G,13,40,50,0.325,0.26,2011
2011-03-18,CP_MOM,19,46,50,0.41304347826086957,0.38,2011
2011-03-25,CP_G,34,40,50,0.85,0.68,2011
2011-04-01,CP_MOM,37,46,50,0.8043478260869565,0.74,2011
2011-04-08,CP_MOM,27,47,50,0.574468085106383,0.54,2011
2011-04-15,CP_MOM,35,46,50,0.7608695652173914,0.7,2011
2011-04-22,CP_LV,26,43,50,0.6046511627906976,0.52,2011
2011-04-29,CP_S,21,46,50,0.45652173913043476,0.42,2011
2011-05-06,CP_G,21,41,50,0.5121951219512195,0.42,2011
2011-05-13,CP_LV,6,44,50,0.13636363636363635,0.12,2011
2011-05-20,CP_MOM,28,48,50,0.5833333333333334,0.56,2011
2011-05-27,CP_LV,10,43,50,0.23255813953488372,0.2,2011
2011-06-03,CP_LV,25,43,50,0.5813953488372093,0.5,2011
2011-06-10,CP_Q,10,44,50,0.22727272727272727,0.2,2011
2011-06-17,CP_S,13,45,50,0.28888888888888886,0.26,2011
2011-06-24,CP_S,31,45,50,0.6888888888888889,0.62,2011
2011-07-01,CP_MOM,33,48,50,0.6875,0.66,2011
2011-07-08,CP_S,32,45,50,0.7111111111111111,0.64,2011
2011-07-15,CP_S,24,46,50,0.5217391304347826,0.48,2011
2011-07-22,CP_S,35,45,50,0.7777777777777778,0.7,2011
2011-07-29,CP_LV,22,45,50,0.4888888888888889,0.44,2011
2011-08-05,CP_S,2,45,50,0.044444444444444446,0.04,2011
2011-08-12,CP_LV,2,43,50,0.046511627906976744,0.04,2011
2011-08-19,CP_V,19,39,50,0.48717948717948717,0.38,2011
2011-08-26,CP_MOM,14,48,50,0.2916666666666667,0.28,2011
2011-09-02,CP_LV,38,44,50,0.8636363636363636,0.76,2011
2011-09-09,CP_V,6,39,50,0.15384615384615385,0.12,2011
2011-09-16,CP_MOM,28,48,50,0.5833333333333334,0.56,2011
2011-09-23,CP_MOM,15,47,50,0.3191489361702128,0.3,2011
2011-09-30,CP_V,18,38,50,0.47368421052631576,0.36,2011
2011-10-07,CP_G,15,42,50,0.35714285714285715,0.3,2011
2011-10-14,CP_G,39,42,50,0.9285714285714286,0.78,2011
2011-10-21,CP_V,16,37,50,0.43243243243243246,0.32,2011
2011-10-28,CP_G,31,44,50,0.7045454545454546,0.62,2011
2011-11-04,CP_S,32,45,50,0.7111111111111111,0.64,2011
2011-11-11,CP_LV,16,46,50,0.34782608695652173,0.32,2011
2011-11-18,CP_LV,23,46,50,0.5,0.46,2011
2011-11-25,CP_V,6,36,50,0.16666666666666666,0.12,2011
2011-12-02,CP_S,33,44,50,0.75,0.66,2011
2011-12-09,CP_LV,23,46,50,0.5,0.46,2011
2011-12-16,CP_S,21,44,50,0.4772727272727273,0.42,2011
2011-12-23,CP_S,23,43,50,0.5348837209302325,0.46,2011
2011-12-29,CP_S,18,44,50,0.4090909090909091,0.36,2011
2012-01-06,CP_V,21,37,50,0.5675675675675675,0.42,2012
2012-01-13,CP_V,27,36,50,0.75,0.54,2012
2012-01-20,CP_LV,29,46,50,0.6304347826086957,0.58,2012
2012-01-27,CP_V,24,36,50,0.6666666666666666,0.48,2012
2012-02-03,CP_S,30,44,50,0.6818181818181818,0.6,2012
2012-02-10,CP_G,23,45,50,0.5111111111111111,0.46,2012
2012-02-17,CP_LV,14,45,50,0.3111111111111111,0.28,2012
2012-02-24,CP_V,17,38,50,0.4473684210526316,0.34,2012
2012-03-02,CP_LV,25,45,50,0.5555555555555556,0.5,2012
2012-03-09,CP_Q,12,46,50,0.2608695652173913,0.24,2012
2012-03-16,CP_LV,28,45,50,0.6222222222222222,0.56,2012
2012-03-23,CP_Q,12,46,50,0.2608695652173913,0.24,2012
2012-03-30,CP_LV,17,44,50,0.38636363636363635,0.34,2012
2012-04-06,CP_S,3,46,50,0.06521739130434782,0.06,2012
2012-04-13,CP_MOM,26,47,50,0.5531914893617021,0.52,2012
2012-04-20,CP_LV,9,45,50,0.2,0.18,2012
2012-04-27,CP_S,7,46,50,0.15217391304347827,0.14,2012
2012-05-04,CP_G,32,45,50,0.7111111111111111,0.64,2012
2012-05-11,CP_LV,18,45,50,0.4,0.36,2012
2012-05-18,CP_G,4,44,50,0.09090909090909091,0.08,2012
2012-05-25,CP_MOM,41,48,50,0.8541666666666666,0.82,2012
2012-06-01,CP_G,32,46,50,0.6956521739130435,0.64,2012
2012-06-08,CP_V,15,43,50,0.3488372093023256,0.3,2012
2012-06-15,CP_S,27,44,50,0.6136363636363636,0.54,2012
2012-06-22,CP_S,37,46,50,0.8043478260869565,0.74,2012
2012-06-29,CP_S,24,45,50,0.5333333333333333,0.48,2012
2012-07-06,CP_V,28,42,50,0.6666666666666666,0.56,2012
2012-07-13,CP_MOM,20,47,50,0.425531914893617,0.4,2012
2012-07-20,CP_LV,29,46,50,0.6304347826086957,0.58,2012
2012-07-27,CP_V,10,42,50,0.23809523809523808,0.2,2012
2012-08-03,CP_V,24,42,50,0.5714285714285714,0.48,2012
2012-08-10,CP_G,33,44,50,0.75,0.66,2012
2012-08-17,CP_MOM,31,46,50,0.6739130434782609,0.62,2012
2012-08-24,CP_Q,27,45,50,0.6,0.54,2012
2012-08-31,CP_LV,19,44,50,0.4318181818181818,0.38,2012
2012-09-07,CP_V,23,42,50,0.5476190476190477,0.46,2012
2012-09-14,CP_MOM,34,48,50,0.7083333333333334,0.68,2012
2012-09-21,CP_Q,33,45,50,0.7333333333333333,0.66,2012
2012-09-28,CP_S,14,47,50,0.2978723404255319,0.28,2012
2012-10-05,CP_MOM,30,48,50,0.625,0.6,2012
2012-10-12,CP_V,9,41,50,0.21951219512195122,0.18,2012
2012-10-19,CP_LV,17,45,50,0.37777777777777777,0.34,2012
2012-10-26,CP_G,8,45,50,0.17777777777777778,0.16,2012
2012-11-02,CP_S,27,46,50,0.5869565217391305,0.54,2012
2012-11-09,CP_LV,21,45,50,0.4666666666666667,0.42,2012
2012-11-16,CP_Q,13,46,50,0.2826086956521739,0.26,2012
2012-11-23,CP_V,29,43,50,0.6744186046511628,0.58,2012
2012-11-30,CP_V,28,43,50,0.6511627906976745,0.56,2012
2012-12-07,CP_V,29,44,50,0.6590909090909091,0.58,2012
2012-12-14,CP_LV,30,45,50,0.6666666666666666,0.6,2012
2012-12-21,CP_G,13,46,50,0.2826086956521739,0.26,2012
2012-12-28,CP_S,33,46,50,0.717391304347826,0.66,2012
2013-01-04,CP_S,29,46,50,0.6304347826086957,0.58,2013
2013-01-11,CP_V,21,45,50,0.4666666666666667,0.42,2013
2013-01-18,CP_V,21,45,50,0.4666666666666667,0.42,2013
2013-01-25,CP_LV,20,47,50,0.425531914893617,0.4,2013
2013-02-01,CP_S,20,47,50,0.425531914893617,0.4,2013
2013-02-08,CP_G,20,46,50,0.43478260869565216,0.4,2013
2013-02-15,CP_G,31,46,50,0.6739130434782609,0.62,2013
2013-02-22,CP_Q,33,46,50,0.717391304347826,0.66,2013
2013-02-28,CP_Q,31,46,50,0.6739130434782609,0.62,2013
2013-03-08,CP_S,22,46,50,0.4782608695652174,0.44,2013
2013-03-15,CP_S,35,46,50,0.7608695652173914,0.7,2013
2013-03-22,CP_S,17,46,50,0.3695652173913043,0.34,2013
2013-03-29,CP_MOM,31,45,50,0.6888888888888889,0.62,2013
2013-04-05,CP_MOM,22,45,50,0.4888888888888889,0.44,2013
2013-04-12,CP_MOM,25,45,50,0.5555555555555556,0.5,2013
2013-04-19,CP_S,26,46,50,0.5652173913043478,0.52,2013
2013-04-26,CP_V,36,43,50,0.8372093023255814,0.72,2013
2013-05-03,CP_V,18,43,50,0.4186046511627907,0.36,2013
2013-05-10,CP_V,30,43,50,0.6976744186046512,0.6,2013
2013-05-16,CP_S,22,47,50,0.46808510638297873,0.44,2013
2013-05-24,CP_V,17,43,50,0.3953488372093023,0.34,2013
2013-05-31,CP_LV,24,47,50,0.5106382978723404,0.48,2013
2013-06-07,CP_LV,8,47,50,0.1702127659574468,0.16,2013
2013-06-14,CP_MOM,28,47,50,0.5957446808510638,0.56,2013
2013-06-21,CP_G,12,45,50,0.26666666666666666,0.24,2013
2013-06-28,CP_Q,24,46,50,0.5217391304347826,0.48,2013
2013-07-05,CP_G,23,45,50,0.5111111111111111,0.46,2013
2013-07-12,CP_S,32,47,50,0.6808510638297872,0.64,2013
2013-07-19,CP_V,29,43,50,0.6744186046511628,0.58,2013
2013-07-26,CP_S,34,46,50,0.7391304347826086,0.68,2013
2013-08-02,CP_S,19,45,50,0.4222222222222222,0.38,2013
2013-08-09,CP_V,7,42,50,0.16666666666666666,0.14,2013
2013-08-16,CP_MOM,17,47,50,0.3617021276595745,0.34,2013
2013-08-23,CP_V,6,42,50,0.14285714285714285,0.12,2013
2013-08-30,CP_V,32,43,50,0.7441860465116279,0.64,2013
2013-09-06,CP_G,32,46,50,0.6956521739130435,0.64,2013
2013-09-13,CP_LV,36,47,50,0.7659574468085106,0.72,2013
2013-09-17,CP_MOM,23,50,50,0.46,0.46,2013
2013-09-27,CP_Q,28,45,50,0.6222222222222222,0.56,2013
2013-10-04,CP_V,11,43,50,0.2558139534883721,0.22,2013
2013-10-11,CP_LV,23,47,50,0.48936170212765956,0.46,2013
2013-10-18,CP_S,17,46,50,0.3695652173913043,0.34,2013
2013-10-25,CP_Q,29,45,50,0.6444444444444445,0.58,2013
2013-11-01,CP_LV,18,47,50,0.3829787234042553,0.36,2013
2013-11-08,CP_S,8,46,50,0.17391304347826086,0.16,2013
2013-11-15,CP_G,18,43,50,0.4186046511627907,0.36,2013
2013-11-22,CP_Q,27,45,50,0.6,0.54,2013
2013-11-29,CP_Q,37,45,50,0.8222222222222222,0.74,2013
2013-12-06,CP_LV,8,47,50,0.1702127659574468,0.16,2013
2013-12-13,CP_V,13,44,50,0.29545454545454547,0.26,2013
2013-12-20,CP_G,21,46,50,0.45652173913043476,0.42,2013
2013-12-27,CP_S,30,47,50,0.6382978723404256,0.6,2013
2014-01-03,CP_S,20,46,50,0.43478260869565216,0.4,2014
2014-01-10,CP_G,30,46,50,0.6521739130434783,0.6,2014
2014-01-17,CP_LV,21,47,50,0.44680851063829785,0.42,2014
2014-01-24,CP_MOM,17,42,50,0.40476190476190477,0.34,2014
2014-01-29,CP_S,21,46,50,0.45652173913043476,0.42,2014
2014-02-07,CP_G,23,47,50,0.48936170212765956,0.46,2014
2014-02-14,CP_S,30,47,50,0.6382978723404256,0.6,2014
2014-02-21,CP_S,31,47,50,0.6595744680851063,0.62,2014
2014-02-28,CP_S,22,46,50,0.4782608695652174,0.44,2014
2014-03-07,CP_S,32,46,50,0.6956521739130435,0.64,2014
2014-03-14,CP_S,24,46,50,0.5217391304347826,0.48,2014
2014-03-21,CP_V,26,44,50,0.5909090909090909,0.52,2014
2014-03-28,CP_S,23,47,50,0.48936170212765956,0.46,2014
2014-04-04,CP_S,30,47,50,0.6382978723404256,0.6,2014
2014-04-11,CP_S,20,46,50,0.43478260869565216,0.4,2014
2014-04-18,CP_Q,22,43,50,0.5116279069767442,0.44,2014
2014-04-25,CP_MOM,9,46,50,0.1956521739130435,0.18,2014
2014-05-02,CP_MOM,35,46,50,0.7608695652173914,0.7,2014
2014-05-09,CP_LV,15,48,50,0.3125,0.3,2014
2014-05-16,CP_MOM,28,46,50,0.6086956521739131,0.56,2014
2014-05-23,CP_MOM,26,46,50,0.5652173913043478,0.52,2014
2014-05-30,CP_LV,16,48,50,0.3333333333333333,0.32,2014
2014-06-05,CP_S,8,45,50,0.17777777777777778,0.16,2014
2014-06-13,CP_MOM,27,46,50,0.5869565217391305,0.54,2014
2014-06-20,CP_S,23,45,50,0.5111111111111111,0.46,2014
2014-06-27,CP_MOM,17,47,50,0.3617021276595745,0.34,2014
2014-07-04,CP_S,37,45,50,0.8222222222222222,0.74,2014
2014-07-11,CP_S,27,46,50,0.5869565217391305,0.54,2014
2014-07-18,CP_LV,31,47,50,0.6595744680851063,0.62,2014
2014-07-25,CP_LV,39,47,50,0.8297872340425532,0.78,2014
2014-08-01,CP_MOM,21,46,50,0.45652173913043476,0.42,2014
2014-08-08,CP_MOM,25,47,50,0.5319148936170213,0.5,2014
2014-08-14,CP_MOM,36,47,50,0.7659574468085106,0.72,2014
2014-08-22,CP_V,16,45,50,0.35555555555555557,0.32,2014
2014-08-29,CP_S,25,46,50,0.5434782608695652,0.5,2014
2014-09-05,CP_LV,19,45,50,0.4222222222222222,0.38,2014
2014-09-12,CP_G,19,45,50,0.4222222222222222,0.38,2014
2014-09-19,CP_MOM,32,45,50,0.7111111111111111,0.64,2014
2014-09-26,CP_MOM,25,46,50,0.5434782608695652,0.5,2014
2014-10-02,CP_LV,10,46,50,0.21739130434782608,0.2,2014
2014-10-10,CP_S,16,46,50,0.34782608695652173,0.32,2014
2014-10-17,CP_MOM,18,45,50,0.4,0.36,2014
2014-10-24,CP_LV,21,46,50,0.45652173913043476,0.42,2014
2014-10-31,CP_V,22,45,50,0.4888888888888889,0.44,2014
2014-11-07,CP_V,14,45,50,0.3111111111111111,0.28,2014
2014-11-14,CP_G,29,44,50,0.6590909090909091,0.58,2014
2014-11-21,CP_MOM,19,44,50,0.4318181818181818,0.38,2014
2014-11-28,CP_S,17,47,50,0.3617021276595745,0.34,2014
2014-12-05,CP_LV,20,45,50,0.4444444444444444,0.4,2014
2014-12-12,CP_LV,5,46,50,0.10869565217391304,0.1,2014
2014-12-19,CP_S,26,47,50,0.5531914893617021,0.52,2014
2014-12-26,CP_MOM,19,46,50,0.41304347826086957,0.38,2014
2015-01-02,CP_G,29,44,50,0.6590909090909091,0.58,2015
2015-01-09,CP_S,27,46,50,0.5869565217391305,0.54,2015
2015-01-16,CP_MOM,17,46,50,0.3695652173913043,0.34,2015
2015-01-23,CP_S,34,48,50,0.7083333333333334,0.68,2015
2015-01-30,CP_S,27,45,50,0.6,0.54,2015
2015-02-06,CP_MOM,22,47,50,0.46808510638297873,0.44,2015
2015-02-13,CP_V,20,44,50,0.45454545454545453,0.4,2015
2015-02-17,CP_S,21,47,50,0.44680851063829785,0.42,2015
2015-02-27,CP_G,30,45,50,0.6666666666666666,0.6,2015
2015-03-06,CP_MOM,17,44,50,0.38636363636363635,0.34,2015
2015-03-13,CP_MOM,26,46,50,0.5652173913043478,0.52,2015
2015-03-20,CP_MOM,30,44,50,0.6818181818181818,0.6,2015
2015-03-27,CP_S,32,48,50,0.6666666666666666,0.64,2015
2015-04-03,CP_MOM,35,46,50,0.7608695652173914,0.7,2015
2015-04-10,CP_LV,17,44,50,0.38636363636363635,0.34,2015
2015-04-17,CP_V,35,44,50,0.7954545454545454,0.7,2015
2015-04-24,CP_S,10,47,50,0.2127659574468085,0.2,2015
2015-04-30,CP_MOM,22,47,50,0.46808510638297873,0.44,2015
2015-05-08,CP_MOM,18,47,50,0.3829787234042553,0.36,2015
2015-05-15,CP_S,23,48,50,0.4791666666666667,0.46,2015
2015-05-22,CP_G,24,44,50,0.5454545454545454,0.48,2015
2015-05-29,CP_MOM,18,47,50,0.3829787234042553,0.36,2015
2015-06-05,CP_MOM,25,47,50,0.5319148936170213,0.5,2015
2015-06-12,CP_MOM,32,46,50,0.6956521739130435,0.64,2015
2015-06-19,CP_MOM,33,45,50,0.7333333333333333,0.66,2015
2015-06-26,CP_MOM,30,45,50,0.6666666666666666,0.6,2015
2015-07-03,CP_V,15,46,50,0.32608695652173914,0.3,2015
2015-07-10,CP_MOM,6,46,50,0.13043478260869565,0.12,2015
2015-07-17,CP_LV,28,45,50,0.6222222222222222,0.56,2015
2015-07-24,CP_LV,10,45,50,0.2222222222222222,0.2,2015
2015-07-31,CP_MOM,5,47,50,0.10638297872340426,0.1,2015
2015-08-07,CP_LV,18,46,50,0.391304347826087,0.36,2015
2015-08-13,CP_LV,20,46,50,0.43478260869565216,0.4,2015
2015-08-21,CP_G,0,43,50,0.0,0.0,2015
2015-08-28,CP_V,40,47,50,0.851063829787234,0.8,2015
2015-09-04,CP_V,11,47,50,0.23404255319148937,0.22,2015
2015-09-11,CP_G,33,45,50,0.7333333333333333,0.66,2015
2015-09-18,CP_LV,29,47,50,0.6170212765957447,0.58,2015
2015-09-25,CP_S,15,48,50,0.3125,0.3,2015
2015-10-02,CP_V,27,48,50,0.5625,0.54,2015
2015-10-08,CP_S,28,49,50,0.5714285714285714,0.56,2015
2015-10-16,CP_Q,29,48,50,0.6041666666666666,0.58,2015
2015-10-23,CP_G,6,46,50,0.13043478260869565,0.12,2015
2015-10-30,CP_MOM,21,44,50,0.4772727272727273,0.42,2015
2015-11-06,CP_MOM,23,44,50,0.5227272727272727,0.46,2015
2015-11-13,CP_G,6,46,50,0.13043478260869565,0.12,2015
2015-11-20,CP_G,30,46,50,0.6521739130434783,0.6,2015
2015-11-27,CP_MOM,34,48,50,0.7083333333333334,0.68,2015
2015-12-04,CP_LV,7,46,50,0.15217391304347827,0.14,2015
2015-12-11,CP_S,12,49,50,0.24489795918367346,0.24,2015
2015-12-18,CP_V,25,45,50,0.5555555555555556,0.5,2015
2015-12-24,CP_G,13,45,50,0.28888888888888886,0.26,2015
2015-12-30,CP_MOM,28,47,50,0.5957446808510638,0.56,2015
2016-01-08,CP_Q,18,47,50,0.3829787234042553,0.36,2016
2016-01-15,CP_MOM,17,47,50,0.3617021276595745,0.34,2016
2016-01-22,CP_V,15,46,50,0.32608695652173914,0.3,2016
2016-01-29,CP_LV,35,46,50,0.7608695652173914,0.7,2016
2016-02-05,CP_V,29,45,50,0.6444444444444445,0.58,2016
2016-02-12,CP_S,0,48,50,0.0,0.0,2016
2016-02-19,CP_S,45,48,50,0.9375,0.9,2016
2016-02-26,CP_V,23,45,50,0.5111111111111111,0.46,2016
2016-03-04,CP_S,38,47,50,0.8085106382978723,0.76,2016
2016-03-11,CP_V,33,45,50,0.7333333333333333,0.66,2016
2016-03-18,CP_LV,28,45,50,0.6222222222222222,0.56,2016
2016-03-25,CP_MOM,19,49,50,0.3877551020408163,0.38,2016
2016-04-01,CP_V,28,46,50,0.6086956521739131,0.56,2016
2016-04-08,CP_V,23,46,50,0.5,0.46,2016
2016-04-15,CP_S,31,49,50,0.6326530612244898,0.62,2016
2016-04-22,CP_LV,26,45,50,0.5777777777777777,0.52,2016
2016-04-29,CP_Q,21,44,50,0.4772727272727273,0.42,2016
2016-05-04,CP_MOM,7,48,50,0.14583333333333334,0.14,2016
2016-05-13,CP_MOM,30,48,50,0.625,0.6,2016
2016-05-20,CP_V,7,46,50,0.15217391304347827,0.14,2016
2016-05-27,CP_G,21,44,50,0.4772727272727273,0.42,2016
2016-06-03,CP_V,22,46,50,0.4782608695652174,0.44,2016
2016-06-10,CP_MOM,27,48,50,0.5625,0.54,2016
2016-06-17,CP_LV,6,44,50,0.13636363636363635,0.12,2016
2016-06-24,CP_S,9,48,50,0.1875,0.18,2016
2016-07-01,CP_S,45,47,50,0.9574468085106383,0.9,2016
2016-07-08,CP_V,12,45,50,0.26666666666666666,0.24,2016
2016-07-15,CP_V,39,45,50,0.8666666666666667,0.78,2016
2016-07-22,CP_V,23,45,50,0.5111111111111111,0.46,2016
2016-07-29,CP_LV,28,45,50,0.6222222222222222,0.56,2016
2016-08-05,CP_G,11,45,50,0.24444444444444444,0.22,2016
2016-08-12,CP_MOM,28,46,50,0.6086956521739131,0.56,2016
2016-08-19,CP_LV,8,46,50,0.17391304347826086,0.16,2016
2016-08-26,CP_V,22,44,50,0.5,0.44,2016
2016-09-02,CP_V,21,44,50,0.4772727272727273,0.42,2016
2016-09-09,CP_G,9,45,50,0.2,0.18,2016
2016-09-13,CP_G,8,45,50,0.17777777777777778,0.16,2016
2016-09-23,CP_V,38,44,50,0.8636363636363636,0.76,2016
2016-09-30,CP_LV,16,45,50,0.35555555555555557,0.32,2016
2016-10-07,CP_V,17,45,50,0.37777777777777777,0.34,2016
2016-10-14,CP_V,31,45,50,0.6888888888888889,0.62,2016
2016-10-21,CP_LV,27,45,50,0.6,0.54,2016
2016-10-28,CP_S,19,47,50,0.40425531914893614,0.38,2016
2016-11-04,CP_V,12,45,50,0.26666666666666666,0.24,2016
2016-11-11,CP_LV,27,45,50,0.6,0.54,2016
2016-11-18,CP_LV,27,45,50,0.6,0.54,2016
2016-11-25,CP_LV,13,45,50,0.28888888888888886,0.26,2016
2016-12-02,CP_S,13,47,50,0.2765957446808511,0.26,2016
2016-12-09,CP_S,23,47,50,0.48936170212765956,0.46,2016
2016-12-16,CP_V,34,45,50,0.7555555555555555,0.68,2016
2016-12-23,CP_G,19,47,50,0.40425531914893614,0.38,2016
2016-12-29,CP_S,27,46,50,0.5869565217391305,0.54,2016
2017-01-06,CP_LV,22,45,50,0.4888888888888889,0.44,2017
2017-01-13,CP_LV,21,45,50,0.4666666666666667,0.42,2017
2017-01-20,CP_G,10,47,50,0.2127659574468085,0.2,2017
2017-01-26,CP_LV,10,45,50,0.2222222222222222,0.2,2017
2017-02-03,CP_V,19,46,50,0.41304347826086957,0.38,2017
2017-02-10,CP_S,30,46,50,0.6521739130434783,0.6,2017
2017-02-17,CP_LV,24,46,50,0.5217391304347826,0.48,2017
2017-02-24,CP_MOM,19,47,50,0.40425531914893614,0.38,2017
2017-03-03,CP_S,9,45,50,0.2,0.18,2017
2017-03-10,CP_V,18,45,50,0.4,0.36,2017
2017-03-17,CP_LV,25,47,50,0.5319148936170213,0.5,2017
2017-03-24,CP_S,16,45,50,0.35555555555555557,0.32,2017
2017-03-31,CP_Q,30,48,50,0.625,0.6,2017
2017-04-07,CP_Q,30,47,50,0.6382978723404256,0.6,2017
2017-04-14,CP_LV,14,45,50,0.3111111111111111,0.28,2017
2017-04-21,CP_V,30,44,50,0.6818181818181818,0.6,2017
2017-04-28,CP_G,21,48,50,0.4375,0.42,2017
2017-05-04,CP_LV,28,44,50,0.6363636363636364,0.56,2017
2017-05-12,CP_MOM,32,43,50,0.7441860465116279,0.64,2017
2017-05-19,CP_LV,22,45,50,0.4888888888888889,0.44,2017
2017-05-26,CP_G,27,47,50,0.574468085106383,0.54,2017
2017-06-02,CP_V,22,45,50,0.4888888888888889,0.44,2017
2017-06-09,CP_MOM,32,45,50,0.7111111111111111,0.64,2017
2017-06-16,CP_MOM,17,45,50,0.37777777777777777,0.34,2017
2017-06-23,CP_V,12,45,50,0.26666666666666666,0.24,2017
2017-06-30,CP_MOM,32,45,50,0.7111111111111111,0.64,2017
2017-07-07,CP_MOM,13,45,50,0.28888888888888886,0.26,2017
2017-07-14,CP_MOM,25,46,50,0.5434782608695652,0.5,2017
2017-07-21,CP_LV,35,44,50,0.7954545454545454,0.7,2017
2017-07-28,CP_V,27,46,50,0.5869565217391305,0.54,2017
2017-08-04,CP_Q,12,46,50,0.2608695652173913,0.24,2017
2017-08-11,CP_G,12,49,50,0.24489795918367346,0.24,2017
2017-08-18,CP_G,35,49,50,0.7142857142857143,0.7,2017
2017-08-25,CP_S,25,42,50,0.5952380952380952,0.5,2017
2017-09-01,CP_MOM,20,47,50,0.425531914893617,0.4,2017
2017-09-08,CP_MOM,11,46,50,0.2391304347826087,0.22,2017
2017-09-15,CP_LV,25,42,50,0.5952380952380952,0.5,2017
2017-09-22,CP_G,13,49,50,0.2653061224489796,0.26,2017
2017-09-29,CP_LV,21,43,50,0.4883720930232558,0.42,2017
2017-10-13,CP_S,12,42,50,0.2857142857142857,0.24,2017
2017-10-20,CP_S,29,43,50,0.6744186046511628,0.58,2017
2017-10-27,CP_Q,30,47,50,0.6382978723404256,0.6,2017
2017-11-03,CP_S,31,43,50,0.7209302325581395,0.62,2017
2017-11-10,CP_MOM,28,45,50,0.6222222222222222,0.56,2017
2017-11-17,CP_Q,25,48,50,0.5208333333333334,0.5,2017
2017-11-24,CP_LV,18,45,50,0.4,0.36,2017
2017-12-01,CP_LV,17,45,50,0.37777777777777777,0.34,2017
2017-12-08,CP_LV,22,46,50,0.4782608695652174,0.44,2017
2017-12-15,CP_S,26,43,50,0.6046511627906976,0.52,2017
2017-12-22,CP_G,17,47,50,0.3617021276595745,0.34,2017
2017-12-28,CP_V,19,46,50,0.41304347826086957,0.38,2017
2018-01-05,CP_MOM,20,48,50,0.4166666666666667,0.4,2018
2018-01-12,CP_S,21,44,50,0.4772727272727273,0.42,2018
2018-01-19,CP_V,28,46,50,0.6086956521739131,0.56,2018
2018-01-26,CP_V,30,46,50,0.6521739130434783,0.6,2018
2018-02-02,CP_S,12,44,50,0.2727272727272727,0.24,2018
2018-02-09,CP_G,6,45,50,0.13333333333333333,0.12,2018
2018-02-14,CP_LV,9,47,50,0.19148936170212766,0.18,2018
2018-02-23,CP_G,31,46,50,0.6739130434782609,0.62,2018
2018-03-02,CP_MOM,12,48,50,0.25,0.24,2018
2018-03-09,CP_Q,32,49,50,0.6530612244897959,0.64,2018
2018-03-16,CP_MOM,29,50,50,0.58,0.58,2018
2018-03-23,CP_MOM,10,50,50,0.2,0.2,2018
2018-03-30,CP_MOM,46,50,50,0.92,0.92,2018
2018-04-06,CP_G,21,47,50,0.44680851063829785,0.42,2018
2018-04-13,CP_V,24,45,50,0.5333333333333333,0.48,2018
2018-04-20,CP_LV,33,48,50,0.6875,0.66,2018
2018-04-27,CP_LV,26,48,50,0.5416666666666666,0.52,2018
2018-05-04,CP_MOM,11,49,50,0.22448979591836735,0.22,2018
2018-05-11,CP_MOM,28,48,50,0.5833333333333334,0.56,2018
2018-05-18,CP_MOM,22,48,50,0.4583333333333333,0.44,2018
2018-05-25,CP_G,17,49,50,0.3469387755102041,0.34,2018
2018-06-01,CP_LV,11,48,50,0.22916666666666666,0.22,2018
2018-06-08,CP_LV,41,48,50,0.8541666666666666,0.82,2018
2018-06-15,CP_MOM,20,48,50,0.4166666666666667,0.4,2018
2018-06-22,CP_LV,10,47,50,0.2127659574468085,0.2,2018
2018-06-29,CP_S,14,41,50,0.34146341463414637,0.28,2018
2018-07-06,CP_G,21,48,50,0.4375,0.42,2018
2018-07-13,CP_LV,26,48,50,0.5416666666666666,0.52,2018
2018-07-20,CP_V,7,45,50,0.15555555555555556,0.14,2018
2018-07-27,CP_S,19,46,50,0.41304347826086957,0.38,2018
2018-08-03,CP_LV,23,48,50,0.4791666666666667,0.46,2018
2018-08-10,CP_S,21,46,50,0.45652173913043476,0.42,2018
2018-08-17,CP_G,17,47,50,0.3617021276595745,0.34,2018
2018-08-24,CP_S,31,46,50,0.6739130434782609,0.62,2018
2018-08-31,CP_V,31,45,50,0.6888888888888889,0.62,2018
2018-09-07,CP_S,12,45,50,0.26666666666666666,0.24,2018
2018-09-14,CP_MOM,26,46,50,0.5652173913043478,0.52,2018
2018-09-21,CP_LV,24,48,50,0.5,0.48,2018
2018-09-28,CP_LV,32,48,50,0.6666666666666666,0.64,2018
2018-10-05,CP_LV,12,50,50,0.24,0.24,2018
2018-10-12,CP_G,10,47,50,0.2127659574468085,0.2,2018
2018-10-19,CP_LV,19,50,50,0.38,0.38,2018
2018-10-26,CP_G,5,47,50,0.10638297872340426,0.1,2018
2018-11-02,CP_LV,16,48,50,0.3333333333333333,0.32,2018
2018-11-09,CP_G,17,49,50,0.3469387755102041,0.34,2018
2018-11-16,CP_LV,32,48,50,0.6666666666666666,0.64,2018
2018-11-23,CP_V,10,47,50,0.2127659574468085,0.2,2018
2018-11-30,CP_LV,34,49,50,0.6938775510204082,0.68,2018
2018-12-07,CP_V,15,47,50,0.3191489361702128,0.3,2018
2018-12-14,CP_Q,26,49,50,0.5306122448979592,0.52,2018
2018-12-21,CP_G,19,48,50,0.3958333333333333,0.38,2018
2018-12-28,CP_MOM,13,45,50,0.28888888888888886,0.26,2018
2019-01-04,CP_S,9,47,50,0.19148936170212766,0.18,2019
2019-01-11,CP_V,35,47,50,0.7446808510638298,0.7,2019
2019-01-18,CP_S,35,47,50,0.7446808510638298,0.7,2019
2019-01-25,CP_Q,38,48,50,0.7916666666666666,0.76,2019
2019-02-01,CP_MOM,28,42,50,0.6666666666666666,0.56,2019
2019-02-08,CP_S,23,47,50,0.48936170212765956,0.46,2019
2019-02-15,CP_Q,32,48,50,0.6666666666666666,0.64,2019
2019-02-22,CP_S,26,47,50,0.5531914893617021,0.52,2019
2019-02-28,CP_Q,15,48,50,0.3125,0.3,2019
2019-03-08,CP_LV,15,49,50,0.30612244897959184,0.3,2019
2019-03-15,CP_Q,40,48,50,0.8333333333333334,0.8,2019
2019-03-22,CP_MOM,14,48,50,0.2916666666666667,0.28,2019
2019-03-29,CP_V,8,48,50,0.16666666666666666,0.16,2019
2019-04-05,CP_G,37,48,50,0.7708333333333334,0.74,2019
2019-04-12,CP_G,29,48,50,0.6041666666666666,0.58,2019
2019-04-19,CP_Q,13,48,50,0.2708333333333333,0.26,2019
2019-04-26,CP_S,9,47,50,0.19148936170212766,0.18,2019
2019-05-03,CP_LV,27,49,50,0.5510204081632653,0.54,2019
2019-05-10,CP_MOM,11,47,50,0.23404255319148937,0.22,2019
2019-05-17,CP_LV,8,48,50,0.16666666666666666,0.16,2019
2019-05-24,CP_G,8,48,50,0.16666666666666666,0.16,2019
2019-05-31,CP_S,28,49,50,0.5714285714285714,0.56,2019
2019-06-07,CP_LV,36,49,50,0.7346938775510204,0.72,2019
2019-06-14,CP_V,41,47,50,0.8723404255319149,0.82,2019
2019-06-21,CP_LV,25,49,50,0.5102040816326531,0.5,2019
2019-06-28,CP_V,22,47,50,0.46808510638297873,0.44,2019
2019-07-05,CP_MOM,18,46,50,0.391304347826087,0.36,2019
2019-07-12,CP_Q,13,48,50,0.2708333333333333,0.26,2019
2019-07-19,CP_LV,17,48,50,0.3541666666666667,0.34,2019
2019-07-26,CP_MOM,6,45,50,0.13333333333333333,0.12,2019
2019-08-02,CP_S,5,47,50,0.10638297872340426,0.1,2019
2019-08-09,CP_V,6,46,50,0.13043478260869565,0.12,2019
2019-08-16,CP_LV,5,48,50,0.10416666666666667,0.1,2019
2019-08-23,CP_S,42,47,50,0.8936170212765957,0.84,2019
2019-08-30,CP_G,30,48,50,0.625,0.6,2019
2019-09-06,CP_V,31,45,50,0.6888888888888889,0.62,2019
2019-09-11,CP_MOM,22,46,50,0.4782608695652174,0.44,2019
2019-09-20,CP_Q,35,48,50,0.7291666666666666,0.7,2019
2019-09-27,CP_S,7,47,50,0.14893617021276595,0.14,2019
2019-10-04,CP_G,13,48,50,0.2708333333333333,0.26,2019
2019-10-11,CP_Q,24,48,50,0.5,0.48,2019
2019-10-18,CP_Q,33,48,50,0.6875,0.66,2019
2019-10-25,CP_G,18,47,50,0.3829787234042553,0.36,2019
2019-11-01,CP_V,10,46,50,0.21739130434782608,0.2,2019
2019-11-08,CP_MOM,20,49,50,0.40816326530612246,0.4,2019
2019-11-15,CP_LV,23,48,50,0.4791666666666667,0.46,2019
2019-11-22,CP_LV,7,48,50,0.14583333333333334,0.14,2019
2019-11-29,CP_MOM,20,49,50,0.40816326530612246,0.4,2019
2019-12-06,CP_V,13,46,50,0.2826086956521739,0.26,2019
2019-12-13,CP_MOM,31,49,50,0.6326530612244898,0.62,2019
2019-12-20,CP_G,24,48,50,0.5,0.48,2019
2019-12-27,CP_G,38,48,50,0.7916666666666666,0.76,2019
2020-01-03,CP_G,26,48,50,0.5416666666666666,0.52,2020
2020-01-10,CP_V,2,45,50,0.044444444444444446,0.04,2020
2020-01-17,CP_MOM,32,50,50,0.64,0.64,2020
2020-01-23,CP_G,21,48,50,0.4375,0.42,2020
2020-01-31,CP_G,2,48,50,0.041666666666666664,0.04,2020
2020-02-07,CP_MOM,38,49,50,0.7755102040816326,0.76,2020
2020-02-14,CP_Q,25,48,50,0.5208333333333334,0.5,2020
2020-02-21,CP_S,4,47,50,0.0851063829787234,0.08,2020
2020-02-28,CP_MOM,3,49,50,0.061224489795918366,0.06,2020
2020-03-06,CP_LV,25,46,50,0.5434782608695652,0.5,2020
2020-03-13,CP_MOM,1,49,50,0.02040816326530612,0.02,2020
2020-03-20,CP_S,4,46,50,0.08695652173913043,0.08,2020
2020-03-27,CP_S,42,46,50,0.9130434782608695,0.84,2020
2020-04-03,CP_V,34,47,50,0.723404255319149,0.68,2020
2020-04-10,CP_G,43,48,50,0.8958333333333334,0.86,2020
2020-04-17,CP_LV,33,49,50,0.673469387755102,0.66,2020
2020-04-24,CP_Q,18,47,50,0.3829787234042553,0.36,2020
2020-04-29,CP_S,43,48,50,0.8958333333333334,0.86,2020
2020-05-08,CP_MOM,39,47,50,0.8297872340425532,0.78,2020
2020-05-15,CP_G,12,49,50,0.24489795918367346,0.24,2020
2020-05-22,CP_V,34,47,50,0.723404255319149,0.68,2020
2020-05-29,CP_V,33,47,50,0.7021276595744681,0.66,2020
2020-06-05,CP_MOM,34,49,50,0.6938775510204082,0.68,2020
2020-06-12,CP_MOM,32,49,50,0.6530612244897959,0.64,2020
2020-06-19,CP_MOM,21,49,50,0.42857142857142855,0.42,2020
2020-06-26,CP_G,18,50,50,0.36,0.36,2020
2020-07-03,CP_MOM,26,48,50,0.5416666666666666,0.52,2020
2020-07-10,CP_V,10,46,50,0.21739130434782608,0.2,2020
2020-07-17,CP_MOM,15,49,50,0.30612244897959184,0.3,2020
2020-07-24,CP_MOM,27,48,50,0.5625,0.54,2020
2020-07-31,CP_MOM,32,48,50,0.6666666666666666,0.64,2020
2020-08-07,CP_LV,39,47,50,0.8297872340425532,0.78,2020
2020-08-14,CP_MOM,13,49,50,0.2653061224489796,0.26,2020
2020-08-21,CP_MOM,14,49,50,0.2857142857142857,0.28,2020
2020-08-28,CP_V,31,45,50,0.6888888888888889,0.62,2020
2020-09-04,CP_V,24,45,50,0.5333333333333333,0.48,2020
2020-09-11,CP_V,30,45,50,0.6666666666666666,0.6,2020
2020-09-18,CP_LV,25,47,50,0.5319148936170213,0.5,2020
2020-09-25,CP_V,4,45,50,0.08888888888888889,0.08,2020
2020-09-29,CP_V,39,45,50,0.8666666666666667,0.78,2020
2020-10-08,CP_LV,37,46,50,0.8043478260869565,0.74,2020
2020-10-16,CP_V,13,45,50,0.28888888888888886,0.26,2020
2020-10-23,CP_MOM,14,49,50,0.2857142857142857,0.28,2020
2020-10-30,CP_MOM,10,48,50,0.20833333333333334,0.2,2020
2020-11-06,CP_V,43,45,50,0.9555555555555556,0.86,2020
2020-11-13,CP_G,35,50,50,0.7,0.7,2020
2020-11-20,CP_G,40,50,50,0.8,0.8,2020
2020-11-27,CP_MOM,31,49,50,0.6326530612244898,0.62,2020
2020-12-04,CP_S,17,46,50,0.3695652173913043,0.34,2020
2020-12-11,CP_S,30,47,50,0.6382978723404256,0.6,2020
2020-12-18,CP_LV,22,46,50,0.4782608695652174,0.44,2020
2020-12-24,CP_G,11,50,50,0.22,0.22,2020
2020-12-30,CP_LV,17,46,50,0.3695652173913043,0.34,2020
2021-01-08,CP_S,26,46,50,0.5652173913043478,0.52,2021
2021-01-15,CP_MOM,10,47,50,0.2127659574468085,0.2,2021
2021-01-22,CP_MOM,32,48,50,0.6666666666666666,0.64,2021
2021-01-29,CP_V,3,46,50,0.06521739130434782,0.06,2021
2021-02-05,CP_S,42,47,50,0.8936170212765957,0.84,2021
2021-02-10,CP_LV,36,46,50,0.782608695652174,0.72,2021
2021-02-19,CP_V,21,45,50,0.4666666666666667,0.42,2021
2021-02-26,CP_V,16,45,50,0.35555555555555557,0.32,2021
2021-03-05,CP_G,26,48,50,0.5416666666666666,0.52,2021
2021-03-12,CP_Q,24,46,50,0.5217391304347826,0.48,2021
2021-03-19,CP_V,31,46,50,0.6739130434782609,0.62,2021
2021-03-26,CP_MOM,22,47,50,0.46808510638297873,0.44,2021
2021-04-02,CP_S,32,47,50,0.6808510638297872,0.64,2021
2021-04-09,CP_G,28,50,50,0.56,0.56,2021
2021-04-16,CP_MOM,23,46,50,0.5,0.46,2021
2021-04-23,CP_LV,24,44,50,0.5454545454545454,0.48,2021
2021-04-30,CP_V,28,46,50,0.6086956521739131,0.56,2021
2021-05-07,CP_LV,33,44,50,0.75,0.66,2021
2021-05-14,CP_V,29,46,50,0.6304347826086957,0.58,2021
2021-05-21,CP_G,28,50,50,0.56,0.56,2021
2021-05-28,CP_MOM,29,48,50,0.6041666666666666,0.58,2021
2021-06-04,CP_G,30,50,50,0.6,0.6,2021
2021-06-11,CP_Q,24,46,50,0.5217391304347826,0.48,2021
2021-06-18,CP_V,15,47,50,0.3191489361702128,0.3,2021
2021-06-25,CP_G,21,50,50,0.42,0.42,2021
2021-07-02,CP_Q,25,46,50,0.5434782608695652,0.5,2021
2021-07-09,CP_G,12,50,50,0.24,0.24,2021
2021-07-16,CP_MOM,29,47,50,0.6170212765957447,0.58,2021
2021-07-23,CP_LV,11,46,50,0.2391304347826087,0.22,2021
2021-07-30,CP_G,9,50,50,0.18,0.18,2021
2021-08-06,CP_Q,32,47,50,0.6808510638297872,0.64,2021
2021-08-13,CP_G,10,50,50,0.2,0.2,2021
2021-08-20,CP_V,4,48,50,0.08333333333333333,0.08,2021
2021-08-27,CP_MOM,34,45,50,0.7555555555555555,0.68,2021
2021-09-03,CP_V,33,48,50,0.6875,0.66,2021
2021-09-10,CP_G,13,50,50,0.26,0.26,2021
2021-09-17,CP_MOM,31,45,50,0.6888888888888889,0.62,2021
2021-09-24,CP_LV,17,48,50,0.3541666666666667,0.34,2021
2021-10-01,CP_V,18,48,50,0.375,0.36,2021
2021-10-08,CP_G,17,50,50,0.34,0.34,2021
2021-10-15,CP_G,44,50,50,0.88,0.88,2021
2021-10-22,CP_G,16,50,50,0.32,0.32,2021
2021-10-29,CP_G,22,49,50,0.4489795918367347,0.44,2021
2021-11-05,CP_Q,22,47,50,0.46808510638297873,0.44,2021
2021-11-12,CP_Q,18,47,50,0.3829787234042553,0.36,2021
2021-11-19,CP_LV,11,48,50,0.22916666666666666,0.22,2021
2021-11-26,CP_V,6,49,50,0.12244897959183673,0.12,2021
2021-12-03,CP_V,26,49,50,0.5306122448979592,0.52,2021
2021-12-10,CP_LV,42,48,50,0.875,0.84,2021
2021-12-17,CP_S,17,50,50,0.34,0.34,2021
2021-12-24,CP_G,29,49,50,0.5918367346938775,0.58,2021
2021-12-30,CP_V,7,49,50,0.14285714285714285,0.14,2021
2022-01-07,CP_G,12,49,50,0.24489795918367346,0.24,2022
2022-01-14,CP_LV,21,48,50,0.4375,0.42,2022
2022-01-21,CP_V,4,50,50,0.08,0.08,2022
2022-01-28,CP_G,0,49,50,0.0,0.0,2022
2022-02-04,CP_LV,48,48,50,1.0,0.96,2022
2022-02-11,CP_G,15,48,50,0.3125,0.3,2022
2022-02-18,CP_G,31,49,50,0.6326530612244898,0.62,2022
2022-02-25,CP_S,12,50,50,0.24,0.24,2022
2022-03-04,CP_V,36,49,50,0.7346938775510204,0.72,2022
2022-03-11,CP_G,19,48,50,0.3958333333333333,0.38,2022
2022-03-18,CP_MOM,28,47,50,0.5957446808510638,0.56,2022
2022-03-25,CP_G,24,48,50,0.5,0.48,2022
2022-04-01,CP_LV,34,48,50,0.7083333333333334,0.68,2022
2022-04-08,CP_S,14,50,50,0.28,0.28,2022
2022-04-15,CP_S,34,50,50,0.68,0.68,2022
2022-04-22,CP_Q,21,46,50,0.45652173913043476,0.42,2022
2022-04-29,CP_V,11,50,50,0.22,0.22,2022
2022-05-06,CP_MOM,21,50,50,0.42,0.42,2022
2022-05-13,CP_G,11,49,50,0.22448979591836735,0.22,2022
2022-05-20,CP_V,19,49,50,0.3877551020408163,0.38,2022
2022-05-27,CP_LV,30,48,50,0.625,0.6,2022
2022-06-03,CP_LV,31,48,50,0.6458333333333334,0.62,2022
2022-06-10,CP_MOM,17,50,50,0.34,0.34,2022
2022-06-17,CP_G,5,49,50,0.10204081632653061,0.1,2022
2022-06-24,CP_LV,9,46,50,0.1956521739130435,0.18,2022
2022-07-01,CP_S,31,50,50,0.62,0.62,2022
2022-07-08,CP_G,36,49,50,0.7346938775510204,0.72,2022
2022-07-15,CP_S,11,50,50,0.22,0.22,2022
2022-07-22,CP_G,42,49,50,0.8571428571428571,0.84,2022
2022-07-29,CP_G,33,49,50,0.673469387755102,0.66,2022
2022-08-05,CP_V,24,49,50,0.4897959183673469,0.48,2022
2022-08-12,CP_LV,33,47,50,0.7021276595744681,0.66,2022
2022-08-19,CP_MOM,25,48,50,0.5208333333333334,0.5,2022
2022-08-26,CP_LV,12,47,50,0.2553191489361702,0.24,2022
2022-09-02,CP_G,14,49,50,0.2857142857142857,0.28,2022
2022-09-08,CP_LV,19,47,50,0.40425531914893614,0.38,2022
2022-09-16,CP_LV,27,48,50,0.5625,0.54,2022
2022-09-23,CP_Q,6,46,50,0.13043478260869565,0.12,2022
2022-09-30,CP_LV,5,48,50,0.10416666666666667,0.1,2022
2022-10-07,CP_Q,33,47,50,0.7021276595744681,0.66,2022
2022-10-14,CP_MOM,14,49,50,0.2857142857142857,0.28,2022
2022-10-21,CP_MOM,25,49,50,0.5102040816326531,0.5,2022
2022-10-28,CP_V,34,49,50,0.6938775510204082,0.68,2022
2022-11-04,CP_S,38,50,50,0.76,0.76,2022
2022-11-11,CP_LV,41,48,50,0.8541666666666666,0.82,2022
2022-11-18,CP_S,30,49,50,0.6122448979591837,0.6,2022
2022-11-25,CP_S,32,49,50,0.6530612244897959,0.64,2022
2022-12-02,CP_LV,31,48,50,0.6458333333333334,0.62,2022
2022-12-09,CP_Q,23,46,50,0.5,0.46,2022
2022-12-16,CP_LV,17,48,50,0.3541666666666667,0.34,2022
2022-12-23,CP_G,14,49,50,0.2857142857142857,0.28,2022
2022-12-29,CP_V,0,49,50,0.0,0.0,2022
2023-01-06,CP_G,24,49,50,0.4897959183673469,0.48,2023
2023-01-13,CP_Q,36,46,50,0.782608695652174,0.72,2023
2023-01-20,CP_G,27,49,50,0.5510204081632653,0.54,2023
2023-01-27,CP_G,39,49,50,0.7959183673469388,0.78,2023
2023-02-03,CP_MOM,18,47,50,0.3829787234042553,0.36,2023
2023-02-10,CP_S,17,48,50,0.3541666666666667,0.34,2023
2023-02-17,CP_MOM,25,47,50,0.5319148936170213,0.5,2023
2023-02-24,CP_G,19,50,50,0.38,0.38,2023
2023-03-03,CP_MOM,32,47,50,0.6808510638297872,0.64,2023
2023-03-10,CP_G,9,49,50,0.1836734693877551,0.18,2023
2023-03-17,CP_MOM,26,48,50,0.5416666666666666,0.52,2023
2023-03-24,CP_MOM,26,48,50,0.5416666666666666,0.52,2023
2023-03-31,CP_G,40,50,50,0.8,0.8,2023
2023-04-07,CP_S,32,50,50,0.64,0.64,2023
2023-04-14,CP_V,45,50,50,0.9,0.9,2023
2023-04-21,CP_V,29,50,50,0.58,0.58,2023
2023-04-28,CP_LV,11,49,50,0.22448979591836735,0.22,2023
2023-05-04,CP_LV,25,48,50,0.5208333333333334,0.5,2023
2023-05-12,CP_G,12,49,50,0.24489795918367346,0.24,2023
2023-05-19,CP_G,40,49,50,0.8163265306122449,0.8,2023
2023-05-26,CP_MOM,16,49,50,0.32653061224489793,0.32,2023
2023-06-02,CP_MOM,33,48,50,0.6875,0.66,2023
2023-06-09,CP_MOM,29,49,50,0.5918367346938775,0.58,2023
2023-06-16,CP_MOM,29,49,50,0.5918367346938775,0.58,2023
2023-06-23,CP_MOM,24,49,50,0.4897959183673469,0.48,2023
2023-06-30,CP_MOM,23,48,50,0.4791666666666667,0.46,2023
2023-07-07,CP_G,12,49,50,0.24489795918367346,0.24,2023
2023-07-14,CP_MOM,32,47,50,0.6808510638297872,0.64,2023
2023-07-21,CP_G,19,49,50,0.3877551020408163,0.38,2023
2023-07-28,CP_LV,10,48,50,0.20833333333333334,0.2,2023
2023-08-04,CP_LV,39,46,50,0.8478260869565217,0.78,2023
2023-08-11,CP_S,34,50,50,0.68,0.68,2023
2023-08-18,CP_V,8,50,50,0.16,0.16,2023
2023-08-25,CP_G,18,49,50,0.3673469387755102,0.36,2023
2023-09-01,CP_LV,33,48,50,0.6875,0.66,2023
2023-09-08,CP_V,25,50,50,0.5,0.5,2023
2023-09-15,CP_LV,37,48,50,0.7708333333333334,0.74,2023
2023-09-22,CP_LV,11,48,50,0.22916666666666666,0.22,2023
2023-09-27,CP_LV,12,48,50,0.25,0.24,2023
2023-10-06,CP_G,11,49,50,0.22448979591836735,0.22,2023
2023-10-13,CP_LV,34,48,50,0.7083333333333334,0.68,2023
2023-10-20,CP_V,12,50,50,0.24,0.24,2023
2023-10-27,CP_G,17,49,50,0.3469387755102041,0.34,2023
2023-11-03,CP_LV,36,48,50,0.75,0.72,2023
2023-11-10,CP_G,28,49,50,0.5714285714285714,0.56,2023
2023-11-17,CP_LV,33,48,50,0.6875,0.66,2023
2023-11-24,CP_G,28,49,50,0.5714285714285714,0.56,2023
2023-12-01,CP_LV,24,48,50,0.5,0.48,2023
2023-12-08,CP_G,19,49,50,0.3877551020408163,0.38,2023
2023-12-15,CP_LV,25,48,50,0.5208333333333334,0.5,2023
2023-12-22,CP_G,20,49,50,0.40816326530612246,0.4,2023
2023-12-28,CP_S,19,50,50,0.38,0.38,2023
2024-01-05,CP_LV,8,49,50,0.16326530612244897,0.16,2024
2024-01-12,CP_MOM,21,48,50,0.4375,0.42,2024
2024-01-19,CP_V,12,50,50,0.24,0.24,2024
2024-01-26,CP_V,34,50,50,0.68,0.68,2024
2024-02-02,CP_G,13,50,50,0.26,0.26,2024
2024-02-08,CP_V,28,50,50,0.56,0.56,2024
2024-02-16,CP_G,37,49,50,0.7551020408163265,0.74,2024
2024-02-23,CP_MOM,33,50,50,0.66,0.66,2024
2024-02-29,CP_G,19,49,50,0.3877551020408163,0.38,2024
2024-03-08,CP_G,21,49,50,0.42857142857142855,0.42,2024
2024-03-15,CP_G,21,49,50,0.42857142857142855,0.42,2024
2024-03-22,CP_G,40,49,50,0.8163265306122449,0.8,2024
2024-03-29,CP_MOM,14,49,50,0.2857142857142857,0.28,2024
2024-04-05,CP_MOM,23,49,50,0.46938775510204084,0.46,2024
2024-04-12,CP_V,6,50,50,0.12,0.12,2024
2024-04-19,CP_G,9,49,50,0.1836734693877551,0.18,2024
2024-04-26,CP_Q,33,49,50,0.673469387755102,0.66,2024
2024-05-03,CP_V,23,50,50,0.46,0.46,2024
2024-05-10,CP_S,31,50,50,0.62,0.62,2024
2024-05-17,CP_G,21,49,50,0.42857142857142855,0.42,2024
2024-05-24,CP_V,15,50,50,0.3,0.3,2024
2024-05-31,CP_G,24,49,50,0.4897959183673469,0.48,2024
2024-06-07,CP_MOM,23,49,50,0.46938775510204084,0.46,2024
2024-06-14,CP_V,13,50,50,0.26,0.26,2024
2024-06-21,CP_G,14,49,50,0.2857142857142857,0.28,2024
2024-06-28,CP_Q,23,49,50,0.46938775510204084,0.46,2024
2024-07-05,CP_V,19,50,50,0.38,0.38,2024
2024-07-12,CP_LV,24,46,50,0.5217391304347826,0.48,2024
2024-07-19,CP_MOM,18,49,50,0.3673469387755102,0.36,2024
2024-07-26,CP_LV,14,48,50,0.2916666666666667,0.28,2024
2024-08-02,CP_G,18,49,50,0.3673469387755102,0.36,2024
2024-08-09,CP_LV,11,48,50,0.22916666666666666,0.22,2024
2024-08-16,CP_V,34,50,50,0.68,0.68,2024
2024-08-23,CP_G,23,50,50,0.46,0.46,2024
2024-08-30,CP_LV,12,48,50,0.25,0.24,2024
2024-09-06,CP_G,3,50,50,0.06,0.06,2024
2024-09-13,CP_G,44,50,50,0.88,0.88,2024
2024-09-20,CP_G,21,50,50,0.42,0.42,2024
2024-09-27,CP_G,36,49,50,0.7346938775510204,0.72,2024
2024-10-04,CP_MOM,25,49,50,0.5102040816326531,0.5,2024
2024-10-11,CP_MOM,33,50,50,0.66,0.66,2024
2024-10-18,CP_Q,26,49,50,0.5306122448979592,0.52,2024
2024-10-25,CP_S,13,50,50,0.26,0.26,2024
2024-11-01,CP_V,24,50,50,0.48,0.48,2024
2024-11-08,CP_V,21,50,50,0.42,0.42,2024
2024-11-15,CP_G,4,50,50,0.08,0.08,2024
2024-11-22,CP_LV,38,49,50,0.7755102040816326,0.76,2024
2024-11-29,CP_Q,24,49,50,0.4897959183673469,0.48,2024
2024-12-06,CP_S,8,50,50,0.16,0.16,2024
2024-12-13,CP_Q,40,50,50,0.8,0.8,2024
2024-12-20,CP_MOM,14,49,50,0.2857142857142857,0.28,2024
2024-12-27,CP_G,14,49,50,0.2857142857142857,0.28,2024
2025-01-03,CP_MOM,26,49,50,0.5306122448979592,0.52,2025
2025-01-10,CP_G,33,49,50,0.673469387755102,0.66,2025
2025-01-17,CP_MOM,36,49,50,0.7346938775510204,0.72,2025
2025-01-24,CP_LV,14,49,50,0.2857142857142857,0.28,2025
2025-01-31,CP_G,22,50,50,0.44,0.44,2025
2025-02-07,CP_G,22,50,50,0.44,0.44,2025
2025-02-14,CP_V,28,50,50,0.56,0.56,2025
2025-02-21,CP_MOM,32,50,50,0.64,0.64,2025
2025-02-28,CP_LV,15,49,50,0.30612244897959184,0.3,2025
2025-03-07,CP_Q,31,50,50,0.62,0.62,2025
2025-03-14,CP_LV,15,47,50,0.3191489361702128,0.3,2025
2025-03-21,CP_LV,19,47,50,0.40425531914893614,0.38,2025
2025-03-28,CP_S,9,49,50,0.1836734693877551,0.18,2025
2025-04-04,CP_G,11,50,50,0.22,0.22,2025
2025-04-11,CP_LV,16,47,50,0.3404255319148936,0.32,2025
2025-04-18,CP_G,33,50,50,0.66,0.66,2025
2025-04-25,CP_MOM,30,50,50,0.6,0.6,2025
2025-05-02,CP_V,32,50,50,0.64,0.64,2025
2025-05-09,CP_MOM,28,49,50,0.5714285714285714,0.56,2025
2025-05-16,CP_MOM,27,49,50,0.5510204081632653,0.54,2025
2025-05-23,CP_G,12,50,50,0.24,0.24,2025
2025-05-30,CP_V,47,49,50,0.9591836734693877,0.94,2025
2025-06-05,CP_MOM,41,48,50,0.8541666666666666,0.82,2025
2025-06-13,CP_G,28,50,50,0.56,0.56,2025
2025-06-20,CP_Q,28,50,50,0.56,0.56,2025
2025-06-27,CP_V,23,49,50,0.46938775510204084,0.46,2025
2025-07-04,CP_MOM,17,50,50,0.34,0.34,2025
2025-07-11,CP_G,27,50,50,0.54,0.54,2025
2025-07-18,CP_G,32,50,50,0.64,0.64,2025
2025-07-25,CP_LV,5,47,50,0.10638297872340426,0.1,2025
2025-08-01,CP_G,11,50,50,0.22,0.22,2025
2025-08-08,CP_LV,37,47,50,0.7872340425531915,0.74,2025
2025-08-14,CP_MOM,17,50,50,0.34,0.34,2025
2025-08-22,CP_MOM,14,49,50,0.2857142857142857,0.28,2025
2025-08-29,CP_G,24,50,50,0.48,0.48,2025
2025-09-05,CP_MOM,20,50,50,0.4,0.4,2025
2025-09-12,CP_G,45,50,50,0.9,0.9,2025
2025-09-19,CP_S,20,49,50,0.40816326530612246,0.4,2025
2025-09-26,CP_G,6,50,50,0.12,0.12,2025
2025-10-02,CP_G,32,50,50,0.64,0.64,2025
2025-10-10,CP_G,29,50,50,0.58,0.58,2025
2025-10-17,CP_G,29,50,50,0.58,0.58,2025
2025-10-24,CP_MOM,38,48,50,0.7916666666666666,0.76,2025
2025-10-31,CP_V,14,50,50,0.28,0.28,2025
2025-11-07,CP_V,21,50,50,0.42,0.42,2025
2025-11-14,CP_LV,46,50,50,0.92,0.92,2025
2025-11-21,CP_G,9,50,50,0.18,0.18,2025
2025-11-28,CP_MOM,38,50,50,0.76,0.76,2025
2025-12-05,CP_V,44,50,50,0.88,0.88,2025
2025-12-12,CP_Q,32,50,50,0.64,0.64,2025
2025-12-19,CP_LV,22,50,50,0.44,0.44,2025
