BaseDate,SellDate,leader,status,basket_return,year,win
2005-09-02,2005-09-09,CP_V,traded,0.02684587570592485,2005,1
2005-09-09,2005-09-16,CP_V,traded,-0.007839670134941978,2005,0
2005-09-16,2005-09-23,CP_MOM,traded,0.017192080022863966,2005,1
2005-09-23,2005-09-30,CP_S,traded,0.08662029223592346,2005,1
2005-09-30,2005-10-07,CP_S,traded,-0.0010467178250187707,2005,0
2005-10-07,2005-10-14,CP_S,traded,0.024788688954292447,2005,1
2005-10-14,2005-10-21,CP_G,skip,0.0,2005,0
2005-10-21,2005-10-28,CP_V,traded,-0.02312305263219868,2005,0
2005-10-28,2005-11-04,CP_Q,skip,0.0,2005,0
2005-11-04,2005-11-11,CP_MOM,traded,0.05245707528816498,2005,1
2005-11-11,2005-11-18,CP_MOM,traded,0.018183573797146226,2005,1
2005-11-18,2005-11-25,CP_MOM,traded,0.07383082245540341,2005,1
2005-11-25,2005-12-02,CP_G,skip,0.0,2005,0
2005-12-02,2005-12-09,CP_LV,traded,-0.00903943837385248,2005,0
2005-12-09,2005-12-16,CP_MOM,traded,0.009614583493819974,2005,1
2005-12-16,2005-12-23,CP_LV,traded,0.016362451948613202,2005,1
2005-12-23,2005-12-29,CP_MOM,traded,0.028903305512027577,2005,1
2005-12-29,2006-01-06,CP_S,traded,0.07598751536951995,2005,1
2006-01-06,2006-01-13,CP_V,traded,0.01382505564026896,2006,1
2006-01-13,2006-01-20,CP_LV,traded,-0.029674780674993496,2006,0
2006-01-20,2006-01-27,CP_G,skip,0.0,2006,0
2006-01-27,2006-02-03,CP_LV,traded,-0.0063912372878813,2006,0
2006-02-03,2006-02-10,CP_S,traded,0.04514221703446005,2006,1
2006-02-10,2006-02-17,CP_MOM,traded,0.01224654895426486,2006,1
2006-02-17,2006-02-24,CP_G,skip,0.0,2006,0
2006-02-24,2006-03-03,CP_LV,traded,-0.007924151393997467,2006,0
2006-03-03,2006-03-10,CP_V,traded,-0.009278046644396042,2006,0
2006-03-10,2006-03-17,CP_LV,traded,-0.009590615562302639,2006,0
2006-03-17,2006-03-24,CP_LV,traded,0.016496303685511672,2006,1
2006-03-24,2006-03-31,CP_G,skip,0.0,2006,0
2006-03-31,2006-04-07,CP_G,skip,0.0,2006,0
2006-04-07,2006-04-14,CP_V,traded,0.046133917592867946,2006,1
2006-04-14,2006-04-21,CP_MOM,traded,-0.001973384606407845,2006,0
2006-04-21,2006-04-28,CP_LV,traded,0.006608461936471223,2006,1
2006-04-28,2006-05-04,CP_LV,traded,0.024542675751373998,2006,1
2006-05-04,2006-05-12,CP_S,traded,0.026888555642238278,2006,1
2006-05-12,2006-05-19,CP_LV,traded,-0.043555194758085336,2006,0
2006-05-19,2006-05-26,CP_MOM,traded,-0.035792746589383695,2006,0
2006-05-26,2006-06-02,CP_LV,traded,-0.020792046240081748,2006,0
2006-06-02,2006-06-09,CP_S,traded,-0.04800034089220802,2006,0
2006-06-09,2006-06-16,CP_MOM,traded,0.0728642918751903,2006,1
2006-06-16,2006-06-23,CP_LV,traded,-0.0283348517024362,2006,0
2006-06-23,2006-06-30,CP_MOM,traded,0.057528643176637216,2006,1
2006-06-30,2006-07-07,CP_MOM,traded,-0.03192271528416276,2006,0
2006-07-07,2006-07-14,CP_LV,traded,-0.03411380481001693,2006,0
2006-07-14,2006-07-21,CP_MOM,traded,-0.024334159944918318,2006,0
2006-07-21,2006-07-28,CP_LV,traded,-0.001732033709001966,2006,0
2006-07-28,2006-08-04,CP_G,skip,0.0,2006,0
2006-08-04,2006-08-11,CP_V,traded,0.00826858603505255,2006,1
2006-08-11,2006-08-18,CP_G,skip,0.0,2006,0
2006-08-18,2006-08-25,CP_S,traded,0.004157395420254652,2006,1
2006-08-25,2006-09-01,CP_G,skip,0.0,2006,0
2006-09-01,2006-09-08,CP_S,traded,0.039675727491064974,2006,1
2006-09-08,2006-09-15,CP_S,traded,0.009250686685031453,2006,1
2006-09-15,2006-09-22,CP_LV,traded,0.001519904009462782,2006,1
2006-09-22,2006-09-29,CP_MOM,traded,0.028223602899420573,2006,1
2006-09-29,2006-10-04,CP_LV,traded,-0.006867720329156977,2006,0
2006-10-04,2006-10-13,CP_S,traded,-0.017032021071665203,2006,0
2006-10-13,2006-10-20,CP_MOM,traded,0.008995224721477358,2006,1
2006-10-20,2006-10-27,CP_LV,traded,-0.02130440959093028,2006,0
2006-10-27,2006-11-03,CP_S,traded,-0.0018420172747306324,2006,0
2006-11-03,2006-11-10,CP_Q,skip,0.0,2006,0
2006-11-10,2006-11-17,CP_LV,traded,0.0009180704494269683,2006,1
2006-11-17,2006-11-24,CP_V,traded,0.045682212039704094,2006,1
2006-11-24,2006-12-01,CP_Q,skip,0.0,2006,0
2006-12-01,2006-12-08,CP_Q,skip,0.0,2006,0
2006-12-08,2006-12-15,CP_LV,traded,0.0426883737343674,2006,1
2006-12-15,2006-12-22,CP_LV,traded,0.016514043470057208,2006,1
2006-12-22,2006-12-28,CP_G,skip,0.0,2006,0
2006-12-28,2007-01-05,CP_V,traded,-0.0243886707829407,2006,0
2007-01-05,2007-01-12,CP_LV,traded,0.000610292435868211,2007,1
2007-01-12,2007-01-19,CP_LV,traded,0.003139154295359061,2007,1
2007-01-19,2007-01-26,CP_LV,traded,0.009269115552222852,2007,1
2007-01-26,2007-02-02,CP_V,traded,0.01737099562122102,2007,1
2007-02-02,2007-02-09,CP_G,skip,0.0,2007,0
2007-02-09,2007-02-16,CP_V,traded,0.001948897649805638,2007,1
2007-02-16,2007-02-23,CP_MOM,traded,0.00398220887968629,2007,1
2007-02-23,2007-03-02,CP_S,traded,-0.03273249993142031,2007,0
2007-03-02,2007-03-09,CP_G,skip,0.0,2007,0
2007-03-09,2007-03-16,CP_S,traded,0.02681844692949619,2007,1
2007-03-16,2007-03-23,CP_MOM,traded,0.048571991687392756,2007,1
2007-03-23,2007-03-30,CP_G,skip,0.0,2007,0
2007-03-30,2007-04-06,CP_MOM,traded,0.04418593041068629,2007,1
2007-04-06,2007-04-13,CP_V,traded,0.04984757572160452,2007,1
2007-04-13,2007-04-20,CP_MOM,traded,0.08399539011454149,2007,1
2007-04-20,2007-04-27,CP_Q,skip,0.0,2007,0
2007-04-27,2007-05-04,CP_MOM,traded,0.03370406122008851,2007,1
2007-05-04,2007-05-11,CP_MOM,traded,0.0525305938238345,2007,1
2007-05-11,2007-05-18,CP_V,traded,0.017234445111931,2007,1
2007-05-18,2007-05-25,CP_G,skip,0.0,2007,0
2007-05-25,2007-06-01,CP_MOM,traded,0.08386037488701727,2007,1
2007-06-01,2007-06-08,CP_S,traded,0.024097131280628903,2007,1
2007-06-08,2007-06-15,CP_MOM,traded,0.04575205742831443,2007,1
2007-06-15,2007-06-22,CP_LV,traded,0.015818582330991815,2007,1
2007-06-22,2007-06-29,CP_G,skip,0.0,2007,0
2007-06-29,2007-07-06,CP_MOM,traded,0.08183188795523644,2007,1
2007-07-06,2007-07-13,CP_MOM,traded,0.07867707509636064,2007,1
2007-07-13,2007-07-20,CP_V,traded,0.019496208606920078,2007,1
2007-07-20,2007-07-27,CP_S,traded,-0.02743765891578765,2007,0
2007-07-27,2007-08-03,CP_MOM,traded,0.02241643969836308,2007,1
2007-08-03,2007-08-10,CP_S,traded,-0.005138336886086446,2007,0
2007-08-10,2007-08-17,CP_LV,traded,-0.05548309750242486,2007,0
2007-08-17,2007-08-24,CP_MOM,traded,0.10900398495462553,2007,1
2007-08-24,2007-08-31,CP_MOM,traded,0.0620107953142212,2007,1
2007-08-31,2007-09-07,CP_LV,traded,-0.007454883558841228,2007,0
2007-09-07,2007-09-14,CP_MOM,traded,0.01872543043669165,2007,1
2007-09-14,2007-09-21,CP_MOM,traded,0.04887418892293231,2007,1
2007-09-21,2007-09-28,CP_Q,skip,0.0,2007,0
2007-09-28,2007-10-05,CP_MOM,traded,0.0477885735587707,2007,1
2007-10-05,2007-10-12,CP_G,skip,0.0,2007,0
2007-10-12,2007-10-19,CP_LV,traded,-0.03520141642262672,2007,0
2007-10-19,2007-10-26,CP_MOM,traded,0.04037502966447287,2007,1
2007-10-26,2007-11-02,CP_G,skip,0.0,2007,0
2007-11-02,2007-11-09,CP_LV,traded,-0.004970889833232171,2007,0
2007-11-09,2007-11-16,CP_V,traded,-0.0019057464475192947,2007,0
2007-11-16,2007-11-23,CP_LV,traded,-0.05136704144060202,2007,0
2007-11-23,2007-11-30,CP_G,skip,0.0,2007,0
2007-11-30,2007-12-07,CP_V,traded,0.04043404237119612,2007,1
2007-12-07,2007-12-14,CP_LV,traded,0.010171603111830099,2007,1
2007-12-14,2007-12-21,CP_V,traded,-0.010143036917505142,2007,0
2007-12-21,2007-12-28,CP_S,traded,0.031055629247780367,2007,1
2007-12-28,2008-01-04,CP_MOM,traded,0.0008444684774672881,2007,1
2008-01-04,2008-01-11,CP_S,traded,-0.04046843796636666,2008,0
2008-01-11,2008-01-18,CP_LV,traded,-0.012406188582355447,2008,0
2008-01-18,2008-01-25,CP_Q,skip,0.0,2008,0
2008-01-25,2008-02-01,CP_Q,skip,0.0,2008,0
2008-02-01,2008-02-05,CP_S,traded,0.054033255096082644,2008,1
2008-02-05,2008-02-15,CP_G,skip,0.0,2008,0
2008-02-15,2008-02-22,CP_Q,skip,0.0,2008,0
2008-02-22,2008-02-29,CP_V,traded,0.014381574875540084,2008,1
2008-02-29,2008-03-07,CP_LV,traded,-0.02983998749664788,2008,0
2008-03-07,2008-03-14,CP_LV,traded,-0.02280435897341341,2008,0
2008-03-14,2008-03-21,CP_G,skip,0.0,2008,0
2008-03-21,2008-03-28,CP_G,skip,0.0,2008,0
2008-03-28,2008-04-04,CP_V,traded,0.045654230213790184,2008,1
2008-04-04,2008-04-11,CP_LV,traded,0.0013152954988150628,2008,1
2008-04-11,2008-04-18,CP_Q,skip,0.0,2008,0
2008-04-18,2008-04-25,CP_V,traded,0.006917288081365549,2008,1
2008-04-25,2008-05-02,CP_V,traded,-0.00366900815861003,2008,0
2008-05-02,2008-05-09,CP_S,traded,0.023756325641609267,2008,1
2008-05-09,2008-05-16,CP_V,traded,0.039174428479798365,2008,1
2008-05-16,2008-05-23,CP_S,traded,0.010803556120255688,2008,1
2008-05-23,2008-05-30,CP_S,traded,0.019124637263836446,2008,1
2008-05-30,2008-06-05,CP_MOM,traded,-0.0027171665493557523,2008,0
2008-06-05,2008-06-13,CP_LV,traded,-0.031242968637902768,2008,0
2008-06-13,2008-06-20,CP_S,traded,-0.0033289408918154334,2008,0
2008-06-20,2008-06-27,CP_LV,traded,-0.008991694251657798,2008,0
2008-06-27,2008-07-04,CP_LV,traded,-0.0439524670833152,2008,0
2008-07-04,2008-07-11,CP_S,traded,0.022370092877665948,2008,1
2008-07-11,2008-07-18,CP_Q,skip,0.0,2008,0
2008-07-18,2008-07-25,CP_V,traded,0.10423524181466967,2008,1
2008-07-25,2008-08-01,CP_MOM,traded,0.03575953305468367,2008,1
2008-08-01,2008-08-08,CP_G,skip,0.0,2008,0
2008-08-08,2008-08-14,CP_G,skip,0.0,2008,0
2008-08-14,2008-08-22,CP_LV,traded,-0.026317596403380723,2008,0
2008-08-22,2008-08-29,CP_LV,traded,0.027593116631074978,2008,1
2008-08-29,2008-09-05,CP_G,skip,0.0,2008,0
2008-09-05,2008-09-12,CP_LV,traded,0.028707933945937937,2008,1
2008-09-12,2008-09-19,CP_V,traded,-0.054153610982435284,2008,0
2008-09-19,2008-09-26,CP_G,skip,0.0,2008,0
2008-09-26,2008-10-02,CP_LV,traded,0.0003739827500386056,2008,1
2008-10-02,2008-10-10,CP_LV,traded,-0.1570503479016351,2008,0
2008-10-10,2008-10-17,CP_LV,traded,0.018846683863706186,2008,1
2008-10-17,2008-10-24,CP_LV,traded,-0.19342280602865763,2008,0
2008-10-24,2008-10-31,CP_G,skip,0.0,2008,0
2008-10-31,2008-11-07,CP_S,traded,0.14891358321693865,2008,1
2008-11-07,2008-11-14,CP_LV,traded,-0.01666709139132115,2008,0
2008-11-14,2008-11-21,CP_LV,traded,-0.04187587932842216,2008,0
2008-11-21,2008-11-28,CP_V,traded,0.09203520038269154,2008,1
2008-11-28,2008-12-05,CP_V,traded,-0.008229656353973866,2008,0
2008-12-05,2008-12-12,CP_V,traded,0.12332208484054127,2008,1
2008-12-12,2008-12-19,CP_S,traded,0.07271780161012867,2008,1
2008-12-19,2008-12-26,CP_LV,traded,-0.0030780577181582095,2008,0
2008-12-26,2009-01-02,CP_V,traded,0.021818857900288723,2008,1
2009-01-02,2009-01-09,CP_S,traded,0.08885985251603752,2009,1
2009-01-09,2009-01-16,CP_G,skip,0.0,2009,0
2009-01-16,2009-01-23,CP_Q,skip,0.0,2009,0
2009-01-23,2009-01-30,CP_S,traded,0.061293133327332966,2009,1
2009-01-30,2009-02-06,CP_V,traded,0.051215930998603866,2009,1
2009-02-06,2009-02-13,CP_S,traded,0.05419247559716504,2009,1
2009-02-13,2009-02-20,CP_LV,traded,-0.051653820831073526,2009,0
2009-02-20,2009-02-27,CP_LV,traded,0.011215715656363158,2009,1
2009-02-27,2009-03-06,CP_G,skip,0.0,2009,0
2009-03-06,2009-03-13,CP_V,traded,0.12158342812342024,2009,1
2009-03-13,2009-03-20,CP_V,traded,0.07803554401558613,2009,1
2009-03-20,2009-03-27,CP_S,traded,0.056132923627824696,2009,1
2009-03-27,2009-04-03,CP_V,traded,0.05470014627028695,2009,1
2009-04-03,2009-04-10,CP_S,traded,0.09712075229735553,2009,1
2009-04-10,2009-04-17,CP_V,traded,-0.0014698785209269131,2009,0
2009-04-17,2009-04-24,CP_MOM,traded,-0.030533726497213177,2009,0
2009-04-24,2009-04-30,CP_V,traded,0.002901152925372532,2009,1
2009-04-30,2009-05-08,CP_V,traded,0.04274763399691146,2009,1
2009-05-08,2009-05-15,CP_MOM,traded,0.0032819390792103737,2009,1
2009-05-15,2009-05-22,CP_MOM,traded,0.036340080642078575,2009,1
2009-05-22,2009-05-29,CP_G,skip,0.0,2009,0
2009-05-29,2009-06-05,CP_V,traded,-0.00202284017185582,2009,0
2009-06-05,2009-06-12,CP_Q,skip,0.0,2009,0
2009-06-12,2009-06-19,CP_Q,skip,0.0,2009,0
2009-06-19,2009-06-26,CP_LV,traded,0.00842968596387379,2009,1
2009-06-26,2009-07-03,CP_S,traded,0.011486862761987994,2009,1
2009-07-03,2009-07-10,CP_LV,traded,-0.00663224770116778,2009,0
2009-07-10,2009-07-17,CP_G,skip,0.0,2009,0
2009-07-17,2009-07-24,CP_V,traded,0.03825747869553138,2009,1
2009-07-24,2009-07-31,CP_V,traded,0.0035969224813078536,2009,1
2009-07-31,2009-08-07,CP_G,skip,0.0,2009,0
2009-08-07,2009-08-14,CP_S,traded,0.004519082008902,2009,1
2009-08-14,2009-08-21,CP_MOM,traded,0.016651490456008423,2009,1
2009-08-21,2009-08-28,CP_G,skip,0.0,2009,0
2009-08-28,2009-09-04,CP_MOM,traded,-0.011964534367064326,2009,0
2009-09-04,2009-09-11,CP_LV,traded,0.01960491019726196,2009,1
2009-09-11,2009-09-18,CP_V,traded,0.014583888384265256,2009,1
2009-09-18,2009-09-25,CP_LV,traded,-0.0037452097296641657,2009,0
2009-09-25,2009-10-01,CP_LV,traded,-0.010106407418328987,2009,0
2009-10-01,2009-10-09,CP_MOM,traded,-0.019867656171108396,2009,0
2009-10-09,2009-10-16,CP_G,skip,0.0,2009,0
2009-10-16,2009-10-23,CP_MOM,traded,-0.008235918436114941,2009,0
2009-10-23,2009-10-30,CP_LV,traded,-0.02820937570579265,2009,0
2009-10-30,2009-11-06,CP_MOM,traded,-0.01640502576078688,2009,0
2009-11-06,2009-11-13,CP_LV,traded,0.005328768230820726,2009,1
2009-11-13,2009-11-20,CP_MOM,traded,0.03507431814711681,2009,1
2009-11-20,2009-11-27,CP_LV,traded,-0.050553833379429924,2009,0
2009-11-27,2009-12-04,CP_G,skip,0.0,2009,0
2009-12-04,2009-12-11,CP_V,traded,0.020996428896670194,2009,1
2009-12-11,2009-12-18,CP_S,traded,0.04540246612375628,2009,1
2009-12-18,2009-12-24,CP_LV,traded,0.019652537785887846,2009,1
2009-12-24,2009-12-30,CP_MOM,traded,-0.0027776140865023763,2009,0
2009-12-30,2010-01-08,CP_V,traded,0.025511585380753744,2009,1
2010-01-08,2010-01-15,CP_G,skip,0.0,2010,0
2010-01-15,2010-01-22,CP_LV,traded,-0.013162141653012669,2010,0
2010-01-22,2010-01-29,CP_LV,traded,-0.022031437082692618,2010,0
2010-01-29,2010-02-05,CP_LV,traded,-0.01261033239476462,2010,0
2010-02-05,2010-02-12,CP_G,skip,0.0,2010,0
2010-02-12,2010-02-19,CP_V,traded,-0.014165650903976078,2010,0
2010-02-19,2010-02-26,CP_G,skip,0.0,2010,0
2010-02-26,2010-03-05,CP_MOM,traded,0.01335808288712831,2010,1
2010-03-05,2010-03-12,CP_S,traded,0.036882204333674305,2010,1
2010-03-12,2010-03-19,CP_G,skip,0.0,2010,0
2010-03-19,2010-03-26,CP_LV,traded,-0.0038493430353298648,2010,0
2010-03-26,2010-04-02,CP_LV,traded,-0.007097796439241975,2010,0
2010-04-02,2010-04-09,CP_S,traded,0.013206428388439951,2010,1
2010-04-09,2010-04-16,CP_V,traded,0.026074223034787423,2010,1
2010-04-16,2010-04-23,CP_MOM,traded,-0.01673359020184107,2010,0
2010-04-23,2010-04-30,CP_MOM,traded,0.08421212246472658,2010,1
2010-04-30,2010-05-07,CP_MOM,traded,-0.04494548829773457,2010,0
2010-05-07,2010-05-14,CP_MOM,traded,0.07722822601013903,2010,1
2010-05-14,2010-05-20,CP_LV,traded,-0.0066107006295791785,2010,0
2010-05-20,2010-05-28,CP_G,skip,0.0,2010,0
2010-05-28,2010-06-04,CP_Q,skip,0.0,2010,0
2010-06-04,2010-06-11,CP_V,traded,0.011637412260216952,2010,1
2010-06-11,2010-06-18,CP_MOM,traded,0.014524535847142328,2010,1
2010-06-18,2010-06-25,CP_G,skip,0.0,2010,0
2010-06-25,2010-07-02,CP_S,traded,-0.02809624830744227,2010,0
2010-07-02,2010-07-09,CP_MOM,traded,0.0366307385738889,2010,1
2010-07-09,2010-07-16,CP_Q,skip,0.0,2010,0
2010-07-16,2010-07-23,CP_LV,traded,0.00023304438960120195,2010,1
2010-07-23,2010-07-30,CP_LV,traded,-0.006992465729365547,2010,0
2010-07-30,2010-08-06,CP_S,traded,-0.004161572361253639,2010,0
2010-08-06,2010-08-13,CP_S,traded,0.03780354869444567,2010,1
2010-08-13,2010-08-20,CP_MOM,traded,0.04848039925902821,2010,1
2010-08-20,2010-08-27,CP_Q,skip,0.0,2010,0
2010-08-27,2010-09-03,CP_G,skip,0.0,2010,0
2010-09-03,2010-09-10,CP_MOM,traded,0.014043354278563772,2010,1
2010-09-10,2010-09-17,CP_V,traded,0.008326008911654371,2010,1
2010-09-17,2010-09-24,CP_MOM,traded,0.009696925466640539,2010,1
2010-09-24,2010-10-01,CP_V,traded,0.055420003069943255,2010,1
2010-10-01,2010-10-08,CP_V,traded,0.006124858150351544,2010,1
2010-10-08,2010-10-15,CP_S,traded,0.028350594772912366,2010,1
2010-10-15,2010-10-22,CP_MOM,traded,0.0178927939102387,2010,1
2010-10-22,2010-10-29,CP_Q,skip,0.0,2010,0
2010-10-29,2010-11-05,CP_LV,traded,0.0020172713482103383,2010,1
2010-11-05,2010-11-12,CP_LV,traded,-0.03721396124066432,2010,0
2010-11-12,2010-11-19,CP_Q,skip,0.0,2010,0
2010-11-19,2010-11-26,CP_LV,traded,-0.023238648981619092,2010,0
2010-11-26,2010-12-03,CP_MOM,traded,0.04698049421002435,2010,1
2010-12-03,2010-12-10,CP_G,skip,0.0,2010,0
2010-12-10,2010-12-17,CP_MOM,traded,0.05928448557522605,2010,1
2010-12-17,2010-12-24,CP_LV,traded,0.02776014188114733,2010,1
2010-12-24,2010-12-30,CP_G,skip,0.0,2010,0
2010-12-30,2011-01-07,CP_MOM,traded,0.030608031587687823,2010,1
2011-01-07,2011-01-14,CP_V,traded,-0.0042407898303244524,2011,0
2011-01-14,2011-01-21,CP_MOM,traded,-0.04548630944635941,2011,0
2011-01-21,2011-01-28,CP_LV,traded,-0.0012000681414741626,2011,0
2011-01-28,2011-02-01,CP_G,skip,0.0,2011,0
2011-02-01,2011-02-11,CP_S,traded,0.0020547939937447983,2011,1
2011-02-11,2011-02-18,CP_Q,skip,0.0,2011,0
2011-02-18,2011-02-25,CP_S,traded,-0.03892583412560334,2011,0
2011-02-25,2011-03-04,CP_MOM,traded,0.03547932844476809,2011,1
2011-03-04,2011-03-11,CP_LV,traded,-0.007913612795989365,2011,0
2011-03-11,2011-03-18,CP_G,skip,0.0,2011,0
2011-03-18,2011-03-25,CP_MOM,traded,0.03948493266766895,2011,1
2011-03-25,2011-04-01,CP_G,skip,0.0,2011,0
2011-04-01,2011-04-08,CP_MOM,traded,0.008154977972313729,2011,1
2011-04-08,2011-04-15,CP_MOM,traded,0.024586045520927705,2011,1
2011-04-15,2011-04-22,CP_MOM,traded,0.02995147029721098,2011,1
2011-04-22,2011-04-29,CP_LV,traded,0.01836819801869599,2011,1
2011-04-29,2011-05-06,CP_S,traded,0.02299827025234185,2011,1
2011-05-06,2011-05-13,CP_G,skip,0.0,2011,0
2011-05-13,2011-05-20,CP_LV,traded,0.007666657806967382,2011,1
2011-05-20,2011-05-27,CP_MOM,traded,0.0020186768545468435,2011,1
2011-05-27,2011-06-03,CP_LV,traded,0.0075813069921724565,2011,1
2011-06-03,2011-06-10,CP_LV,traded,-0.01943040427625816,2011,0
2011-06-10,2011-06-17,CP_Q,skip,0.0,2011,0
2011-06-17,2011-06-24,CP_S,traded,0.10011803833420747,2011,1
2011-06-24,2011-07-01,CP_S,traded,0.015801206242125068,2011,1
2011-07-01,2011-07-08,CP_MOM,traded,0.02034049137820542,2011,1
2011-07-08,2011-07-15,CP_S,traded,-0.023197040723368867,2011,0
2011-07-15,2011-07-22,CP_S,traded,0.06981631867011015,2011,1
2011-07-22,2011-07-29,CP_S,traded,-0.0026573391809914344,2011,0
2011-07-29,2011-08-05,CP_LV,traded,-0.07015671040257679,2011,0
2011-08-05,2011-08-12,CP_S,traded,-0.005510703488901201,2011,0
2011-08-12,2011-08-19,CP_LV,traded,0.021389912291181715,2011,1
2011-08-19,2011-08-26,CP_V,traded,0.004197904471031268,2011,1
2011-08-26,2011-09-02,CP_MOM,traded,0.03349804642609936,2011,1
2011-09-02,2011-09-09,CP_LV,traded,-0.011089794494616665,2011,0
2011-09-09,2011-09-16,CP_V,traded,0.008494480855369104,2011,1
2011-09-16,2011-09-23,CP_MOM,traded,-0.06312454477146948,2011,0
2011-09-23,2011-09-30,CP_MOM,traded,0.037109698241808466,2011,1
2011-09-30,2011-10-07,CP_V,traded,-0.009997648770408905,2011,0
2011-10-07,2011-10-14,CP_G,skip,0.0,2011,0
2011-10-14,2011-10-21,CP_G,skip,0.0,2011,0
2011-10-21,2011-10-28,CP_V,traded,0.0814094230496035,2011,1
2011-10-28,2011-11-04,CP_G,skip,0.0,2011,0
2011-11-04,2011-11-11,CP_S,traded,-0.003960068790516989,2011,0
2011-11-11,2011-11-18,CP_LV,traded,-0.006104088108473114,2011,0
2011-11-18,2011-11-25,CP_LV,traded,-0.0065567647358596645,2011,0
2011-11-25,2011-12-02,CP_V,traded,0.11089457356959923,2011,1
2011-12-02,2011-12-09,CP_S,traded,0.02867151853786498,2011,1
2011-12-09,2011-12-16,CP_LV,traded,0.006342418960087616,2011,1
2011-12-16,2011-12-23,CP_S,traded,-0.014744939969173075,2011,0
2011-12-23,2011-12-29,CP_S,traded,-0.002684953139088118,2011,0
2011-12-29,2012-01-06,CP_S,traded,0.13817175200714002,2011,1
2012-01-06,2012-01-13,CP_V,traded,0.03218873972883103,2012,1
2012-01-13,2012-01-20,CP_V,traded,0.03015092608919924,2012,1
2012-01-20,2012-01-27,CP_LV,traded,0.00810647794511832,2012,1
2012-01-27,2012-02-03,CP_V,traded,0.05813744164745453,2012,1
2012-02-03,2012-02-10,CP_S,traded,0.01993133269912354,2012,1
2012-02-10,2012-02-17,CP_G,skip,0.0,2012,0
2012-02-17,2012-02-24,CP_LV,traded,0.0013052736393294202,2012,1
2012-02-24,2012-03-02,CP_V,traded,-0.016671339959969597,2012,0
2012-03-02,2012-03-09,CP_LV,traded,-0.013622598807975748,2012,0
2012-03-09,2012-03-16,CP_Q,skip,0.0,2012,0
2012-03-16,2012-03-23,CP_LV,traded,-0.012762825395580156,2012,0
2012-03-23,2012-03-30,CP_Q,skip,0.0,2012,0
2012-03-30,2012-04-06,CP_LV,traded,-0.015787883160421432,2012,0
2012-04-06,2012-04-13,CP_S,traded,-0.03643663014989148,2012,0
2012-04-13,2012-04-20,CP_MOM,traded,-0.02024029748285211,2012,0
2012-04-20,2012-04-27,CP_LV,traded,-0.006899813132114095,2012,0
2012-04-27,2012-05-04,CP_S,traded,0.05515859940598018,2012,1
2012-05-04,2012-05-11,CP_G,skip,0.0,2012,0
2012-05-11,2012-05-18,CP_LV,traded,-0.07399452712412884,2012,0
2012-05-18,2012-05-25,CP_G,skip,0.0,2012,0
2012-05-25,2012-06-01,CP_MOM,traded,-0.001798751391055629,2012,0
2012-06-01,2012-06-08,CP_G,skip,0.0,2012,0
2012-06-08,2012-06-15,CP_V,traded,0.02642903246914672,2012,1
2012-06-15,2012-06-22,CP_S,traded,0.022209403290494416,2012,1
2012-06-22,2012-06-29,CP_S,traded,-0.014694056589658841,2012,0
2012-06-29,2012-07-06,CP_S,traded,0.042849472012831624,2012,1
2012-07-06,2012-07-13,CP_V,traded,-0.03757104343304933,2012,0
2012-07-13,2012-07-20,CP_MOM,traded,-0.007571553989944034,2012,0
2012-07-20,2012-07-27,CP_LV,traded,-0.002111599589089162,2012,0
2012-07-27,2012-08-03,CP_V,traded,0.02176932482673123,2012,1
2012-08-03,2012-08-10,CP_V,traded,0.04707559041386282,2012,1
2012-08-10,2012-08-17,CP_G,skip,0.0,2012,0
2012-08-17,2012-08-24,CP_MOM,traded,0.0272726833592598,2012,1
2012-08-24,2012-08-31,CP_Q,skip,0.0,2012,0
2012-08-31,2012-09-07,CP_LV,traded,0.006707434512339917,2012,1
2012-09-07,2012-09-14,CP_V,traded,0.03371404247069707,2012,1
2012-09-14,2012-09-21,CP_MOM,traded,0.041278099904634616,2012,1
2012-09-21,2012-09-28,CP_Q,skip,0.0,2012,0
2012-09-28,2012-10-05,CP_S,traded,0.03279441976038526,2012,1
2012-10-05,2012-10-12,CP_MOM,traded,0.015928179380185904,2012,1
2012-10-12,2012-10-19,CP_V,traded,0.011100915339559926,2012,1
2012-10-19,2012-10-26,CP_LV,traded,-0.005728723462966299,2012,0
2012-10-26,2012-11-02,CP_G,skip,0.0,2012,0
2012-11-02,2012-11-09,CP_S,traded,0.02102671246212414,2012,1
2012-11-09,2012-11-16,CP_LV,traded,-0.01744711585612316,2012,0
2012-11-16,2012-11-23,CP_Q,skip,0.0,2012,0
2012-11-23,2012-11-30,CP_V,traded,0.028513188364851776,2012,1
2012-11-30,2012-12-07,CP_V,traded,-0.012373425980363393,2012,0
2012-12-07,2012-12-14,CP_V,traded,0.06279037499619454,2012,1
2012-12-14,2012-12-21,CP_LV,traded,0.0027394792569673384,2012,1
2012-12-21,2012-12-28,CP_G,skip,0.0,2012,0
2012-12-28,2013-01-04,CP_S,traded,0.01629737405253647,2012,1
2013-01-04,2013-01-11,CP_S,traded,0.04037447134444351,2013,1
2013-01-11,2013-01-18,CP_V,traded,0.008382643076381582,2013,1
2013-01-18,2013-01-25,CP_V,traded,-0.020692964951133652,2013,0
2013-01-25,2013-02-01,CP_LV,traded,0.003618283584432804,2013,1
2013-02-01,2013-02-08,CP_S,traded,0.0032068156142172413,2013,1
2013-02-08,2013-02-15,CP_G,skip,0.0,2013,0
2013-02-15,2013-02-22,CP_G,skip,0.0,2013,0
2013-02-22,2013-02-28,CP_Q,skip,0.0,2013,0
2013-02-28,2013-03-08,CP_Q,skip,0.0,2013,0
2013-03-08,2013-03-15,CP_S,traded,0.014250240977088957,2013,1
2013-03-15,2013-03-22,CP_S,traded,-0.006147315995514123,2013,0
2013-03-22,2013-03-29,CP_S,traded,0.002660534886442147,2013,1
2013-03-29,2013-04-05,CP_MOM,traded,-6.531230594904831e-05,2013,0
2013-04-05,2013-04-12,CP_MOM,traded,-0.007063278866805521,2013,0
2013-04-12,2013-04-19,CP_MOM,traded,0.011422680781324747,2013,1
2013-04-19,2013-04-26,CP_S,traded,0.0708926527079344,2013,1
2013-04-26,2013-05-03,CP_V,traded,0.006525024089774902,2013,1
2013-05-03,2013-05-10,CP_V,traded,0.010560480032663112,2013,1
2013-05-10,2013-05-16,CP_V,traded,0.0169036921616878,2013,1
2013-05-16,2013-05-24,CP_S,traded,0.014747714371765431,2013,1
2013-05-24,2013-05-31,CP_V,traded,-0.029039787135555183,2013,0
2013-05-31,2013-06-07,CP_LV,traded,-0.021845373762198715,2013,0
2013-06-07,2013-06-14,CP_LV,traded,-0.01253803362503326,2013,0
2013-06-14,2013-06-21,CP_MOM,traded,-0.032115763515590375,2013,0
2013-06-21,2013-06-28,CP_G,skip,0.0,2013,0
2013-06-28,2013-07-05,CP_Q,skip,0.0,2013,0
2013-07-05,2013-07-12,CP_G,skip,0.0,2013,0
2013-07-12,2013-07-19,CP_S,traded,0.007372948297073724,2013,1
2013-07-19,2013-07-26,CP_V,traded,0.015216866187257929,2013,1
2013-07-26,2013-08-02,CP_S,traded,0.008604304720897373,2013,1
2013-08-02,2013-08-09,CP_S,traded,0.005689031363129495,2013,1
2013-08-09,2013-08-16,CP_V,traded,0.018930219326643363,2013,1
2013-08-16,2013-08-23,CP_MOM,traded,-0.04463768496351241,2013,0
2013-08-23,2013-08-30,CP_V,traded,0.01510332390840582,2013,1
2013-08-30,2013-09-06,CP_V,traded,0.017785830944646176,2013,1
2013-09-06,2013-09-13,CP_G,skip,0.0,2013,0
2013-09-13,2013-09-17,CP_LV,traded,-0.003886408651420579,2013,0
2013-09-17,2013-09-27,CP_MOM,traded,0.02167933318187184,2013,1
2013-09-27,2013-10-04,CP_Q,skip,0.0,2013,0
2013-10-04,2013-10-11,CP_V,traded,-0.009941770895962985,2013,0
2013-10-11,2013-10-18,CP_LV,traded,-0.0006876728349456611,2013,0
2013-10-18,2013-10-25,CP_S,traded,0.011422840645364231,2013,1
2013-10-25,2013-11-01,CP_Q,skip,0.0,2013,0
2013-11-01,2013-11-08,CP_LV,traded,-0.011122824308696343,2013,0
2013-11-08,2013-11-15,CP_S,traded,-0.008495486516536064,2013,0
2013-11-15,2013-11-22,CP_G,skip,0.0,2013,0
2013-11-22,2013-11-29,CP_Q,skip,0.0,2013,0
2013-11-29,2013-12-06,CP_Q,skip,0.0,2013,0
2013-12-06,2013-12-13,CP_LV,traded,0.0012517047666416722,2013,1
2013-12-13,2013-12-20,CP_V,traded,0.022406631436221396,2013,1
2013-12-20,2013-12-27,CP_G,skip,0.0,2013,0
2013-12-27,2014-01-03,CP_S,traded,0.006888216086484957,2013,1
2014-01-03,2014-01-10,CP_S,traded,0.027715812573255595,2014,1
2014-01-10,2014-01-17,CP_G,skip,0.0,2014,0
2014-01-17,2014-01-24,CP_LV,traded,-0.03412792465650323,2014,0
2014-01-24,2014-01-29,CP_MOM,traded,-0.00229445179609916,2014,0
2014-01-29,2014-02-07,CP_S,traded,0.019914880113972237,2014,1
2014-02-07,2014-02-14,CP_G,skip,0.0,2014,0
2014-02-14,2014-02-21,CP_S,traded,0.022418208180158876,2014,1
2014-02-21,2014-02-28,CP_S,traded,0.04281213459568008,2014,1
2014-02-28,2014-03-07,CP_S,traded,0.030354597183867647,2014,1
2014-03-07,2014-03-14,CP_S,traded,-0.0025762222154785057,2014,0
2014-03-14,2014-03-21,CP_S,traded,0.02601683168465333,2014,1
2014-03-21,2014-03-28,CP_V,traded,0.02089549166674786,2014,1
2014-03-28,2014-04-04,CP_S,traded,0.02892754192081736,2014,1
2014-04-04,2014-04-11,CP_S,traded,-0.0015673125979229635,2014,0
2014-04-11,2014-04-18,CP_S,traded,0.05469796140875083,2014,1
2014-04-18,2014-04-25,CP_Q,skip,0.0,2014,0
2014-04-25,2014-05-02,CP_MOM,traded,0.016765564803827473,2014,1
2014-05-02,2014-05-09,CP_MOM,traded,-0.0013114869818884195,2014,0
2014-05-09,2014-05-16,CP_LV,traded,0.014191298779050178,2014,1
2014-05-16,2014-05-23,CP_MOM,traded,0.04513742585702123,2014,1
2014-05-23,2014-05-30,CP_MOM,traded,0.008130395754641131,2014,1
2014-05-30,2014-06-05,CP_LV,traded,-0.00603705732066979,2014,0
2014-06-05,2014-06-13,CP_S,traded,0.02976386371119496,2014,1
2014-06-13,2014-06-20,CP_MOM,traded,0.01492694362384356,2014,1
2014-06-20,2014-06-27,CP_S,traded,-0.014631410673912324,2014,0
2014-06-27,2014-07-04,CP_MOM,traded,0.06444814509990171,2014,1
2014-07-04,2014-07-11,CP_S,traded,0.011616982725771031,2014,1
2014-07-11,2014-07-18,CP_S,traded,0.026204007351533186,2014,1
2014-07-18,2014-07-25,CP_LV,traded,0.022996113180476854,2014,1
2014-07-25,2014-08-01,CP_LV,traded,0.02110488427048899,2014,1
2014-08-01,2014-08-08,CP_MOM,traded,0.028268600338827075,2014,1
2014-08-08,2014-08-14,CP_MOM,traded,0.037731797803914946,2014,1
2014-08-14,2014-08-22,CP_MOM,traded,0.07634903582436414,2014,1
2014-08-22,2014-08-29,CP_V,traded,0.019413664205613503,2014,1
2014-08-29,2014-09-05,CP_S,traded,-0.008322728142966194,2014,0
2014-09-05,2014-09-12,CP_LV,traded,0.0003746733287051012,2014,1
2014-09-12,2014-09-19,CP_G,skip,0.0,2014,0
2014-09-19,2014-09-26,CP_MOM,traded,0.013746429146871875,2014,1
2014-09-26,2014-10-02,CP_MOM,traded,0.02175065266272326,2014,1
2014-10-02,2014-10-10,CP_LV,traded,-0.025068229725971315,2014,0
2014-10-10,2014-10-17,CP_S,traded,0.0020802992293259452,2014,1
2014-10-17,2014-10-24,CP_MOM,traded,0.058706549099770564,2014,1
2014-10-24,2014-10-31,CP_LV,traded,0.016010165049882098,2014,1
2014-10-31,2014-11-07,CP_V,traded,-0.00723659424996068,2014,0
2014-11-07,2014-11-14,CP_V,traded,-0.015444451903529598,2014,0
2014-11-14,2014-11-21,CP_G,skip,0.0,2014,0
2014-11-21,2014-11-28,CP_MOM,traded,-0.00856462794117083,2014,0
2014-11-28,2014-12-05,CP_S,traded,0.037440889836360604,2014,1
2014-12-05,2014-12-12,CP_LV,traded,-0.019769298591767626,2014,0
2014-12-12,2014-12-19,CP_LV,traded,0.01577752375292514,2014,1
2014-12-19,2014-12-26,CP_S,traded,0.017533919897669607,2014,1
2014-12-26,2015-01-02,CP_MOM,traded,0.03642407837006693,2014,1
2015-01-02,2015-01-09,CP_G,skip,0.0,2015,0
2015-01-09,2015-01-16,CP_S,traded,-0.0017194036363980298,2015,0
2015-01-16,2015-01-23,CP_MOM,traded,0.01573570249692803,2015,1
2015-01-23,2015-01-30,CP_S,traded,0.022131672979466367,2015,1
2015-01-30,2015-02-06,CP_S,traded,0.028170544450960656,2015,1
2015-02-06,2015-02-13,CP_MOM,traded,0.01848510431090957,2015,1
2015-02-13,2015-02-17,CP_V,traded,0.006125083475075789,2015,1
2015-02-17,2015-02-27,CP_S,traded,0.03259840502603489,2015,1
2015-02-27,2015-03-06,CP_G,skip,0.0,2015,0
2015-03-06,2015-03-13,CP_MOM,traded,-0.011718630852494891,2015,0
2015-03-13,2015-03-20,CP_MOM,traded,0.04825362435497253,2015,1
2015-03-20,2015-03-27,CP_MOM,traded,0.04350474481644919,2015,1
2015-03-27,2015-04-03,CP_S,traded,0.025601463769390508,2015,1
2015-04-03,2015-04-10,CP_MOM,traded,0.06563967735059273,2015,1
2015-04-10,2015-04-17,CP_LV,traded,0.04013790498703137,2015,1
2015-04-17,2015-04-24,CP_V,traded,-0.005687446810469008,2015,0
2015-04-24,2015-04-30,CP_S,traded,-0.018240860357174538,2015,0
2015-04-30,2015-05-08,CP_MOM,traded,0.010320051955322464,2015,1
2015-05-08,2015-05-15,CP_MOM,traded,0.08317453716135453,2015,1
2015-05-15,2015-05-22,CP_S,traded,0.010509104040643926,2015,1
2015-05-22,2015-05-29,CP_G,skip,0.0,2015,0
2015-05-29,2015-06-05,CP_MOM,traded,0.013074148495734841,2015,1
2015-06-05,2015-06-12,CP_MOM,traded,0.03712933881779168,2015,1
2015-06-12,2015-06-19,CP_MOM,traded,0.038109239812983996,2015,1
2015-06-19,2015-06-26,CP_MOM,traded,0.018120932651563948,2015,1
2015-06-26,2015-07-03,CP_MOM,traded,0.008788508120678586,2015,1
2015-07-03,2015-07-10,CP_V,traded,-0.043493973894951035,2015,0
2015-07-10,2015-07-17,CP_MOM,traded,0.029883957020510964,2015,1
2015-07-17,2015-07-24,CP_LV,traded,-0.035736857769902985,2015,0
2015-07-24,2015-07-31,CP_LV,traded,-0.026821962722355694,2015,0
2015-07-31,2015-08-07,CP_MOM,traded,0.037535854719508675,2015,1
2015-08-07,2015-08-13,CP_LV,traded,0.0023005536559146406,2015,1
2015-08-13,2015-08-21,CP_LV,traded,-0.09096374988524344,2015,0
2015-08-21,2015-08-28,CP_G,skip,0.0,2015,0
2015-08-28,2015-09-04,CP_V,traded,-0.031320450385688814,2015,0
2015-09-04,2015-09-11,CP_V,traded,0.05474855397310781,2015,1
2015-09-11,2015-09-18,CP_G,skip,0.0,2015,0
2015-09-18,2015-09-25,CP_LV,traded,0.01864628933481932,2015,1
2015-09-25,2015-10-02,CP_S,traded,0.00022820265186417488,2015,1
2015-10-02,2015-10-08,CP_V,traded,0.024695518913182814,2015,1
2015-10-08,2015-10-16,CP_S,traded,0.00542091261086183,2015,1
2015-10-16,2015-10-23,CP_Q,skip,0.0,2015,0
2015-10-23,2015-10-30,CP_G,skip,0.0,2015,0
2015-10-30,2015-11-06,CP_MOM,traded,0.02031234575236906,2015,1
2015-11-06,2015-11-13,CP_MOM,traded,-0.027567124517657214,2015,0
2015-11-13,2015-11-20,CP_G,skip,0.0,2015,0
2015-11-20,2015-11-27,CP_G,skip,0.0,2015,0
2015-11-27,2015-12-04,CP_MOM,traded,-0.044431045193988064,2015,0
2015-12-04,2015-12-11,CP_LV,traded,-0.025047877115708904,2015,0
2015-12-11,2015-12-18,CP_S,traded,0.01562622937418802,2015,1
2015-12-18,2015-12-24,CP_V,traded,0.024125936696105237,2015,1
2015-12-24,2015-12-30,CP_G,skip,0.0,2015,0
2015-12-30,2016-01-08,CP_MOM,traded,0.04229934089973695,2015,1
2016-01-08,2016-01-15,CP_Q,skip,0.0,2016,0
2016-01-15,2016-01-22,CP_MOM,traded,0.00983760955679477,2016,1
2016-01-22,2016-01-29,CP_V,traded,0.05444400021643061,2016,1
2016-01-29,2016-02-05,CP_LV,traded,0.020198113212524217,2016,1
2016-02-05,2016-02-12,CP_V,traded,-0.050042389958436004,2016,0
2016-02-12,2016-02-19,CP_S,traded,0.058503985035181005,2016,1
2016-02-19,2016-02-26,CP_S,traded,0.007369069066074298,2016,1
2016-02-26,2016-03-04,CP_V,traded,0.05054764789955737,2016,1
2016-03-04,2016-03-11,CP_S,traded,0.03171558162356033,2016,1
2016-03-11,2016-03-18,CP_V,traded,-7.18565985706836e-05,2016,0
2016-03-18,2016-03-25,CP_LV,traded,-0.01611439212197796,2016,0
2016-03-25,2016-04-01,CP_MOM,traded,0.003380765481827943,2016,1
2016-04-01,2016-04-08,CP_V,traded,0.018286043578704392,2016,1
2016-04-08,2016-04-15,CP_V,traded,0.06597044849530476,2016,1
2016-04-15,2016-04-22,CP_S,traded,0.013256663848068874,2016,1
2016-04-22,2016-04-29,CP_LV,traded,-0.01674170671755465,2016,0
2016-04-29,2016-05-04,CP_Q,skip,0.0,2016,0
2016-05-04,2016-05-13,CP_MOM,traded,0.008728447730745116,2016,1
2016-05-13,2016-05-20,CP_MOM,traded,0.03808908993770449,2016,1
2016-05-20,2016-05-27,CP_V,traded,0.013424461881437168,2016,1
2016-05-27,2016-06-03,CP_G,skip,0.0,2016,0
2016-06-03,2016-06-10,CP_V,traded,0.009833482630597969,2016,1
2016-06-10,2016-06-17,CP_MOM,traded,-0.07505127660040248,2016,0
2016-06-17,2016-06-24,CP_LV,traded,-0.03636657369980042,2016,0
2016-06-24,2016-07-01,CP_S,traded,0.06628391102351328,2016,1
2016-07-01,2016-07-08,CP_S,traded,0.006701662117089415,2016,1
2016-07-08,2016-07-15,CP_V,traded,0.02780128430290703,2016,1
2016-07-15,2016-07-22,CP_V,traded,0.004434707747671575,2016,1
2016-07-22,2016-07-29,CP_V,traded,0.027206772726816285,2016,1
2016-07-29,2016-08-05,CP_LV,traded,-0.011365342993583126,2016,0
2016-08-05,2016-08-12,CP_G,skip,0.0,2016,0
2016-08-12,2016-08-19,CP_MOM,traded,0.01534808654536717,2016,1
2016-08-19,2016-08-26,CP_LV,traded,-0.011278833002846553,2016,0
2016-08-26,2016-09-02,CP_V,traded,-0.0005229910909749207,2016,0
2016-09-02,2016-09-09,CP_V,traded,0.0029862325783147755,2016,1
2016-09-09,2016-09-13,CP_G,skip,0.0,2016,0
2016-09-13,2016-09-23,CP_G,skip,0.0,2016,0
2016-09-23,2016-09-30,CP_V,traded,-0.03456640779577489,2016,0
2016-09-30,2016-10-07,CP_LV,traded,-0.010174708976726475,2016,0
2016-10-07,2016-10-14,CP_V,traded,0.007311742327176176,2016,1
2016-10-14,2016-10-21,CP_V,traded,-0.0003419858978591522,2016,0
2016-10-21,2016-10-28,CP_LV,traded,-0.0056968887027528765,2016,0
2016-10-28,2016-11-04,CP_S,traded,-0.061104556242661104,2016,0
2016-11-04,2016-11-11,CP_V,traded,0.03472551246687341,2016,1
2016-11-11,2016-11-18,CP_LV,traded,-0.03182271102607204,2016,0
2016-11-18,2016-11-25,CP_LV,traded,-0.0024950346795639105,2016,0
2016-11-25,2016-12-02,CP_LV,traded,0.007442216933898451,2016,1
2016-12-02,2016-12-09,CP_S,traded,0.03278566512567425,2016,1
2016-12-09,2016-12-16,CP_S,traded,0.059879576752183694,2016,1
2016-12-16,2016-12-23,CP_V,traded,0.010734315582990364,2016,1
2016-12-23,2016-12-29,CP_G,skip,0.0,2016,0
2016-12-29,2017-01-06,CP_S,traded,0.022921551761817115,2016,1
2017-01-06,2017-01-13,CP_LV,traded,-0.0024572777550342134,2017,0
2017-01-13,2017-01-20,CP_LV,traded,-0.00974713892048069,2017,0
2017-01-20,2017-01-26,CP_G,skip,0.0,2017,0
2017-01-26,2017-02-03,CP_LV,traded,0.013780460372396311,2017,1
2017-02-03,2017-02-10,CP_V,traded,0.018226826068209814,2017,1
2017-02-10,2017-02-17,CP_S,traded,0.02830648898508853,2017,1
2017-02-17,2017-02-24,CP_LV,traded,0.014577580307857408,2017,1
2017-02-24,2017-03-03,CP_MOM,traded,-0.003996599744130389,2017,0
2017-03-03,2017-03-10,CP_S,traded,0.052409284045698154,2017,1
2017-03-10,2017-03-17,CP_V,traded,0.025282394203916973,2017,1
2017-03-17,2017-03-24,CP_LV,traded,0.020665733004909335,2017,1
2017-03-24,2017-03-31,CP_S,traded,0.013010876704881836,2017,1
2017-03-31,2017-04-07,CP_Q,skip,0.0,2017,0
2017-04-07,2017-04-14,CP_Q,skip,0.0,2017,0
2017-04-14,2017-04-21,CP_LV,traded,0.013304783680378664,2017,1
2017-04-21,2017-04-28,CP_V,traded,0.006603252493714398,2017,1
2017-04-28,2017-05-04,CP_G,skip,0.0,2017,0
2017-05-04,2017-05-12,CP_LV,traded,0.013999690909838417,2017,1
2017-05-12,2017-05-19,CP_MOM,traded,0.007871091882813343,2017,1
2017-05-19,2017-05-26,CP_LV,traded,0.014375810091598164,2017,1
2017-05-26,2017-06-02,CP_G,skip,0.0,2017,0
2017-06-02,2017-06-09,CP_V,traded,-0.007709404094074178,2017,0
2017-06-09,2017-06-16,CP_MOM,traded,-0.017243305012543095,2017,0
2017-06-16,2017-06-23,CP_MOM,traded,0.005223083428393962,2017,1
2017-06-23,2017-06-30,CP_V,traded,0.011948455339832555,2017,1
2017-06-30,2017-07-07,CP_MOM,traded,0.0053726917751725795,2017,1
2017-07-07,2017-07-14,CP_MOM,traded,0.015173053081682987,2017,1
2017-07-14,2017-07-21,CP_MOM,traded,0.040503137613787786,2017,1
2017-07-21,2017-07-28,CP_LV,traded,0.010399290922858153,2017,1
2017-07-28,2017-08-04,CP_V,traded,-0.007790894776268085,2017,0
2017-08-04,2017-08-11,CP_Q,skip,0.0,2017,0
2017-08-11,2017-08-18,CP_G,skip,0.0,2017,0
2017-08-18,2017-08-25,CP_G,skip,0.0,2017,0
2017-08-25,2017-09-01,CP_S,traded,0.0305625932320853,2017,1
2017-09-01,2017-09-08,CP_MOM,traded,-0.022107030496493242,2017,0
2017-09-08,2017-09-15,CP_MOM,traded,0.015586473793924705,2017,1
2017-09-15,2017-09-22,CP_LV,traded,-0.025913490260247474,2017,0
2017-09-22,2017-09-29,CP_G,skip,0.0,2017,0
2017-09-29,2017-10-13,CP_LV,traded,0.01893017272537844,2017,1
2017-10-13,2017-10-20,CP_S,traded,0.022083752739160245,2017,1
2017-10-20,2017-10-27,CP_S,traded,0.06464634363435443,2017,1
2017-10-27,2017-11-03,CP_Q,skip,0.0,2017,0
2017-11-03,2017-11-10,CP_S,traded,0.06548847780933435,2017,1
2017-11-10,2017-11-17,CP_MOM,traded,0.020796859568314972,2017,1
2017-11-17,2017-11-24,CP_Q,skip,0.0,2017,0
2017-11-24,2017-12-01,CP_LV,traded,-0.006608614728357652,2017,0
2017-12-01,2017-12-08,CP_LV,traded,0.0006437084578306291,2017,1
2017-12-08,2017-12-15,CP_LV,traded,0.009644899179478252,2017,1
2017-12-15,2017-12-22,CP_S,traded,-0.0003532862887426363,2017,0
2017-12-22,2017-12-28,CP_G,skip,0.0,2017,0
2017-12-28,2018-01-05,CP_V,traded,-0.0029415116505721022,2017,0
2018-01-05,2018-01-12,CP_MOM,traded,0.029872465625691347,2018,1
2018-01-12,2018-01-19,CP_S,traded,0.052307970525308965,2018,1
2018-01-19,2018-01-26,CP_V,traded,0.03805696160067897,2018,1
2018-01-26,2018-02-02,CP_V,traded,0.015400037592742036,2018,1
2018-02-02,2018-02-09,CP_S,traded,-0.037479902735184735,2018,0
2018-02-09,2018-02-14,CP_G,skip,0.0,2018,0
2018-02-14,2018-02-23,CP_LV,traded,0.012931041882056694,2018,1
2018-02-23,2018-03-02,CP_G,skip,0.0,2018,0
2018-03-02,2018-03-09,CP_MOM,traded,0.015087858773440434,2018,1
2018-03-09,2018-03-16,CP_Q,skip,0.0,2018,0
2018-03-16,2018-03-23,CP_MOM,traded,-0.09099333068741597,2018,0
2018-03-23,2018-03-30,CP_MOM,traded,0.0685045814378746,2018,1
2018-03-30,2018-04-06,CP_MOM,traded,0.0434638311941591,2018,1
2018-04-06,2018-04-13,CP_G,skip,0.0,2018,0
2018-04-13,2018-04-20,CP_V,traded,0.012149906914865873,2018,1
2018-04-20,2018-04-27,CP_LV,traded,-0.002355049782727368,2018,0
2018-04-27,2018-05-04,CP_LV,traded,0.005527399864264872,2018,1
2018-05-04,2018-05-11,CP_MOM,traded,-0.051695340375756405,2018,0
2018-05-11,2018-05-18,CP_MOM,traded,-0.026457637339766846,2018,0
2018-05-18,2018-05-25,CP_MOM,traded,0.0275899470353186,2018,1
2018-05-25,2018-06-01,CP_G,skip,0.0,2018,0
2018-06-01,2018-06-08,CP_LV,traded,0.027515790124407302,2018,1
2018-06-08,2018-06-15,CP_LV,traded,-0.0037118879587287193,2018,0
2018-06-15,2018-06-22,CP_MOM,traded,-0.01773698502605949,2018,0
2018-06-22,2018-06-29,CP_LV,traded,-0.004107327238403856,2018,0
2018-06-29,2018-07-06,CP_S,traded,0.002361859388707423,2018,1
2018-07-06,2018-07-13,CP_G,skip,0.0,2018,0
2018-07-13,2018-07-20,CP_LV,traded,-0.02410405215480775,2018,0
2018-07-20,2018-07-27,CP_V,traded,0.027764309622484953,2018,1
2018-07-27,2018-08-03,CP_S,traded,0.017330259733442224,2018,1
2018-08-03,2018-08-10,CP_LV,traded,0.012562806252706627,2018,1
2018-08-10,2018-08-17,CP_S,traded,0.013623703155973612,2018,1
2018-08-17,2018-08-24,CP_G,skip,0.0,2018,0
2018-08-24,2018-08-31,CP_S,traded,0.038926781026023795,2018,1
2018-08-31,2018-09-07,CP_V,traded,-0.006455826159064491,2018,0
2018-09-07,2018-09-14,CP_S,traded,0.03298796594236233,2018,1
2018-09-14,2018-09-21,CP_MOM,traded,0.007564410472685792,2018,1
2018-09-21,2018-09-28,CP_LV,traded,0.016310449146863026,2018,1
2018-09-28,2018-10-05,CP_LV,traded,-0.021815635223553086,2018,0
2018-10-05,2018-10-12,CP_LV,traded,-0.060662915655078344,2018,0
2018-10-12,2018-10-19,CP_G,skip,0.0,2018,0
2018-10-19,2018-10-26,CP_LV,traded,-0.0255177473213263,2018,0
2018-10-26,2018-11-02,CP_G,skip,0.0,2018,0
2018-11-02,2018-11-09,CP_LV,traded,-0.014894498066086979,2018,0
2018-11-09,2018-11-16,CP_G,skip,0.0,2018,0
2018-11-16,2018-11-23,CP_LV,traded,-0.024949428964004434,2018,0
2018-11-23,2018-11-30,CP_V,traded,0.030503285666522606,2018,1
2018-11-30,2018-12-07,CP_LV,traded,-0.014850387895184634,2018,0
2018-12-07,2018-12-14,CP_V,traded,0.0055074478991584816,2018,1
2018-12-14,2018-12-21,CP_Q,skip,0.0,2018,0
2018-12-21,2018-12-28,CP_G,skip,0.0,2018,0
2018-12-28,2019-01-04,CP_MOM,traded,-0.03563397816251921,2018,0
2019-01-04,2019-01-11,CP_S,traded,0.07335429700717006,2019,1
2019-01-11,2019-01-18,CP_V,traded,0.02509882385191571,2019,1
2019-01-18,2019-01-25,CP_S,traded,0.09617217292185157,2019,1
2019-01-25,2019-02-01,CP_Q,skip,0.0,2019,0
2019-02-01,2019-02-08,CP_MOM,traded,0.028377423542645684,2019,1
2019-02-08,2019-02-15,CP_S,traded,0.03826467083903303,2019,1
2019-02-15,2019-02-22,CP_Q,skip,0.0,2019,0
2019-02-22,2019-02-28,CP_S,traded,-0.015668459270714474,2019,0
2019-02-28,2019-03-08,CP_Q,skip,0.0,2019,0
2019-03-08,2019-03-15,CP_LV,traded,0.04798387115977132,2019,1
2019-03-15,2019-03-22,CP_Q,skip,0.0,2019,0
2019-03-22,2019-03-29,CP_MOM,traded,0.014122016092564428,2019,1
2019-03-29,2019-04-05,CP_V,traded,0.03415701674013549,2019,1
2019-04-05,2019-04-12,CP_G,skip,0.0,2019,0
2019-04-12,2019-04-19,CP_G,skip,0.0,2019,0
2019-04-19,2019-04-26,CP_Q,skip,0.0,2019,0
2019-04-26,2019-05-03,CP_S,traded,0.030068240670896154,2019,1
2019-05-03,2019-05-10,CP_LV,traded,-0.02570176698745987,2019,0
2019-05-10,2019-05-17,CP_MOM,traded,-0.030750322573679698,2019,0
2019-05-17,2019-05-24,CP_LV,traded,-0.010065391812087885,2019,0
2019-05-24,2019-05-31,CP_G,skip,0.0,2019,0
2019-05-31,2019-06-07,CP_S,traded,0.041967394584604446,2019,1
2019-06-07,2019-06-14,CP_LV,traded,0.02902161917986934,2019,1
2019-06-14,2019-06-21,CP_V,traded,0.005046475863270651,2019,1
2019-06-21,2019-06-28,CP_LV,traded,-0.00019400017519589463,2019,0
2019-06-28,2019-07-05,CP_V,traded,-0.01149642870497287,2019,0
2019-07-05,2019-07-12,CP_MOM,traded,-0.0018798365676717538,2019,0
2019-07-12,2019-07-19,CP_Q,skip,0.0,2019,0
2019-07-19,2019-07-26,CP_LV,traded,-0.030515450442351176,2019,0
2019-07-26,2019-08-02,CP_MOM,traded,-0.016126783771933426,2019,0
2019-08-02,2019-08-09,CP_S,traded,-0.044424070979739196,2019,0
2019-08-09,2019-08-16,CP_V,traded,-0.02823274992792095,2019,0
2019-08-16,2019-08-23,CP_LV,traded,0.029718370345524117,2019,1
2019-08-23,2019-08-30,CP_S,traded,0.016489990682415315,2019,1
2019-08-30,2019-09-06,CP_G,skip,0.0,2019,0
2019-09-06,2019-09-11,CP_V,traded,0.025096945600739787,2019,1
2019-09-11,2019-09-20,CP_MOM,traded,-0.0013979609069355563,2019,0
2019-09-20,2019-09-27,CP_Q,skip,0.0,2019,0
2019-09-27,2019-10-04,CP_S,traded,-0.03182374154657792,2019,0
2019-10-04,2019-10-11,CP_G,skip,0.0,2019,0
2019-10-11,2019-10-18,CP_Q,skip,0.0,2019,0
2019-10-18,2019-10-25,CP_Q,skip,0.0,2019,0
2019-10-25,2019-11-01,CP_G,skip,0.0,2019,0
2019-11-01,2019-11-08,CP_V,traded,0.05664675682352638,2019,1
2019-11-08,2019-11-15,CP_MOM,traded,-0.0019053684209634919,2019,0
2019-11-15,2019-11-22,CP_LV,traded,-0.035159614648399826,2019,0
2019-11-22,2019-11-29,CP_LV,traded,0.00016480728497016064,2019,1
2019-11-29,2019-12-06,CP_MOM,traded,0.010295733261421748,2019,1
2019-12-06,2019-12-13,CP_V,traded,0.02761924795684241,2019,1
2019-12-13,2019-12-20,CP_MOM,traded,-0.0007546986292588191,2019,0
2019-12-20,2019-12-27,CP_G,skip,0.0,2019,0
2019-12-27,2020-01-03,CP_G,skip,0.0,2019,0
2020-01-03,2020-01-10,CP_G,skip,0.0,2020,0
2020-01-10,2020-01-17,CP_V,traded,0.02551428913691319,2020,1
2020-01-17,2020-01-23,CP_MOM,traded,-0.005484212275891086,2020,0
2020-01-23,2020-01-31,CP_G,skip,0.0,2020,0
2020-01-31,2020-02-07,CP_G,skip,0.0,2020,0
2020-02-07,2020-02-14,CP_MOM,traded,0.010935338938196539,2020,1
2020-02-14,2020-02-21,CP_Q,skip,0.0,2020,0
2020-02-21,2020-02-28,CP_S,traded,-0.06366566736202314,2020,0
2020-02-28,2020-03-06,CP_MOM,traded,0.06106309550898441,2020,1
2020-03-06,2020-03-13,CP_LV,traded,-0.16015174858089387,2020,0
2020-03-13,2020-03-20,CP_MOM,traded,-0.07932151625869223,2020,0
2020-03-20,2020-03-27,CP_S,traded,0.24694839145839623,2020,1
2020-03-27,2020-04-03,CP_S,traded,0.07409058981184827,2020,1
2020-04-03,2020-04-10,CP_V,traded,0.13053147903526843,2020,1
2020-04-10,2020-04-17,CP_G,skip,0.0,2020,0
2020-04-17,2020-04-24,CP_LV,traded,-0.021143817232319215,2020,0
2020-04-24,2020-04-29,CP_Q,skip,0.0,2020,0
2020-04-29,2020-05-08,CP_S,traded,0.06528812084912106,2020,1
2020-05-08,2020-05-15,CP_MOM,traded,0.0025068099640260704,2020,1
2020-05-15,2020-05-22,CP_G,skip,0.0,2020,0
2020-05-22,2020-05-29,CP_V,traded,0.005907888059827983,2020,1
2020-05-29,2020-06-05,CP_V,traded,0.09445391437429647,2020,1
2020-06-05,2020-06-12,CP_MOM,traded,0.040330968904935094,2020,1
2020-06-12,2020-06-19,CP_MOM,traded,-0.004807543518898492,2020,0
2020-06-19,2020-06-26,CP_MOM,traded,-0.005315337959920084,2020,0
2020-06-26,2020-07-03,CP_G,skip,0.0,2020,0
2020-07-03,2020-07-10,CP_MOM,traded,0.11738449409980534,2020,1
2020-07-10,2020-07-17,CP_V,traded,0.06969911033887335,2020,1
2020-07-17,2020-07-24,CP_MOM,traded,0.15875465033977568,2020,1
2020-07-24,2020-07-31,CP_MOM,traded,0.0419714500722312,2020,1
2020-07-31,2020-08-07,CP_MOM,traded,0.07626370534792322,2020,1
2020-08-07,2020-08-14,CP_LV,traded,0.05125083784632718,2020,1
2020-08-14,2020-08-21,CP_MOM,traded,-0.0384152954989719,2020,0
2020-08-21,2020-08-28,CP_MOM,traded,0.07865850236582587,2020,1
2020-08-28,2020-09-04,CP_V,traded,0.05873408943444047,2020,1
2020-09-04,2020-09-11,CP_V,traded,0.025579181096926577,2020,1
2020-09-11,2020-09-18,CP_V,traded,0.013034549556064813,2020,1
2020-09-18,2020-09-25,CP_LV,traded,-0.04829988597345518,2020,0
2020-09-25,2020-09-29,CP_V,traded,0.03668898836977217,2020,1
2020-09-29,2020-10-08,CP_V,traded,0.022109450266222866,2020,1
2020-10-08,2020-10-16,CP_LV,traded,-0.0030859324897382617,2020,0
2020-10-16,2020-10-23,CP_V,traded,0.0700679957638577,2020,1
2020-10-23,2020-10-30,CP_MOM,traded,-0.026312435307181824,2020,0
2020-10-30,2020-11-06,CP_MOM,traded,0.08069176214052241,2020,1
2020-11-06,2020-11-13,CP_V,traded,0.05401835972358178,2020,1
2020-11-13,2020-11-20,CP_G,skip,0.0,2020,0
2020-11-20,2020-11-27,CP_G,skip,0.0,2020,0
2020-11-27,2020-12-04,CP_MOM,traded,0.0688827471586315,2020,1
2020-12-04,2020-12-11,CP_S,traded,-0.002489562354506934,2020,0
2020-12-11,2020-12-18,CP_S,traded,0.021400854426846937,2020,1
2020-12-18,2020-12-24,CP_LV,traded,0.014618217546282277,2020,1
2020-12-24,2020-12-30,CP_G,skip,0.0,2020,0
2020-12-30,2021-01-08,CP_LV,traded,0.023222898438402785,2020,1
2021-01-08,2021-01-15,CP_S,traded,-0.01807206017330195,2021,0
2021-01-15,2021-01-22,CP_MOM,traded,0.06255146185179378,2021,1
2021-01-22,2021-01-29,CP_MOM,traded,-0.07505424419600973,2021,0
2021-01-29,2021-02-05,CP_V,traded,0.04297460891955103,2021,1
2021-02-05,2021-02-10,CP_S,traded,0.01314818653510559,2021,1
2021-02-10,2021-02-19,CP_LV,traded,0.005730092868772331,2021,1
2021-02-19,2021-02-26,CP_V,traded,-0.014098927031063623,2021,0
2021-02-26,2021-03-05,CP_V,traded,0.005901065608526946,2021,1
2021-03-05,2021-03-12,CP_G,skip,0.0,2021,0
2021-03-12,2021-03-19,CP_Q,skip,0.0,2021,0
2021-03-19,2021-03-26,CP_V,traded,0.015451802842688512,2021,1
2021-03-26,2021-04-02,CP_MOM,traded,-0.027508369311971682,2021,0
2021-04-02,2021-04-09,CP_S,traded,0.02624287437480101,2021,1
2021-04-09,2021-04-16,CP_G,skip,0.0,2021,0
2021-04-16,2021-04-23,CP_MOM,traded,0.054959363572385,2021,1
2021-04-23,2021-04-30,CP_LV,traded,0.005260789227506903,2021,1
2021-04-30,2021-05-07,CP_V,traded,0.03831893006136167,2021,1
2021-05-07,2021-05-14,CP_LV,traded,0.009015855337736625,2021,1
2021-05-14,2021-05-21,CP_V,traded,-0.014469255595971984,2021,0
2021-05-21,2021-05-28,CP_G,skip,0.0,2021,0
2021-05-28,2021-06-04,CP_MOM,traded,0.017410063301101543,2021,1
2021-06-04,2021-06-11,CP_G,skip,0.0,2021,0
2021-06-11,2021-06-18,CP_Q,skip,0.0,2021,0
2021-06-18,2021-06-25,CP_V,traded,0.01059205497860627,2021,1
2021-06-25,2021-07-02,CP_G,skip,0.0,2021,0
2021-07-02,2021-07-09,CP_Q,skip,0.0,2021,0
2021-07-09,2021-07-16,CP_G,skip,0.0,2021,0
2021-07-16,2021-07-23,CP_MOM,traded,0.008275104205522046,2021,1
2021-07-23,2021-07-30,CP_LV,traded,-0.013998278880870194,2021,0
2021-07-30,2021-08-06,CP_G,skip,0.0,2021,0
2021-08-06,2021-08-13,CP_Q,skip,0.0,2021,0
2021-08-13,2021-08-20,CP_G,skip,0.0,2021,0
2021-08-20,2021-08-27,CP_V,traded,0.04803586462747245,2021,1
2021-08-27,2021-09-03,CP_MOM,traded,-0.007887883033985708,2021,0
2021-09-03,2021-09-10,CP_V,traded,0.02577560317726394,2021,1
2021-09-10,2021-09-17,CP_G,skip,0.0,2021,0
2021-09-17,2021-09-24,CP_MOM,traded,0.006765029278843494,2021,1
2021-09-24,2021-10-01,CP_LV,traded,-0.03674039503825549,2021,0
2021-10-01,2021-10-08,CP_V,traded,-0.011542751697034247,2021,0
2021-10-08,2021-10-15,CP_G,skip,0.0,2021,0
2021-10-15,2021-10-22,CP_G,skip,0.0,2021,0
2021-10-22,2021-10-29,CP_G,skip,0.0,2021,0
2021-10-29,2021-11-05,CP_G,skip,0.0,2021,0
2021-11-05,2021-11-12,CP_Q,skip,0.0,2021,0
2021-11-12,2021-11-19,CP_Q,skip,0.0,2021,0
2021-11-19,2021-11-26,CP_LV,traded,-0.03547955119738344,2021,0
2021-11-26,2021-12-03,CP_V,traded,-0.0028511035313856553,2021,0
2021-12-03,2021-12-10,CP_V,traded,0.023739907986967138,2021,1
2021-12-10,2021-12-17,CP_LV,traded,0.005629855975776823,2021,1
2021-12-17,2021-12-24,CP_S,traded,-0.005709895871216817,2021,0
2021-12-24,2021-12-30,CP_G,skip,0.0,2021,0
2021-12-30,2022-01-07,CP_V,traded,0.009670573114271877,2021,1
2022-01-07,2022-01-14,CP_G,skip,0.0,2022,0
2022-01-14,2022-01-21,CP_LV,traded,-0.02054124824741005,2022,0
2022-01-21,2022-01-28,CP_V,traded,-0.032281478393639984,2022,0
2022-01-28,2022-02-04,CP_G,skip,0.0,2022,0
2022-02-04,2022-02-11,CP_LV,traded,-0.002638911455390323,2022,0
2022-02-11,2022-02-18,CP_G,skip,0.0,2022,0
2022-02-18,2022-02-25,CP_G,skip,0.0,2022,0
2022-02-25,2022-03-04,CP_S,traded,0.06547788035905529,2022,1
2022-03-04,2022-03-11,CP_V,traded,-0.02569593845432467,2022,0
2022-03-11,2022-03-18,CP_G,skip,0.0,2022,0
2022-03-18,2022-03-25,CP_MOM,traded,0.06300683471503474,2022,1
2022-03-25,2022-04-01,CP_G,skip,0.0,2022,0
2022-04-01,2022-04-08,CP_LV,traded,-0.004396734005968471,2022,0
2022-04-08,2022-04-15,CP_S,traded,0.01591250936934513,2022,1
2022-04-15,2022-04-22,CP_S,traded,0.024870878361913575,2022,1
2022-04-22,2022-04-29,CP_Q,skip,0.0,2022,0
2022-04-29,2022-05-06,CP_V,traded,-0.015110901020047704,2022,0
2022-05-06,2022-05-13,CP_MOM,traded,-0.043827886429377926,2022,0
2022-05-13,2022-05-20,CP_G,skip,0.0,2022,0
2022-05-20,2022-05-27,CP_V,traded,0.016393451252872338,2022,1
2022-05-27,2022-06-03,CP_LV,traded,0.010240685723498412,2022,1
2022-06-03,2022-06-10,CP_LV,traded,-0.022594099660601205,2022,0
2022-06-10,2022-06-17,CP_MOM,traded,-0.09113893665558537,2022,0
2022-06-17,2022-06-24,CP_G,skip,0.0,2022,0
2022-06-24,2022-07-01,CP_LV,traded,-0.008715768976654735,2022,0
2022-07-01,2022-07-08,CP_S,traded,0.03813897503374031,2022,1
2022-07-08,2022-07-15,CP_G,skip,0.0,2022,0
2022-07-15,2022-07-22,CP_S,traded,0.0559407568220621,2022,1
2022-07-22,2022-07-29,CP_G,skip,0.0,2022,0
2022-07-29,2022-08-05,CP_G,skip,0.0,2022,0
2022-08-05,2022-08-12,CP_V,traded,0.027500843049211146,2022,1
2022-08-12,2022-08-19,CP_LV,traded,-0.0002638227467587444,2022,0
2022-08-19,2022-08-26,CP_MOM,traded,0.007922654161285394,2022,1
2022-08-26,2022-09-02,CP_LV,traded,-0.03326115882154884,2022,0
2022-09-02,2022-09-08,CP_G,skip,0.0,2022,0
2022-09-08,2022-09-16,CP_LV,traded,0.0008229058600205635,2022,1
2022-09-16,2022-09-23,CP_LV,traded,-0.0021439681490665868,2022,0
2022-09-23,2022-09-30,CP_Q,skip,0.0,2022,0
2022-09-30,2022-10-07,CP_LV,traded,0.026623068042739374,2022,1
2022-10-07,2022-10-14,CP_Q,skip,0.0,2022,0
2022-10-14,2022-10-21,CP_MOM,traded,-0.032397644742679775,2022,0
2022-10-21,2022-10-28,CP_MOM,traded,0.02009676107089333,2022,1
2022-10-28,2022-11-04,CP_V,traded,-0.007105773808220937,2022,0
2022-11-04,2022-11-11,CP_S,traded,0.053009230446240986,2022,1
2022-11-11,2022-11-18,CP_LV,traded,-0.00022568435593397313,2022,0
2022-11-18,2022-11-25,CP_S,traded,0.010847045279653213,2022,1
2022-11-25,2022-12-02,CP_S,traded,0.007369655149087941,2022,1
2022-12-02,2022-12-09,CP_LV,traded,0.016925844898185487,2022,1
2022-12-09,2022-12-16,CP_Q,skip,0.0,2022,0
2022-12-16,2022-12-23,CP_LV,traded,0.007434844647177264,2022,1
2022-12-23,2022-12-29,CP_G,skip,0.0,2022,0
2022-12-29,2023-01-06,CP_V,traded,0.008063234876498761,2022,1
2023-01-06,2023-01-13,CP_G,skip,0.0,2023,0
2023-01-13,2023-01-20,CP_Q,skip,0.0,2023,0
2023-01-20,2023-01-27,CP_G,skip,0.0,2023,0
2023-01-27,2023-02-03,CP_G,skip,0.0,2023,0
2023-02-03,2023-02-10,CP_MOM,traded,0.028013600909476542,2023,1
2023-02-10,2023-02-17,CP_S,traded,0.016290603388493412,2023,1
2023-02-17,2023-02-24,CP_MOM,traded,0.03308758614812781,2023,1
2023-02-24,2023-03-03,CP_G,skip,0.0,2023,0
2023-03-03,2023-03-10,CP_MOM,traded,-0.011212317138946779,2023,0
2023-03-10,2023-03-17,CP_G,skip,0.0,2023,0
2023-03-17,2023-03-24,CP_MOM,traded,0.0146216201039165,2023,1
2023-03-24,2023-03-31,CP_MOM,traded,0.05998650325685757,2023,1
2023-03-31,2023-04-07,CP_G,skip,0.0,2023,0
2023-04-07,2023-04-14,CP_S,traded,0.026474526580845613,2023,1
2023-04-14,2023-04-21,CP_V,traded,0.0032173497368344203,2023,1
2023-04-21,2023-04-28,CP_V,traded,-0.016681087634176115,2023,0
2023-04-28,2023-05-04,CP_LV,traded,0.0010949140538753861,2023,1
2023-05-04,2023-05-12,CP_LV,traded,-0.03486711631415641,2023,0
2023-05-12,2023-05-19,CP_G,skip,0.0,2023,0
2023-05-19,2023-05-26,CP_G,skip,0.0,2023,0
2023-05-26,2023-06-02,CP_MOM,traded,0.05627112918564183,2023,1
2023-06-02,2023-06-09,CP_MOM,traded,0.03292346056537535,2023,1
2023-06-09,2023-06-16,CP_MOM,traded,0.05078247138751567,2023,1
2023-06-16,2023-06-23,CP_MOM,traded,0.04889522919592543,2023,1
2023-06-23,2023-06-30,CP_MOM,traded,-0.00022349538695074335,2023,0
2023-06-30,2023-07-07,CP_MOM,traded,0.09226812579624263,2023,1
2023-07-07,2023-07-14,CP_G,skip,0.0,2023,0
2023-07-14,2023-07-21,CP_MOM,traded,-0.0017203600491818665,2023,0
2023-07-21,2023-07-28,CP_G,skip,0.0,2023,0
2023-07-28,2023-08-04,CP_LV,traded,0.01951509639297796,2023,1
2023-08-04,2023-08-11,CP_LV,traded,0.002299601769031336,2023,1
2023-08-11,2023-08-18,CP_S,traded,-0.05658975070382266,2023,0
2023-08-18,2023-08-25,CP_V,traded,-0.00214559924300791,2023,0
2023-08-25,2023-09-01,CP_G,skip,0.0,2023,0
2023-09-01,2023-09-08,CP_LV,traded,-0.008468903891871948,2023,0
2023-09-08,2023-09-15,CP_V,traded,0.006984703338651123,2023,1
2023-09-15,2023-09-22,CP_LV,traded,-0.013255774303496646,2023,0
2023-09-22,2023-09-27,CP_LV,traded,-0.006927977891484881,2023,0
2023-09-27,2023-10-06,CP_LV,traded,-0.010853411495515906,2023,0
2023-10-06,2023-10-13,CP_G,skip,0.0,2023,0
2023-10-13,2023-10-20,CP_LV,traded,-0.02757506884113846,2023,0
2023-10-20,2023-10-27,CP_V,traded,0.03459245578657544,2023,1
2023-10-27,2023-11-03,CP_G,skip,0.0,2023,0
2023-11-03,2023-11-10,CP_LV,traded,0.010447121420808982,2023,1
2023-11-10,2023-11-17,CP_G,skip,0.0,2023,0
2023-11-17,2023-11-24,CP_LV,traded,0.0035983516889976823,2023,1
2023-11-24,2023-12-01,CP_G,skip,0.0,2023,0
2023-12-01,2023-12-08,CP_LV,traded,0.0030377199658916075,2023,1
2023-12-08,2023-12-15,CP_G,skip,0.0,2023,0
2023-12-15,2023-12-22,CP_LV,traded,0.007076414685682311,2023,1
2023-12-22,2023-12-28,CP_G,skip,0.0,2023,0
2023-12-28,2024-01-05,CP_S,traded,0.011074634699391385,2023,1
2024-01-05,2024-01-12,CP_LV,traded,-0.007826701829138659,2024,0
2024-01-12,2024-01-19,CP_MOM,traded,-0.040400743959495555,2024,0
2024-01-19,2024-01-26,CP_V,traded,0.011848479754044195,2024,1
2024-01-26,2024-02-02,CP_V,traded,0.12106797982020905,2024,1
2024-02-02,2024-02-08,CP_G,skip,0.0,2024,0
2024-02-08,2024-02-16,CP_V,traded,0.004064017396310284,2024,1
2024-02-16,2024-02-23,CP_G,skip,0.0,2024,0
2024-02-23,2024-02-29,CP_MOM,traded,-0.05114516819185222,2024,0
2024-02-29,2024-03-08,CP_G,skip,0.0,2024,0
2024-03-08,2024-03-15,CP_G,skip,0.0,2024,0
2024-03-15,2024-03-22,CP_G,skip,0.0,2024,0
2024-03-22,2024-03-29,CP_G,skip,0.0,2024,0
2024-03-29,2024-04-05,CP_MOM,traded,0.024166443344561542,2024,1
2024-04-05,2024-04-12,CP_MOM,traded,0.05020371806986612,2024,1
2024-04-12,2024-04-19,CP_V,traded,-0.003094768589461348,2024,0
2024-04-19,2024-04-26,CP_G,skip,0.0,2024,0
2024-04-26,2024-05-03,CP_Q,skip,0.0,2024,0
2024-05-03,2024-05-10,CP_V,traded,-0.006667104961442836,2024,0
2024-05-10,2024-05-17,CP_S,traded,0.0005793855060857072,2024,1
2024-05-17,2024-05-24,CP_G,skip,0.0,2024,0
2024-05-24,2024-05-31,CP_V,traded,-0.0008220942170037641,2024,0
2024-05-31,2024-06-07,CP_G,skip,0.0,2024,0
2024-06-07,2024-06-14,CP_MOM,traded,0.028993184108750847,2024,1
2024-06-14,2024-06-21,CP_V,traded,0.011837619284663104,2024,1
2024-06-21,2024-06-28,CP_G,skip,0.0,2024,0
2024-06-28,2024-07-05,CP_Q,skip,0.0,2024,0
2024-07-05,2024-07-12,CP_V,traded,0.0020178191243744887,2024,1
2024-07-12,2024-07-19,CP_LV,traded,-0.010597873752998187,2024,0
2024-07-19,2024-07-26,CP_MOM,traded,-0.005573909692063193,2024,0
2024-07-26,2024-08-02,CP_LV,traded,-0.0025344188116977013,2024,0
2024-08-02,2024-08-09,CP_G,skip,0.0,2024,0
2024-08-09,2024-08-16,CP_LV,traded,0.008338640852849057,2024,1
2024-08-16,2024-08-23,CP_V,traded,0.010680411837675386,2024,1
2024-08-23,2024-08-30,CP_G,skip,0.0,2024,0
2024-08-30,2024-09-06,CP_LV,traded,-0.015452587571753095,2024,0
2024-09-06,2024-09-13,CP_G,skip,0.0,2024,0
2024-09-13,2024-09-20,CP_G,skip,0.0,2024,0
2024-09-20,2024-09-27,CP_G,skip,0.0,2024,0
2024-09-27,2024-10-04,CP_G,skip,0.0,2024,0
2024-10-04,2024-10-11,CP_MOM,traded,0.041369815330789914,2024,1
2024-10-11,2024-10-18,CP_MOM,traded,0.028093337406447552,2024,1
2024-10-18,2024-10-25,CP_Q,skip,0.0,2024,0
2024-10-25,2024-11-01,CP_S,traded,-0.0046343766425562686,2024,0
2024-11-01,2024-11-08,CP_V,traded,-0.0009282832741583907,2024,0
2024-11-08,2024-11-15,CP_V,traded,-0.05985225627021461,2024,0
2024-11-15,2024-11-22,CP_G,skip,0.0,2024,0
2024-11-22,2024-11-29,CP_LV,traded,0.0038542440053460324,2024,1
2024-11-29,2024-12-06,CP_Q,skip,0.0,2024,0
2024-12-06,2024-12-13,CP_S,traded,0.04610752627088431,2024,1
2024-12-13,2024-12-20,CP_Q,skip,0.0,2024,0
2024-12-20,2024-12-27,CP_MOM,traded,0.022324981881636966,2024,1
2024-12-27,2025-01-03,CP_G,skip,0.0,2024,0
2025-01-03,2025-01-10,CP_MOM,traded,0.010810225344433901,2025,1
2025-01-10,2025-01-17,CP_G,skip,0.0,2025,0
2025-01-17,2025-01-24,CP_MOM,traded,0.055497796715880586,2025,1
2025-01-24,2025-01-31,CP_LV,traded,0.0003240001216472518,2025,1
2025-01-31,2025-02-07,CP_G,skip,0.0,2025,0
2025-02-07,2025-02-14,CP_G,skip,0.0,2025,0
2025-02-14,2025-02-21,CP_V,traded,0.04434571100662377,2025,1
2025-02-21,2025-02-28,CP_MOM,traded,-0.0589636205010068,2025,0
2025-02-28,2025-03-07,CP_LV,traded,0.010351768358408677,2025,1
2025-03-07,2025-03-14,CP_Q,skip,0.0,2025,0
2025-03-14,2025-03-21,CP_LV,traded,0.0004518889336615614,2025,1
2025-03-21,2025-03-28,CP_LV,traded,0.0006946237735916644,2025,1
2025-03-28,2025-04-04,CP_S,traded,0.016256766781835075,2025,1
2025-04-04,2025-04-11,CP_G,skip,0.0,2025,0
2025-04-11,2025-04-18,CP_LV,traded,0.022333339740075245,2025,1
2025-04-18,2025-04-25,CP_G,skip,0.0,2025,0
2025-04-25,2025-05-02,CP_MOM,traded,0.009124462703499061,2025,1
2025-05-02,2025-05-09,CP_V,traded,0.003642370645858252,2025,1
2025-05-09,2025-05-16,CP_MOM,traded,-0.02248556853865928,2025,0
2025-05-16,2025-05-23,CP_MOM,traded,0.0638406022514221,2025,1
2025-05-23,2025-05-30,CP_G,skip,0.0,2025,0
2025-05-30,2025-06-05,CP_V,traded,-0.004284495089109417,2025,0
2025-06-05,2025-06-13,CP_MOM,traded,0.06098919267382376,2025,1
2025-06-13,2025-06-20,CP_G,skip,0.0,2025,0
2025-06-20,2025-06-27,CP_Q,skip,0.0,2025,0
2025-06-27,2025-07-04,CP_V,traded,0.031247258293299274,2025,1
2025-07-04,2025-07-11,CP_MOM,traded,0.09602403416733973,2025,1
2025-07-11,2025-07-18,CP_G,skip,0.0,2025,0
2025-07-18,2025-07-25,CP_G,skip,0.0,2025,0
2025-07-25,2025-08-01,CP_LV,traded,-0.04349245467821718,2025,0
2025-08-01,2025-08-08,CP_G,skip,0.0,2025,0
2025-08-08,2025-08-14,CP_LV,traded,-0.007706774111978752,2025,0
2025-08-14,2025-08-22,CP_MOM,traded,0.0007215144903729227,2025,1
2025-08-22,2025-08-29,CP_MOM,traded,0.04800839879045715,2025,1
2025-08-29,2025-09-05,CP_G,skip,0.0,2025,0
2025-09-05,2025-09-12,CP_MOM,traded,0.012101424715298839,2025,1
2025-09-12,2025-09-19,CP_G,skip,0.0,2025,0
2025-09-19,2025-09-26,CP_S,traded,-0.03953951581754707,2025,0
2025-09-26,2025-10-02,CP_G,skip,0.0,2025,0
2025-10-02,2025-10-10,CP_G,skip,0.0,2025,0
2025-10-10,2025-10-17,CP_G,skip,0.0,2025,0
2025-10-17,2025-10-24,CP_G,skip,0.0,2025,0
2025-10-24,2025-10-31,CP_MOM,traded,0.047411186052984576,2025,1
2025-10-31,2025-11-07,CP_V,traded,0.006204626750998279,2025,1
2025-11-07,2025-11-14,CP_V,traded,0.03944556192822115,2025,1
2025-11-14,2025-11-21,CP_LV,traded,-0.0008257767468703864,2025,0
2025-11-21,2025-11-28,CP_G,skip,0.0,2025,0
2025-11-28,2025-12-05,CP_MOM,traded,0.008394526752090249,2025,1
2025-12-05,2025-12-12,CP_V,traded,0.0014700244513652276,2025,1
2025-12-12,2025-12-19,CP_Q,skip,0.0,2025,0
