recv_ts,rank,code,name,holdings,nav_source,priced_components,nav,fair_value,ask1,bid1,micro,spread_bps,etf_obi,current_basis_bps,expected_basis_bps,buy_gap_bps,sell_gap_bps,decision,position_action,entry_price,exit_price,pnl_bps,hold_sec,reason,estimate_method
2026-06-24T13:38:01.590,10,0167A0,SOL AI반도체TOP2플러스,10,LOCAL_COMPONENT_MICRO_L1,10,25110.669689653623,25095.60328783983,25110.0,25095.0,25108.894601542415,5.975500448162533,-0.8288492706645056,-3.253473425676646,-6.0,-5.736746789883647,-0.24039583065989148,HOLD,WAIT,,,,,edge_below_threshold,unrounded_raw_creation_unit_regression
2026-06-24T13:38:04.080,13,396500,TIGER 반도체TOP10,10,LOCAL_COMPONENT_MICRO_L1,10,49009.47536130485,48985.14543469076,49100.0,49065.0,49082.606294864716,7.130851118015586,-0.4708459723626559,14.90010618493659,-4.9643311695806105,-23.4468152110248,16.301792022992498,HOLD,WAIT,,,,,edge_below_threshold,unrounded_raw_creation_unit_regression
2026-06-24T13:38:07.903,14,395160,KODEX AI반도체TOP2플러스,15,LOCAL_COMPONENT_MICRO_L1,15,55015.52539281504,55004.31684424251,55060.0,55025.0,55051.05987445678,6.358722805105145,-0.021620996647011215,4.9030899900269675,-2.0373428214136107,-10.123415570303555,3.7602786370496397,HOLD,WAIT,,,,,edge_below_threshold,unrounded_raw_creation_unit_regression
2026-06-24T13:38:13.105,16,395270,HANARO Fn K-반도체,20,LOCAL_COMPONENT_MICRO_L1,20,77429.57830243334,77405.50902811805,77475.0,77415.0,77415.31662269129,7.747433662599264,-0.13071789028162137,1.9917062580953548,-3.108537440469507,-8.977522757031599,1.2261364857773638,HOLD,WAIT,,,,,edge_below_threshold,rounded_to_common_creation_unit_regression
2026-06-24T13:38:17.242,17,139260,TIGER 200 IT,16,LOCAL_COMPONENT_MICRO_L1,16,184304.93085289132,184246.42756137816,184370.0,184200.0,184204.36915887852,9.22484195675177,-0.06780227120908483,-1.0814063844679633,-3.17426621428004,-6.706910970128283,-2.5198622297682394,HOLD,WAIT,,,,,edge_below_threshold,unrounded_raw_creation_unit_regression
2026-06-24T13:38:20.023,22,488080,TIGER 반도체TOP10레버리지,11,LOCAL_COMPONENT_MICRO_L1,11,77904.78988484899,77900.22907690277,77300.0,77135.0,77294.40677966102,21.368213164114355,0.9708383961117861,-88.22177504937355,-0.5854335725635895,77.0510028038854,-98.23194180178136,HOLD,WAIT,,,,,spread_too_wide,unrounded_raw_creation_unit_regression
2026-06-24T13:38:25.466,26,469150,ACE AI반도체TOP3+,20,LOCAL_COMPONENT_MICRO_L1,20,74457.35812765529,74412.68371277869,74555.0,74455.0,74459.78457510116,13.421917992081069,-0.9106689811723861,6.398544555265095,-6.0,-19.125272751972346,5.686703544337752,HOLD,WAIT,,,,,spread_too_wide,rounded_to_common_creation_unit_regression
2026-06-24T13:38:27.914,31,292150,TIGER 코리아TOP10,10,LOCAL_COMPONENT_MICRO_L1,10,46696.771010231365,46681.79961564049,46685.0,46650.0,46650.067829457366,7.49986607382011,-0.15935465609963204,-6.268315688241395,-3.2060877587438252,-0.6855743321506804,-6.811994375177697,HOLD,WAIT,,,,,edge_below_threshold,unrounded_raw_creation_unit_regression
2026-06-24T13:38:30.868,32,487240,KODEX AI전력핵심설비,12,LOCAL_COMPONENT_MICRO_L1,12,40497.831227846036,40502.9095813144,40450.0,40425.0,40449.909420289856,6.182380216383308,0.5181159420289855,-14.897397222731485,1.2539815872589208,13.063155674823564,-19.235551746717988,BUY,ENTER_BUY,40450.0,,,,paper_entry_on_buy_signal,unrounded_raw_creation_unit_regression
2026-06-24T13:38:37.255,35,243880,TIGER 200IT레버리지,17,LOCAL_COMPONENT_MICRO_L1,17,761011.353765494,761142.9079439319,760745.0,760000.0,760035.4761904762,9.797829353376143,0.7780040733197556,-8.394799398627901,1.728675633905691,5.227769184721682,-15.015681444358464,HOLD,WAIT,,,,,edge_below_threshold,unrounded_raw_creation_unit_regression
2026-06-24T13:38:55.595,41,367760,RISE 네트워크인프라,23,LOCAL_COMPONENT_MICRO_L1,23,78156.33396445843,78154.43321617175,78150.0,78040.0,78082.51407129456,14.08540879697804,0.6637373998449212,-7.847599976519563,-0.24319824002388435,0.5672379658214046,-14.641935391589282,HOLD,WAIT,,,,,spread_too_wide,unrounded_raw_creation_unit_regression
2026-06-24T13:38:58.812,42,466920,SOL 조선TOP3플러스,13,LOCAL_COMPONENT_MICRO_L1,13,32668.764988335115,32667.38898641145,32665.0,32635.0,32648.96408839779,9.188361408882082,0.3892183998945565,-5.744015221210652,-0.42119802329728584,0.7313062003344121,-9.914776606395638,HOLD,WAIT,,,,,edge_below_threshold,unrounded_raw_creation_unit_regression
2026-06-24T13:39:01.356,43,0210A0,ACE K반도체TOP2+,10,LOCAL_COMPONENT_MICRO_L1,10,9799.572131254234,9794.581651250888,9795.0,9790.0,9794.935172413792,5.105948429920858,-0.5934607243535345,-7.2167755484733895,-5.092548875097465,-0.4271226316832024,-4.677740626423834,HOLD,WAIT,,,,,edge_below_threshold,unrounded_raw_creation_unit_regression
2026-06-24T13:39:08.167,44,0148J0,TIGER 코리아휴머노이드로봇산업,15,LOCAL_COMPONENT_MICRO_L1,15,10329.074415743347,10322.876971093901,10330.0,10320.0,10320.308578481794,9.685230024213075,-0.7319250788343908,-3.944608761010774,-6.0,-6.900236170637814,-2.7869857424024946,HOLD,WAIT,,,,,edge_below_threshold,rounded_to_common_creation_unit_regression
2026-06-24T13:39:13.955,48,0117V0,TIGER 코리아AI전력기기TOP3플러스,10,LOCAL_COMPONENT_MICRO_L1,10,21301.063634514037,21295.40250640506,21295.0,21280.0,21280.536853295536,7.046388725778039,-0.09062621548035783,-6.367585556648118,-2.657673910615559,0.18901094024276485,-7.232784823121204,HOLD,WAIT,,,,,edge_below_threshold,unrounded_raw_creation_unit_regression
2026-06-24T13:39:23.007,50,462330,KODEX 2차전지산업레버리지,26,LOCAL_COMPONENT_MICRO_L1,26,1247.0303267573313,1247.3517236771772,1251.0,1250.0,1250.9901413469534,7.996801279488205,0.8293897882938979,27.823487273889643,2.5772983459169265,-29.24817638498702,21.231191431841545,HOLD,WAIT,,,,,edge_below_threshold,"rounded_to_common_creation_unit_calibration_failed: raw_unit must be positive, got -8417.074255638132"
2026-06-24T13:39:55.891,10,0167A0,SOL AI반도체TOP2플러스,10,LOCAL_COMPONENT_MICRO_L1,10,25176.970503511177,25172.98447218245,25180.0,25170.0,25170.21660024259,3.9721946375372394,-0.06525781910397295,-0.782661087401956,-1.5832053058850095,-2.7869273209555976,-1.1855853586794125,HOLD,WAIT,,,,,edge_below_threshold,unrounded_raw_creation_unit_regression
2026-06-24T13:39:58.314,13,396500,TIGER 반도체TOP10,10,LOCAL_COMPONENT_MICRO_L1,10,49082.25126304676,49057.13428585167,49175.0,49155.0,49157.65482643294,4.067934506254449,-0.6494905726665886,16.859197535533447,-5.117323787875867,-24.02621267307094,19.94933368469348,HOLD,WAIT,,,,,edge_below_threshold,unrounded_raw_creation_unit_regression
2026-06-24T13:40:02.113,14,395160,KODEX AI반도체TOP2플러스,15,LOCAL_COMPONENT_MICRO_L1,15,55137.73198645842,55119.09705235984,55220.0,55200.0,55215.6023668639,3.622532149972831,-0.3821577783239125,13.106816500781738,-3.3797063149353246,-18.30634989254471,14.677843427534734,HOLD,WAIT,,,,,edge_below_threshold,unrounded_raw_creation_unit_regression
2026-06-24T13:40:07.272,16,395270,HANARO Fn K-반도체,20,LOCAL_COMPONENT_MICRO_L1,20,77610.2619499724,77563.6957928024,77705.0,77625.0,77625.00891364903,10.300650228545678,-0.9659136658465668,7.0529397340378885,-6.0,-18.21782803839869,7.903724361118312,HOLD,WAIT,,,,,edge_below_threshold,rounded_to_common_creation_unit_regression
2026-06-24T13:40:11.522,17,139260,TIGER 200 IT,16,LOCAL_COMPONENT_MICRO_L1,16,184773.55170478838,184785.36360769926,184820.0,184760.0,184762.22222222222,3.246928946371557,0.2688904016337645,0.8901866668614205,0.6392637258911197,-1.8744121084329006,-1.3725983056267572,HOLD,WAIT,,,,,edge_below_threshold,unrounded_raw_creation_unit_regression
2026-06-24T13:40:14.762,22,488080,TIGER 반도체TOP10레버리지,11,LOCAL_COMPONENT_MICRO_L1,11,78200.39003094373,78166.58650476414,77665.0,77450.0,77526.78571428571,27.721368017277502,0.6656217345872518,-82.2105913652528,-4.322679997659739,64.16891503041019,-91.67427372825944,HOLD,WAIT,,,,,spread_too_wide,unrounded_raw_creation_unit_regression
2026-06-24T13:40:20.249,26,469150,ACE AI반도체TOP3+,20,LOCAL_COMPONENT_MICRO_L1,20,74600.81872269616,74556.05823146254,74600.0,74480.0,74586.17977528089,16.098738932116984,-0.8300305786108574,-8.152554320111879,-6.0,-5.893789127242421,-10.201482383418023,HOLD,WAIT,,,,,spread_too_wide,rounded_to_common_creation_unit_regression
2026-06-24T13:40:22.710,31,292150,TIGER 코리아TOP10,10,LOCAL_COMPONENT_MICRO_L1,10,46699.169995347445,46722.392281512715,46690.0,46675.0,46689.28571428572,3.2131955229475717,0.9894498869630746,-3.5696555954005533,4.972740664894176,6.932924435363804,-10.143376483628305,BUY,ENTER_BUY,46690.0,,,,paper_entry_on_buy_signal,unrounded_raw_creation_unit_regression
2026-06-24T13:40:25.733,32,487240,KODEX AI전력핵심설비,12,LOCAL_COMPONENT_MICRO_L1,12,40498.7550028316,40481.267671388894,40465.0,40435.0,40435.58823529412,7.416563658838071,-0.3488372093023256,-12.038642380042242,-4.317992353465375,4.018567679487877,-11.429402795504567,HOLD,HOLD_POSITION,40450.0,,-3.7082818294190356,114.875,edge_below_threshold,unrounded_raw_creation_unit_regression
2026-06-24T13:40:36.686,35,243880,TIGER 200IT레버리지,17,LOCAL_COMPONENT_MICRO_L1,17,762008.4853522924,761551.2802610811,763245.0,760010.0,762910.3448275862,42.474831856780376,-0.8238993710691824,-4.999752097462361,-6.0,-22.24038988337442,-20.238693060205577,HOLD,WAIT,,,,,spread_too_wide,unrounded_raw_creation_unit_regression
2026-06-24T13:41:00.911,41,367760,RISE 네트워크인프라,23,LOCAL_COMPONENT_MICRO_L1,23,78352.94569018237,78318.21859444317,78465.0,78370.0,78389.0,12.114642777441262,-0.13295729250604352,8.238912940540066,-4.432136588268639,-18.741668055157348,6.611667947271795,HOLD,WAIT,,,,,spread_too_wide,unrounded_raw_creation_unit_regression
2026-06-24T13:41:04.969,42,466920,SOL 조선TOP3플러스,13,LOCAL_COMPONENT_MICRO_L1,13,32774.26619149006,32762.81000255979,32770.0,32740.0,32759.772727272728,9.158907037093574,-0.12463514302393462,-5.8784509094707165,-3.49548296927168,-2.1945606740232413,-6.962163061717396,HOLD,WAIT,,,,,edge_below_threshold,unrounded_raw_creation_unit_regression
2026-06-24T13:41:07.451,43,0210A0,ACE K반도체TOP2+,10,LOCAL_COMPONENT_MICRO_L1,10,9839.439629812377,9833.69525998695,9835.0,9830.0,9830.77912570592,5.085176709890669,-0.7187589449123507,-7.052870969756424,-5.838106682441305,-1.3268054160268574,-3.757753203910116,HOLD,WAIT,,,,,edge_below_threshold,unrounded_raw_creation_unit_regression
2026-06-24T13:41:13.711,44,0148J0,TIGER 코리아휴머노이드로봇산업,15,LOCAL_COMPONENT_MICRO_L1,15,10371.574307093126,10369.464866127975,10370.0,10355.0,10368.531225905937,14.475271411338964,0.38478562586743686,-8.74920896716695,-2.0338676681970678,-0.5160670091788125,-13.949481785916433,HOLD,WAIT,,,,,spread_too_wide,rounded_to_common_creation_unit_regression
2026-06-24T13:41:16.184,48,0117V0,TIGER 코리아AI전력기기TOP3플러스,10,LOCAL_COMPONENT_MICRO_L1,10,21401.597833476928,21405.61241504535,21355.0,21345.0,21354.98987854251,4.68384074941452,0.5468308101813342,-24.109337012312817,1.875832636263649,23.644460183618353,-28.316132176039975,BUY,ENTER_BUY,21355.0,,,,paper_entry_on_buy_signal,unrounded_raw_creation_unit_regression
2026-06-24T13:41:22.920,50,462330,KODEX 2차전지산업레버리지,26,LOCAL_COMPONENT_MICRO_L1,26,1249.6065401304218,1249.2331534095865,1258.0,1256.0,1256.995468110976,15.910898965791567,0.297539230964375,59.16630260919232,-2.9880343039512196,-70.17782522410442,54.16800356238089,HOLD,WAIT,,,,,spread_too_wide,"rounded_to_common_creation_unit_calibration_failed: raw_unit must be positive, got -8417.074255638132"
2026-06-24T13:41:55.777,10,0167A0,SOL AI반도체TOP2플러스,10,LOCAL_COMPONENT_MICRO_L1,10,25324.646530882103,25314.859434396927,25315.0,25300.0,25313.814923941347,5.927096710461326,-0.34775395610005105,-6.7706891234170685,-3.864652749738704,-0.05552691431574968,-5.869846694363482,HOLD,WAIT,,,,,edge_below_threshold,unrounded_raw_creation_unit_regression
2026-06-24T13:41:58.183,13,396500,TIGER 반도체TOP10,10,LOCAL_COMPONENT_MICRO_L1,10,49226.829980018716,49198.8875849004,49365.0,49350.0,49350.08610792193,3.03905181583346,-0.7940896091515729,26.54447179197264,-5.676253199659476,-33.76344938957075,30.71459996708835,HOLD,WAIT,,,,,edge_below_threshold,unrounded_raw_creation_unit_regression
2026-06-24T13:42:01.978,14,395160,KODEX AI반도체TOP2플러스,15,LOCAL_COMPONENT_MICRO_L1,15,55377.17960706373,55362.49089105851,55430.0,55420.0,55420.09900990099,1.8042399639152007,-0.35186890075492544,8.635396976803033,-2.652485393704113,-12.194015813763901,10.387738704650829,HOLD,WAIT,,,,,edge_below_threshold,unrounded_raw_creation_unit_regression
2026-06-24T13:42:11.781,17,139260,TIGER 200 IT,16,LOCAL_COMPONENT_MICRO_L1,16,185622.43985604923,185540.22392952477,185725.0,185640.0,185723.22699386504,4.577706569008926,-0.5093149899684724,3.235607936052907,-4.429201910513512,-9.958814674354064,5.377597825532851,HOLD,WAIT,,,,,edge_below_threshold,unrounded_raw_creation_unit_regression
2026-06-24T13:42:14.556,22,488080,TIGER 반도체TOP10레버리지,11,LOCAL_COMPONENT_MICRO_L1,11,78853.17891113422,78870.87197908331,78120.0,78110.0,78118.33333333333,1.2801638609742048,0.4379746835443038,-93.61435028080903,2.243798942973561,95.20269780742953,-96.47059300740297,BUY,ENTER_BUY,78120.0,,,,paper_entry_on_buy_signal,unrounded_raw_creation_unit_regression
2026-06-24T13:42:19.725,26,469150,ACE AI반도체TOP3+,20,LOCAL_COMPONENT_MICRO_L1,20,74904.87799173215,74859.9350649371,74965.0,74860.0,74869.2812307059,14.016352411146338,-0.7271695477562423,1.0175583316068666,-6.0,-14.034868581138516,0.0086742077506748,HOLD,WAIT,,,,,spread_too_wide,rounded_to_common_creation_unit_regression
2026-06-24T13:42:22.246,31,292150,TIGER 코리아TOP10,10,LOCAL_COMPONENT_MICRO_L1,10,46905.46949450065,46878.62894559754,46860.0,46825.0,46859.24615384615,7.4718471473555,-0.5801183431952662,-13.424765849115172,-5.722264203378248,3.973867413904288,-11.439956074606664,HOLD,HOLD_POSITION,46690.0,,28.914114371385736,119.54699999996228,edge_below_threshold,unrounded_raw_creation_unit_regression
2026-06-24T13:42:25.219,32,487240,KODEX AI전력핵심설비,12,LOCAL_COMPONENT_MICRO_L1,12,40658.37569386447,40669.18899561996,40665.0,40625.0,40664.81115222662,9.841308894082912,0.9353239193704862,-3.28977575621431,2.659550847998043,1.030017003882341,-10.865472538613552,HOLD,HOLD_POSITION,40450.0,,43.26328800988875,234.35899999999674,edge_below_threshold,unrounded_raw_creation_unit_regression
2026-06-24T13:42:32.043,35,243880,TIGER 200IT레버리지,17,LOCAL_COMPONENT_MICRO_L1,17,773554.664276783,773090.5314782169,775000.0,771080.0,771780.9271523178,50.70888957880575,-0.3896778662971943,-6.653237328278264,-6.0,-24.69915804209964,-26.006417054061693,HOLD,WAIT,,,,,spread_too_wide,unrounded_raw_creation_unit_regression
2026-06-24T13:42:50.072,41,367760,RISE 네트워크인프라,23,LOCAL_COMPONENT_MICRO_L1,23,78771.25924191052,78766.22162630201,78705.0,78595.0,78645.25516403402,13.986013986013987,0.5927132701421801,-15.393843271963839,-0.6395245749511149,7.772573704559376,-21.737950960038678,HOLD,WAIT,,,,,spread_too_wide,unrounded_raw_creation_unit_regression
2026-06-24T13:42:54.056,42,466920,SOL 조선TOP3플러스,13,LOCAL_COMPONENT_MICRO_L1,13,32802.98438469728,32788.80185101878,32800.0,32770.0,32777.24474474474,9.150526155253926,-0.26306532663316584,-5.4825452728227,-4.323549806375173,-3.415235796689841,-5.734229358002254,HOLD,WAIT,,,,,edge_below_threshold,unrounded_raw_creation_unit_regression
2026-06-24T13:42:56.568,43,0210A0,ACE K반도체TOP2+,10,LOCAL_COMPONENT_MICRO_L1,10,9883.995713422048,9880.228788759296,9875.0,9870.0,9871.39520494973,5.064573309698657,-0.38196057915711407,-11.630633759216362,-3.8111354678522815,5.292173765494596,-10.352785323081688,HOLD,WAIT,,,,,edge_below_threshold,unrounded_raw_creation_unit_regression
2026-06-24T13:43:03.409,48,0117V0,TIGER 코리아AI전력기기TOP3플러스,10,LOCAL_COMPONENT_MICRO_L1,10,21532.751237166267,21539.570584705136,21465.0,21445.0,21464.993656834762,9.321836401771149,0.9939193654990086,-36.10836177407077,3.1669652724627064,34.62027453698965,-43.90551071258994,BUY,HOLD_POSITION,21355.0,,42.1446967923203,107.21899999998277,fair_value_above_executable_ask,unrounded_raw_creation_unit_regression
2026-06-24T13:43:10.327,50,462330,KODEX 2차전지산업레버리지,26,LOCAL_COMPONENT_MICRO_L1,26,1250.8895313048054,1250.1389975860225,1263.0,1261.0,1262.9900662251655,15.847860538827259,-0.24048390947104167,88.82054263900737,-6.0,-102.87657963483824,86.87835860612115,HOLD,WAIT,,,,,spread_too_wide,"rounded_to_common_creation_unit_calibration_failed: raw_unit must be positive, got -8417.074255638132"
2026-06-24T13:43:43.295,10,0167A0,SOL AI반도체TOP2플러스,10,LOCAL_COMPONENT_MICRO_L1,10,25364.21710011759,25348.99856985752,25355.0,25350.0,25351.428571428572,1.972192091509713,-0.9788252356780276,-4.619539436734318,-6.0,-2.367521591017798,0.3950570827174589,HOLD,WAIT,,,,,edge_below_threshold,unrounded_raw_creation_unit_regression
2026-06-24T13:43:46.061,13,396500,TIGER 반도체TOP10,10,LOCAL_COMPONENT_MICRO_L1,10,49249.78196750211,49220.232098321605,49405.0,49370.0,49372.13507625272,7.086813464945584,-0.8786565547128927,27.963176078376396,-6.0,-37.539014710313715,30.428117725901995,HOLD,WAIT,,,,,edge_below_threshold,unrounded_raw_creation_unit_regression
2026-06-24T13:43:50.519,14,395160,KODEX AI반도체TOP2플러스,15,LOCAL_COMPONENT_MICRO_L1,15,55475.399748548,55442.11450869887,55595.0,55555.0,55583.57142857143,7.197480881691408,-0.7348284960422163,17.95394930067312,-6.0,-27.57569631965304,20.360964278052425,HOLD,WAIT,,,,,edge_below_threshold,unrounded_raw_creation_unit_regression
2026-06-24T13:43:55.903,16,395270,HANARO Fn K-반도체,20,LOCAL_COMPONENT_MICRO_L1,20,78161.97639878783,78115.07921294855,78200.0,78130.0,78138.77030162413,8.955414827608264,-0.7990953315695144,0.3868378656072305,-6.0,-10.87124123883297,1.9101032991051154,HOLD,WAIT,,,,,edge_below_threshold,rounded_to_common_creation_unit_regression
2026-06-24T13:44:00.029,17,139260,TIGER 200 IT,16,LOCAL_COMPONENT_MICRO_L1,16,185925.64550467685,185814.09011737403,186025.0,185825.0,185825.39739884392,10.757025682398815,-0.9464396284829721,-0.03471843139773148,-6.0,-11.350586088102682,0.5871396845675638,HOLD,WAIT,,,,,edge_below_threshold,unrounded_raw_creation_unit_regression
2026-06-24T13:44:02.861,22,488080,TIGER 반도체TOP10레버리지,11,LOCAL_COMPONENT_MICRO_L1,11,78703.00518115736,78655.78337804867,78320.0,78000.0,78148.77192982456,40.941658137154555,-0.10483870967741936,-68.99421183568326,-6.0,42.6902337790942,-83.37382832953712,HOLD,EXIT_LOSS,78120.0,78000.0,-15.360983102918587,108.31199999997625,loss_stop_-15.36bps,unrounded_raw_creation_unit_regression
2026-06-24T13:44:09.339,26,469150,ACE AI반도체TOP3+,20,LOCAL_COMPONENT_MICRO_L1,20,74819.0043284464,74774.11292584933,74865.0,74750.0,74758.07717732606,15.372790161414297,-0.8819570511401372,-1.5376211631876213,-6.0,-12.154884972129084,-3.2247692290569807,HOLD,WAIT,,,,,spread_too_wide,rounded_to_common_creation_unit_regression
2026-06-24T13:44:11.772,31,292150,TIGER 코리아TOP10,10,LOCAL_COMPONENT_MICRO_L1,10,46844.88127461388,46816.77434584911,46825.0,46775.0,46776.237623762376,10.683760683760685,-0.7105559306774701,-9.580827913892318,-6.0,-1.7569886575536326,-8.922944058578299,HOLD,HOLD_POSITION,46690.0,,18.205183122724353,229.06199999997625,edge_below_threshold,unrounded_raw_creation_unit_regression
2026-06-24T13:44:14.745,32,487240,KODEX AI전력핵심설비,12,LOCAL_COMPONENT_MICRO_L1,12,40712.841000880915,40727.786720361284,40695.0,40665.0,40673.82352941176,7.374631268436578,0.9805663520266519,-8.066496975783267,3.671008731628938,8.050209206407192,-15.416187673634315,BUY,HOLD_POSITION,40450.0,,53.152039555006176,343.875,fair_value_above_executable_ask,unrounded_raw_creation_unit_regression
2026-06-24T13:44:21.485,35,243880,TIGER 200IT레버리지,17,LOCAL_COMPONENT_MICRO_L1,17,769576.7175118148,769114.9714813076,769840.0,768770.0,768827.8378378379,13.908657814520899,-0.976006855184233,-3.530739764234287,-6.0,-9.426789824360847,-4.485304461610348,HOLD,WAIT,,,,,spread_too_wide,unrounded_raw_creation_unit_regression
2026-06-24T13:44:40.046,41,367760,RISE 네트워크인프라,23,LOCAL_COMPONENT_MICRO_L1,23,78483.63643836055,78436.54625649753,78465.0,78380.0,78413.73587570622,10.838726130893559,-0.722048066875653,-7.789705107327625,-6.0,-3.6276130019061767,-7.20917215204988,HOLD,WAIT,,,,,edge_below_threshold,unrounded_raw_creation_unit_regression
2026-06-24T13:44:43.516,42,466920,SOL 조선TOP3플러스,13,LOCAL_COMPONENT_MICRO_L1,13,32824.93595889703,32816.22140890763,32820.0,32790.0,32799.60339943343,9.144947416552354,0.014771260576509394,-6.073418976962023,-2.6548566615066496,-1.1514400287854818,-7.990380300308472,HOLD,WAIT,,,,,edge_below_threshold,unrounded_raw_creation_unit_regression
2026-06-24T13:44:46.088,43,0210A0,ACE K반도체TOP2+,10,LOCAL_COMPONENT_MICRO_L1,10,9860.860722675896,9854.94420624229,9855.0,9840.0,9845.011707629332,15.232292460015232,-0.5037067442843993,-13.549245904236084,-6.0,-0.05661499095565526,-15.164171333231492,HOLD,WAIT,,,,,spread_too_wide,unrounded_raw_creation_unit_regression
2026-06-24T13:44:50.038,44,0148J0,TIGER 코리아휴머노이드로봇산업,15,LOCAL_COMPONENT_MICRO_L1,15,10381.175543199359,10375.958762340895,10380.0,10370.0,10370.022962112515,9.638554216867469,-0.3556108442004118,-5.9487898780445505,-5.025231330262711,-3.894808905536817,-5.7428546868577275,HOLD,WAIT,,,,,edge_below_threshold,rounded_to_common_creation_unit_regression
2026-06-24T13:44:52.768,48,0117V0,TIGER 코리아AI전력기기TOP3플러스,10,LOCAL_COMPONENT_MICRO_L1,10,21478.777046320418,21465.889780092624,21420.0,21405.0,21405.227135069654,7.005253940455342,-0.6550155815716331,-30.85699254547267,-6.0,21.378000428932726,-28.36583096084524,BUY,HOLD_POSITION,21355.0,,23.413720440177947,216.5779999999795,fair_value_above_executable_ask,unrounded_raw_creation_unit_regression
2026-06-24T13:45:00.350,50,462330,KODEX 2차전지산업레버리지,26,LOCAL_COMPONENT_MICRO_L1,26,1250.2951127503327,1249.5449356826825,1262.0,1260.0,1260.0310612597066,15.860428231562253,-0.8816794620235079,85.61888421781691,-6.0,-99.67680202323179,83.67097507866248,HOLD,WAIT,,,,,spread_too_wide,"rounded_to_common_creation_unit_calibration_failed: raw_unit must be positive, got -8417.074255638132"
2026-06-24T13:45:33.145,10,0167A0,SOL AI반도체TOP2플러스,10,LOCAL_COMPONENT_MICRO_L1,10,25363.881522240557,25369.08203970232,25340.0,25335.0,25339.463509749305,1.973359644795264,0.44039521729791653,-10.401216476833211,2.0503634103489197,11.463575882172966,-13.434478886142546,BUY,ENTER_BUY,25340.0,,,,paper_entry_on_buy_signal,unrounded_raw_creation_unit_regression
2026-06-24T13:45:35.584,13,396500,TIGER 반도체TOP10,10,LOCAL_COMPONENT_MICRO_L1,10,49194.33184537953,49167.95023145564,49350.0,49325.0,49325.40443379269,5.067139599695972,-0.6404320987654321,29.102571221102504,-5.362734472501384,-37.026104949946536,31.94149192818871,HOLD,WAIT,,,,,edge_below_threshold,unrounded_raw_creation_unit_regression
2026-06-24T13:45:39.445,14,395160,KODEX AI반도체TOP2플러스,15,LOCAL_COMPONENT_MICRO_L1,15,55464.13075477379,55472.31665660038,55505.0,55495.0,55495.0390625,1.8018018018018018,0.3360719440435217,6.467106711687525,1.4758911237205898,-5.891829541201041,4.089128553985257,HOLD,WAIT,,,,,edge_below_threshold,unrounded_raw_creation_unit_regression
2026-06-24T13:45:48.976,17,139260,TIGER 200 IT,16,LOCAL_COMPONENT_MICRO_L1,16,185745.91534486183,185634.4677956549,185855.0,185700.0,185829.16666666666,8.343313910457402,-0.9296311996608733,1.700422595001785,-6.0,-11.879916858320826,3.530174386431235,HOLD,WAIT,,,,,edge_below_threshold,unrounded_raw_creation_unit_regression
2026-06-24T13:45:51.718,22,488080,TIGER 반도체TOP10레버리지,11,LOCAL_COMPONENT_MICRO_L1,11,78684.90219149065,78637.69125017575,78200.0,77970.0,78042.63157894737,29.455081001472752,-0.5857740585774058,-76.24107990001724,-6.0,55.6592192900588,-84.90728040979391,HOLD,WAIT,,,,,spread_too_wide,unrounded_raw_creation_unit_regression
2026-06-24T13:45:56.832,26,469150,ACE AI반도체TOP3+,20,LOCAL_COMPONENT_MICRO_L1,20,74836.17135954104,74791.26965672532,74845.0,74775.0,74780.72727272728,9.357037829167224,-0.8906122448979592,-3.497153724674545,-6.0,-7.18403946360247,-2.1753416942898705,HOLD,WAIT,,,,,edge_below_threshold,rounded_to_common_creation_unit_regression
2026-06-24T13:45:59.311,31,292150,TIGER 코리아TOP10,10,LOCAL_COMPONENT_MICRO_L1,10,46886.51334104099,46871.94628066351,46870.0,46805.0,46835.0042662116,13.877768881772084,0.17607570365577482,-10.453611827452335,-3.1068764425969766,0.41523359236221774,-14.282803675923054,HOLD,HOLD_POSITION,46690.0,,24.63054187192118,336.60899999999674,spread_too_wide,unrounded_raw_creation_unit_regression
2026-06-24T13:46:02.516,32,487240,KODEX AI전력핵심설비,12,LOCAL_COMPONENT_MICRO_L1,12,40691.527403359345,40673.71266615956,40710.0,40660.0,40676.76445934619,12.289541600098316,-0.11518903382710591,-1.604118541592559,-4.37799668299213,-8.921569107368402,-3.37138295491036,HOLD,HOLD_POSITION,40450.0,,51.9159456118665,451.65600000001723,spread_too_wide,unrounded_raw_creation_unit_regression
2026-06-24T13:46:09.641,35,243880,TIGER 200IT레버리지,17,LOCAL_COMPONENT_MICRO_L1,17,771476.6128504869,771013.7268827766,771000.0,769770.0,770824.2857142857,15.9660429525497,-0.41379310344827586,-14.149655767963491,-6.0,0.1780368143650668,-16.131060179758492,HOLD,WAIT,,,,,spread_too_wide,unrounded_raw_creation_unit_regression
2026-06-24T13:46:27.845,41,367760,RISE 네트워크인프라,23,LOCAL_COMPONENT_MICRO_L1,23,78571.41311968642,78526.23859254956,78525.0,78415.0,78513.30417227457,14.018096087676819,-0.25734292939116904,-12.907126862022633,-5.749486402650059,0.15772976927986818,-14.165786435632993,HOLD,WAIT,,,,,spread_too_wide,unrounded_raw_creation_unit_regression
2026-06-24T13:46:31.312,42,466920,SOL 조선TOP3플러스,13,LOCAL_COMPONENT_MICRO_L1,13,32823.7906132165,32817.267989240616,32800.0,32780.0,32780.21235521235,6.099420555047271,-0.026222894604135148,-10.294549345222483,-1.987163534138992,5.2618606906209555,-11.35621321459009,HOLD,WAIT,,,,,edge_below_threshold,unrounded_raw_creation_unit_regression
2026-06-24T13:46:34.277,43,0210A0,ACE K반도체TOP2+,10,LOCAL_COMPONENT_MICRO_L1,10,9862.784562250072,9857.738761658477,9860.0,9855.0,9855.289437483734,5.07227998985544,-0.5990526687875575,-5.358083426356573,-5.116000009681977,-2.293871237812211,-2.778285897703921,HOLD,WAIT,,,,,edge_below_threshold,unrounded_raw_creation_unit_regression
2026-06-24T13:46:40.133,44,0148J0,TIGER 코리아휴머노이드로봇산업,15,LOCAL_COMPONENT_MICRO_L1,15,10391.81640487482,10385.581315031895,10395.0,10380.0,10389.681054500752,14.440433212996389,-0.47012142116037126,-4.153657750146096,-6.0,-9.069001226221342,-5.374099785649107,HOLD,WAIT,,,,,spread_too_wide,rounded_to_common_creation_unit_regression
2026-06-24T13:46:44.567,48,0117V0,TIGER 코리아AI전력기기TOP3플러스,10,LOCAL_COMPONENT_MICRO_L1,10,21505.274421621176,21493.67722796444,21450.0,21425.0,21437.458776108466,11.661807580174926,-0.3156963890935888,-31.5152554170786,-5.3927206086140105,20.320965789703394,-31.95229333540304,BUY,HOLD_POSITION,21355.0,,32.77920861624912,328.375,fair_value_above_executable_ask,unrounded_raw_creation_unit_regression
2026-06-24T13:46:55.083,50,462330,KODEX 2차전지산업레버리지,26,LOCAL_COMPONENT_MICRO_L1,26,1250.678646245309,1250.1327000925596,1261.0,1260.0,1260.0903614457832,7.933359777865927,-0.33086522462562395,78.52819574537335,-4.365199281113521,-86.92917085230849,78.93002004275074,HOLD,WAIT,,,,,edge_below_threshold,"rounded_to_common_creation_unit_calibration_failed: raw_unit must be positive, got -8417.074255638132"
2026-06-24T13:47:28.100,10,0167A0,SOL AI반도체TOP2플러스,10,LOCAL_COMPONENT_MICRO_L1,10,25453.64021371645,25446.50798901061,25445.0,25430.0,25430.785398230088,5.896805896805897,-0.17216721672167218,-6.341023751782963,-2.802045069371802,0.5926113756988322,-6.487329820554973,HOLD,HOLD_POSITION,25340.0,,35.51696921862668,114.95299999997951,edge_below_threshold,unrounded_raw_creation_unit_regression
2026-06-24T13:47:30.549,13,396500,TIGER 반도체TOP10,10,LOCAL_COMPONENT_MICRO_L1,10,49305.79225279069,49288.02387549604,49510.0,49475.0,49476.24031007752,7.071778552305905,-0.24702939337085678,37.867304971403286,-3.6037099259169123,-45.036523489901974,37.93540698167845,HOLD,WAIT,,,,,edge_below_threshold,unrounded_raw_creation_unit_regression
2026-06-24T13:47:34.628,14,395160,KODEX AI반도체TOP2플러스,15,LOCAL_COMPONENT_MICRO_L1,15,55632.09819270714,55642.780392915156,55720.0,55690.0,55702.05539943797,5.385512970110403,0.58930073459317,13.104270674877416,1.9201505165258992,-13.87774056931853,8.48620553311825,HOLD,WAIT,,,,,edge_below_threshold,unrounded_raw_creation_unit_regression
2026-06-24T13:47:39.789,16,395270,HANARO Fn K-반도체,20,LOCAL_COMPONENT_MICRO_L1,20,78351.90200067725,78304.89085947684,78440.0,78380.0,78380.15345268542,7.652085193215151,-0.8222023676569131,7.415008166904465,-6.0,-17.254240321414716,9.591883686798639,HOLD,WAIT,,,,,edge_below_threshold,rounded_to_common_creation_unit_regression
2026-06-24T13:47:43.940,17,139260,TIGER 200 IT,16,LOCAL_COMPONENT_MICRO_L1,16,186561.45972523958,186552.22369437112,186695.0,186555.0,186584.88764044945,7.501674480910918,0.2925726587728741,3.405862864388152,-0.4950663916360307,-7.653422875451378,0.14882189951435168,HOLD,WAIT,,,,,edge_below_threshold,unrounded_raw_creation_unit_regression
2026-06-24T13:51:01.783,22,488080,TIGER 반도체TOP10레버리지,11,LOCAL_COMPONENT_MICRO_L1,11,79285.54104111418,79275.58368626087,78715.0,78545.0,78713.79432624113,21.62024672516851,0.8716981132075472,-82.68103269601731,-1.2558853383052693,70.71328398910599,-92.15746542494227,HOLD,WAIT,,,,,spread_too_wide,unrounded_raw_creation_unit_regression
2026-06-24T13:51:06.949,26,469150,ACE AI반도체TOP3+,20,LOCAL_COMPONENT_MICRO_L1,20,75154.68175568452,75109.5889466311,75240.0,75200.0,75201.27314534673,5.317734645041213,-0.9271776135514407,8.691174360609889,-6.0,-17.362770213209085,12.037218501240341,HOLD,WAIT,,,,,edge_below_threshold,rounded_to_common_creation_unit_regression
2026-06-24T13:51:16.116,32,487240,KODEX AI전력핵심설비,12,LOCAL_COMPONENT_MICRO_L1,12,40779.87613936406,40790.644552861806,40780.0,40755.0,40759.299363057326,6.132335806708775,0.746720035579275,-3.0348643830512576,2.640619471463018,2.6095574067262937,-8.73841373494679,HOLD,EXIT_TIME,40450.0,40755.0,75.4017305315204,765.25,max_hold_765.2s,unrounded_raw_creation_unit_regression
2026-06-24T13:51:25.081,35,243880,TIGER 200IT레버리지,17,LOCAL_COMPONENT_MICRO_L1,17,777978.3282295737,777718.1716865018,779510.0,777545.0,778508.2352941176,25.239956199363544,0.7046632124352331,7.058959748609773,-3.344007585197664,-23.039558270993588,-2.226663755667391,HOLD,WAIT,,,,,spread_too_wide,unrounded_raw_creation_unit_regression
2026-06-24T13:51:48.098,41,367760,RISE 네트워크인프라,23,LOCAL_COMPONENT_MICRO_L1,23,78786.62953139989,78782.44160378606,78740.0,78630.0,78682.96923076923,13.979792844887845,0.6103974610850839,-12.89933736274142,-0.5315530869558502,5.387190714336154,-19.349692733912267,HOLD,WAIT,,,,,spread_too_wide,unrounded_raw_creation_unit_regression
2026-06-24T13:51:51.324,42,466920,SOL 조선TOP3플러스,13,LOCAL_COMPONENT_MICRO_L1,13,32878.83805152275,32870.58411804686,32845.0,32825.0,32826.97823936697,6.0910613674432765,-0.11384845091452034,-13.333211914013171,-2.5104091157201047,7.783286708561077,-13.867754185066747,BUY,ENTER_BUY,32845.0,,,,paper_entry_on_buy_signal,unrounded_raw_creation_unit_regression
2026-06-24T13:51:53.746,43,0210A0,ACE K반도체TOP2+,10,LOCAL_COMPONENT_MICRO_L1,10,9905.29635346594,9899.77797038342,9900.0,9895.0,9895.001697216565,5.051780752715333,-0.6759349367440567,-7.870893699421033,-5.5711438462789395,-0.22427736990052527,-4.826340952003465,HOLD,WAIT,,,,,edge_below_threshold,unrounded_raw_creation_unit_regression
2026-06-24T13:51:57.519,44,0148J0,TIGER 코리아휴머노이드로봇산업,15,LOCAL_COMPONENT_MICRO_L1,15,10419.080368408388,10412.828920187341,10425.0,10410.0,10414.959254947613,14.398848092152628,-0.4084415258910221,-1.5168022056720167,-6.0,-11.688542955951824,-2.716764300099906,HOLD,WAIT,,,,,spread_too_wide,rounded_to_common_creation_unit_regression
2026-06-24T13:51:59.951,48,0117V0,TIGER 코리아AI전력기기TOP3플러스,10,LOCAL_COMPONENT_MICRO_L1,10,21549.673196109154,21539.021128235378,21485.0,21465.0,21474.344151453686,9.31315483119907,-0.3581805735148703,-34.65166057489729,-4.943029890448942,25.08058649172388,-34.366059531992235,BUY,EXIT_TIME,21355.0,21465.0,51.51018496839147,643.7660000000033,max_hold_643.8s,unrounded_raw_creation_unit_regression
2026-06-24T13:52:06.670,50,462330,KODEX 2차전지산업레버리지,26,LOCAL_COMPONENT_MICRO_L1,26,1253.5459475919936,1252.8948294355166,1268.0,1266.0,1267.9218604651162,15.785319652722968,-0.07643577288868933,107.32795581885976,-5.194210533149026,-120.56215900650592,104.5991272099657,HOLD,WAIT,,,,,spread_too_wide,"rounded_to_common_creation_unit_calibration_failed: raw_unit must be positive, got -8417.074255638132"
2026-06-24T13:52:39.530,10,0167A0,SOL AI반도체TOP2플러스,10,LOCAL_COMPONENT_MICRO_L1,10,25460.469037917537,25445.192756494787,25445.0,25430.0,25431.134945397815,5.896805896805897,-0.8242603730955943,-9.021451208667871,-6.0,0.07575359975927774,-5.9707767357782835,HOLD,HOLD_POSITION,25340.0,,35.51696921862668,426.39100000000326,edge_below_threshold,unrounded_raw_creation_unit_regression
2026-06-24T13:52:41.993,13,396500,TIGER 반도체TOP10,10,LOCAL_COMPONENT_MICRO_L1,10,49351.94996184291,49336.477593862626,49540.0,49515.0,49515.02863688431,5.047700772298218,-0.2701329163408913,35.57104395932033,-3.1351077297348136,-41.25191259351105,36.184667986832864,HOLD,WAIT,,,,,edge_below_threshold,unrounded_raw_creation_unit_regression
2026-06-24T13:52:45.717,14,395160,KODEX AI반도체TOP2플러스,15,LOCAL_COMPONENT_MICRO_L1,15,55656.11017518534,55628.206809371615,55790.0,55740.0,55786.12767660596,8.966197435667533,-0.3872787013878672,19.564756586817165,-5.013531439027464,-29.084739542804687,20.096493674779232,HOLD,WAIT,,,,,edge_below_threshold,unrounded_raw_creation_unit_regression
2026-06-24T13:52:50.770,16,395270,HANARO Fn K-반도체,20,LOCAL_COMPONENT_MICRO_L1,20,78420.46910827138,78373.41682680642,78490.0,78400.0,78400.17067571614,11.473006565109314,-0.954623245807051,3.128123563600203,-6.0,-14.8753465031654,3.391860948505127,HOLD,WAIT,,,,,edge_below_threshold,rounded_to_common_creation_unit_regression
2026-06-24T13:52:54.774,17,139260,TIGER 200 IT,16,LOCAL_COMPONENT_MICRO_L1,16,186634.81941500356,186539.15398533095,186815.0,186635.0,186635.67507671326,9.639844691391083,-0.37230914010116456,4.83192714409401,-5.125808248024312,-14.787566512215475,5.1381177957194835,HOLD,WAIT,,,,,edge_below_threshold,unrounded_raw_creation_unit_regression
2026-06-24T13:52:57.460,22,488080,TIGER 반도체TOP10레버리지,11,LOCAL_COMPONENT_MICRO_L1,11,79508.63386385798,79460.92868353966,78785.0,78545.0,78728.8961038961,30.509120955952454,0.3263157894736842,-106.10594382775136,-6.0,85.06428187261824,-115.2678050350295,HOLD,WAIT,,,,,spread_too_wide,unrounded_raw_creation_unit_regression
2026-06-24T13:53:02.887,26,469150,ACE AI반도체TOP3+,20,LOCAL_COMPONENT_MICRO_L1,20,75192.64605132173,75147.53046369094,75250.0,75200.0,75200.01248127809,6.646726487205051,-0.9995711099674044,4.302807571924733,-6.0,-13.635782264138138,6.9822036712716,HOLD,WAIT,,,,,edge_below_threshold,rounded_to_common_creation_unit_regression
2026-06-24T13:53:05.428,31,292150,TIGER 코리아TOP10,10,LOCAL_COMPONENT_MICRO_L1,10,47074.840534672476,47046.59563035167,47030.0,46980.0,46980.029958058716,10.637166258908627,-0.7727272727272727,-14.836063994956174,-6.0,3.5274880422943466,-14.1552495901975,HOLD,EXIT_TIME,46690.0,46980.0,62.11180124223602,762.7189999999828,max_hold_762.7s,unrounded_raw_creation_unit_regression
2026-06-24T13:53:08.421,32,487240,KODEX AI전력핵심설비,12,LOCAL_COMPONENT_MICRO_L1,12,40741.870118876686,40752.626542734295,40715.0,40700.0,40700.09101941747,3.6848246637597493,0.6242645567052141,-8.436068049012267,2.6401399411033597,9.232912311759556,-12.913656664340264,BUY,ENTER_BUY,40715.0,,,,paper_entry_on_buy_signal,unrounded_raw_creation_unit_regression
2026-06-24T13:53:14.930,35,243880,TIGER 200IT레버리지,17,LOCAL_COMPONENT_MICRO_L1,17,778756.9108244033,778289.6566779086,779520.0,778500.0,779010.0,13.093541803057727,-0.9935553168635876,3.2499124191243833,-6.0,-15.808295941424264,2.7026354556634717,HOLD,WAIT,,,,,spread_too_wide,unrounded_raw_creation_unit_regression
2026-06-24T13:53:33.390,41,367760,RISE 네트워크인프라,23,LOCAL_COMPONENT_MICRO_L1,23,78777.84565085014,78730.57894345962,78750.0,78635.0,78635.2818627451,14.61384502970423,-0.6059933407325194,-10.833712212491731,-6.0,-2.4667742573472697,-12.140002619346,HOLD,WAIT,,,,,spread_too_wide,unrounded_raw_creation_unit_regression
2026-06-24T13:53:36.969,42,466920,SOL 조선TOP3플러스,13,LOCAL_COMPONENT_MICRO_L1,13,32838.01023970943,32829.66887856304,32805.0,32780.0,32792.5,7.623694442326751,-0.04217432052483599,-13.85901258243633,-2.540154255847041,7.514202672676859,-15.129265770777243,BUY,EXIT_LOSS,32845.0,32780.0,-19.78992236261227,105.63999999995576,loss_stop_-19.79bps,unrounded_raw_creation_unit_regression
2026-06-24T13:53:39.597,43,0210A0,ACE K반도체TOP2+,10,LOCAL_COMPONENT_MICRO_L1,10,9904.957225542612,9901.633028372024,9895.0,9890.0,9890.11003236246,5.0543340914834465,-0.30663236594581555,-12.576758545193508,-3.3560944231199272,6.698923655337805,-11.748595750509438,BUY,ENTER_BUY,9895.0,,,,paper_entry_on_buy_signal,unrounded_raw_creation_unit_regression
2026-06-24T13:53:43.377,44,0148J0,TIGER 코리아휴머노이드로봇산업,15,LOCAL_COMPONENT_MICRO_L1,15,10393.820865013386,10389.843985673462,10395.0,10380.0,10394.681140635126,14.440433212996389,0.08432236610884317,-6.081368050763965,-3.8261957672458573,-4.962552213149169,-9.474623186869804,HOLD,WAIT,,,,,spread_too_wide,rounded_to_common_creation_unit_regression
2026-06-24T13:53:45.883,48,0117V0,TIGER 코리아AI전력기기TOP3플러스,10,LOCAL_COMPONENT_MICRO_L1,10,21485.030554211204,21481.073508127145,21415.0,21400.0,21414.99125874126,7.006890108606797,0.043383024034073625,-36.085847779261,-1.841768888377597,30.758941401204552,-37.74183264000828,BUY,ENTER_BUY,21415.0,,,,paper_entry_on_buy_signal,unrounded_raw_creation_unit_regression
2026-06-24T13:53:53.142,50,462330,KODEX 2차전지산업레버리지,26,LOCAL_COMPONENT_MICRO_L1,26,1252.570796935314,1251.8192544571527,1267.0,1264.0,1266.414643645333,23.70604504148558,-0.4912737547786581,103.22133564282358,-6.0,-121.26946832616296,97.30434724883187,HOLD,WAIT,,,,,spread_too_wide,"rounded_to_common_creation_unit_calibration_failed: raw_unit must be positive, got -8417.074255638132"
