recv_ts,cycle,rank,code,name,action,decision,nav,fair_value,bid1,ask1,spread_bps,etf_obi,buy_gap_bps,sell_gap_bps,pnl_bps,hold_sec,order_side,order_qty,order_price,order_no,filled,fill_status,before_qty,after_qty,reason
2026-07-01T13:37:20.246,1,1,252670,252670,WAIT,HOLD,71.99,71.946806,71.0,72.0,139.86013986013987,0.07936936492551622,-7.393517927676296,-131.5980587102081,,,,,,,,,,,edge_below_threshold
2026-07-01T13:37:20.777,1,2,0195R0,0195R0,WAIT,HOLD,20411.16,20405.761163984454,20415.0,20420.0,2.4488796375658137,-0.31839622641509435,-6.977850961363128,4.527562555153195,,,,,,,,,,,edge_below_threshold
2026-07-01T13:37:21.308,1,3,459580,459580,WAIT,HOLD,1073483.25,1073477.9373599587,1073515.0,1073520.0,0.04657585926638364,-0.0059194960239353535,-0.3918351609982021,0.34525758519541777,,,,,,,,,,,edge_below_threshold
2026-07-01T13:37:21.838,1,4,0162Z0,0162Z0,WAIT,HOLD,15273.43,15265.657186425384,15260.0,15265.0,3.276003276003276,-0.6843845131863878,0.4304999236902538,-3.7058256688839353,,,,,,,,,,,edge_below_threshold
2026-07-01T13:37:22.374,1,forced-5,0209D0,0209D0,WAIT,HOLD,8631.91,8626.730854,8620.0,8625.0,5.798782255726297,-0.8720007057163021,2.0063846076719782,-7.8023229354356465,,,,,,,,,,,edge_below_threshold
2026-07-01T13:37:22.906,1,forced-6,0150K0,0150K0,WAIT,HOLD,11264.04,11257.281576000001,11280.0,11335.0,48.640282998010164,-0.7032897511598482,-69.03835839523711,20.181092430372704,,,,,,,,,,,edge_below_threshold
2026-07-01T13:37:23.434,1,forced-7,457990,457990,WAIT,HOLD,39438.58,39447.44179305309,39415.0,39450.0,8.875927217396818,0.8182939996915009,-0.6485102279458104,-8.224054990253888,,,,,,,,,,,edge_below_threshold
2026-07-01T13:37:33.962,2,1,252670,252670,WAIT,HOLD,71.96,71.91682399999999,71.0,72.0,139.86013986013987,0.079567216510692,-11.565583040765095,-127.48393894591219,,,,,,,,,,,edge_below_threshold
2026-07-01T13:37:34.847,2,2,0195R0,0195R0,WAIT,HOLD,20450.16,20450.935827378547,20430.0,20445.0,7.339449541284404,0.4302015975656143,2.902472252932726,-10.237099932864544,,,,,,,,,,,edge_below_threshold
2026-07-01T13:37:35.378,2,3,459580,459580,WAIT,HOLD,1073483.25,1073477.9541803913,1073515.0,1073520.0,0.04657585926638364,-0.005893380987338736,-0.3916784638658908,0.3451008887929351,,,,,,,,,,,edge_below_threshold
2026-07-01T13:37:35.911,2,4,0162Z0,0162Z0,WAIT,HOLD,15273.43,15264.265942,15265.0,15270.0,3.274930407728836,-0.9356928844952174,-3.7565239113284865,0.4808996402376783,,,,,,,,,,,edge_below_threshold
2026-07-01T13:37:36.447,2,forced-5,0209D0,0209D0,WAIT,HOLD,8626.97,8621.793817999998,8620.0,8625.0,5.798782255726297,-0.9323378441437238,-3.718694818830007,-2.0805623955577204,,,,,,,,,,,edge_below_threshold
2026-07-01T13:37:37.039,2,forced-6,0150K0,0150K0,WAIT,HOLD,11263.54,11256.781876000001,11280.0,11335.0,48.640282998010164,-0.7032897511598482,-69.4853332520939,20.62589846348647,,,,,,,,,,,edge_below_threshold
2026-07-01T13:37:37.617,2,forced-7,457990,457990,WAIT,HOLD,39445.41,39421.742754,39415.0,39450.0,8.875927217396818,-0.9212121212121213,-7.167934247943379,-1.7104149966365456,,,,,,,,,,,edge_below_threshold
2026-07-01T13:37:48.238,3,1,252670,252670,WAIT,HOLD,71.9,71.85686,71.0,72.0,139.86013986013987,0.07960192591187706,-19.920157936208525,-119.24539981290549,,,,,,,,,,,edge_below_threshold
2026-07-01T13:37:49.136,3,2,0195R0,0195R0,WAIT,HOLD,20396.92,20398.164677952438,20430.0,20440.0,4.893564962074872,0.34638297872340423,-20.509355968078864,15.606954130521096,,,,,,,,,,,edge_below_threshold
2026-07-01T13:37:49.791,3,3,459580,459580,WAIT,HOLD,1073483.25,1073477.950290534,1073515.0,1073520.0,0.04657585926638364,-0.005899420294941766,-0.39171470130963126,0.34513712606789704,,,,,,,,,,,edge_below_threshold
2026-07-01T13:37:50.481,3,4,0162Z0,0162Z0,WAIT,HOLD,15274.91,15265.745053999999,15265.0,15270.0,3.274930407728836,-0.9371523305410089,-2.787250792509487,-0.48805610034988106,,,,,,,,,,,edge_below_threshold
2026-07-01T13:37:51.014,3,forced-5,0209D0,0209D0,WAIT,HOLD,8629.58,8624.402252,8615.0,8625.0,11.600928074245939,-0.8340227168275228,-0.6930891933542641,-10.901917286869915,,,,,,,,,,,edge_below_threshold
2026-07-01T13:37:51.551,3,forced-6,0150K0,0150K0,WAIT,HOLD,11263.17,11256.412097999999,11280.0,11335.0,48.640282998010164,-0.7032897511598482,-69.81612019514135,20.955080352994663,,,,,,,,,,,edge_below_threshold
2026-07-01T13:37:52.082,3,forced-7,457990,457990,WAIT,HOLD,39457.92,39450.91095829421,39400.0,39455.0,13.94965442901528,0.4014271722401007,-1.0364885389114953,-12.904887886627478,,,,,,,,,,,edge_below_threshold
2026-07-01T13:38:02.624,4,1,252670,252670,WAIT,HOLD,71.83,71.786902,71.0,72.0,139.86013986013987,0.07944295548944044,-29.68480238916038,-109.61637542180017,,,,,,,,,,,edge_below_threshold
2026-07-01T13:38:03.528,4,2,0195R0,0195R0,ENTER_BUY,BUY,20450.16,20453.099278078163,20430.0,20440.0,4.893564962074872,0.4842263395092639,6.404544318720154,-11.293778886078902,,,BUY,5,20440,,False,ORDER_REJECTED,0,,[kt10000] 20: [2000](501179:레버리지ETP 교육이수등록이 되지 않았습니다)
2026-07-01T13:38:04.887,4,3,459580,459580,WAIT,HOLD,1073483.25,1073477.9444719756,1073515.0,1073520.0,0.04657585926638364,-0.00590845406176967,-0.3917689063013839,0.34519133080718584,,,,,,,,,,,edge_below_threshold
2026-07-01T13:38:05.423,4,4,0162Z0,0162Z0,WAIT,HOLD,15276.39,15267.224165999998,15265.0,15275.0,6.5487884741322855,-0.7633469934499552,-5.09315505913549,-1.4568240931127163,,,,,,,,,,,edge_below_threshold
2026-07-01T13:38:06.042,4,forced-5,0209D0,0209D0,WAIT,HOLD,8630.15,8624.971909999998,8615.0,8625.0,11.600928074245939,-0.692896048209526,-0.03256822201246076,-11.56167243679567,,,,,,,,,,,edge_below_threshold
2026-07-01T13:38:06.576,4,forced-6,0150K0,0150K0,WAIT,HOLD,11263.47,11256.711917999999,11280.0,11335.0,48.640282998010164,-0.7032897511598482,-69.54791289880546,20.688174459508225,,,,,,,,,,,edge_below_threshold
2026-07-01T13:38:07.114,4,forced-7,457990,457990,WAIT,HOLD,39461.66,39441.15625360799,39415.0,39460.0,11.410459587955625,-0.29545454545454547,-4.777686097954826,-6.6317157234949455,,,,,,,,,,,edge_below_threshold
2026-07-01T13:38:17.646,5,1,252670,252670,WAIT,HOLD,71.94,71.896836,71.0,72.0,139.86013986013987,0.07958896340892857,-14.34889290538553,-124.73928616274482,,,,,,,,,,,edge_below_threshold
2026-07-01T13:38:18.595,5,2,0195R0,0195R0,WAIT,HOLD,20411.16,20418.034702558285,20425.0,20435.0,4.894762604013706,0.8060897435897436,-8.308976690880668,3.4113456770852775,,,,,,,,,,,edge_below_threshold
2026-07-01T13:38:19.127,5,3,459580,459580,WAIT,HOLD,1073483.25,1073477.9453304843,1073515.0,1073520.0,0.04657585926638364,-0.005907121159603423,-0.39176090853686185,0.34518333307991395,,,,,,,,,,,edge_below_threshold
2026-07-01T13:38:19.663,5,4,0162Z0,0162Z0,WAIT,HOLD,15274.88,15266.49085317454,15265.0,15270.0,3.274930407728836,-0.7516067508514971,-2.298594260599082,-0.9765526268470864,,,,,,,,,,,edge_below_threshold
2026-07-01T13:38:20.198,5,forced-5,0209D0,0209D0,WAIT,HOLD,8630.4,8625.221759999999,8615.0,8625.0,11.600928074245939,-0.5632356088166061,0.25710643293482066,-11.851011237070548,,,,,,,,,,,edge_below_threshold
2026-07-01T13:38:20.838,5,forced-6,0150K0,0150K0,WAIT,HOLD,11268.11,11261.349134,11280.0,11335.0,48.640282998010164,-0.7032897511598482,-65.4014586739301,16.56183977432126,,,,,,,,,,,edge_below_threshold
2026-07-01T13:38:21.370,5,forced-7,457990,457990,WAIT,HOLD,39470.78,39447.097532,39415.0,39490.0,19.01020214181611,-0.6213853396099529,-10.875950496788056,-8.136855182808276,,,,,,,,,,,edge_below_threshold
2026-07-01T13:38:31.907,6,1,252670,252670,WAIT,HOLD,71.81,71.766914,71.0,72.0,139.86013986013987,0.07956203967693089,-32.47819740444742,-106.86177755950322,,,,,,,,,,,edge_below_threshold
2026-07-01T13:38:32.889,6,2,0195R0,0195R0,WAIT,HOLD,20450.16,20443.72845521752,20445.0,20460.0,7.334066740007334,-0.1574608408903545,-7.959186514399478,0.6219730345502114,,,,,,,,,,,edge_below_threshold
2026-07-01T13:38:33.422,6,3,459580,459580,WAIT,HOLD,1073483.25,1073477.982569479,1073515.0,1073520.0,0.04657585926638364,-0.00584930470942895,-0.3914139945423858,0.34483642070121584,,,,,,,,,,,edge_below_threshold
2026-07-01T13:38:33.967,6,4,0162Z0,0162Z0,WAIT,HOLD,15274.88,15265.715071999999,15270.0,15275.0,3.273858241938124,-0.9431999824826469,-6.082209681111586,2.8068963555203883,,,,,,,,,,,edge_below_threshold
2026-07-01T13:38:34.509,6,forced-5,0209D0,0209D0,WAIT,HOLD,8635.15,8629.96891,8615.0,8635.0,23.18840579710145,-0.6832371027554804,-5.829789252393036,-17.345265268168383,,,,,,,,,,,edge_below_threshold
2026-07-01T13:38:35.106,6,forced-6,0150K0,0150K0,WAIT,HOLD,11268.79,11262.028726,11280.0,11335.0,48.640282998010164,-0.7032897511598482,-64.79407553945848,15.957403801066755,,,,,,,,,,,edge_below_threshold
2026-07-01T13:38:35.656,6,forced-7,457990,457990,WAIT,HOLD,39494.43,39488.041593135415,39420.0,39490.0,17.741731086047395,0.6174955062911923,-0.4959493521516807,-17.230936351941775,,,,,,,,,,,edge_below_threshold
2026-07-01T13:38:46.224,7,1,252670,252670,WAIT,HOLD,71.76,71.716944,71.0,72.0,139.86013986013987,0.07928717663518677,-39.468497151803064,-99.96856530863865,,,,,,,,,,,edge_below_threshold
2026-07-01T13:38:47.100,7,2,0195R0,0195R0,WAIT,HOLD,20450.16,20453.339227008808,20480.0,20490.0,4.88162069807176,0.5031847133757962,-17.92410157788866,13.034924368724244,,,,,,,,,,,edge_below_threshold
2026-07-01T13:38:47.632,7,3,459580,459580,WAIT,HOLD,1073483.25,1073477.9872084542,1073515.0,1073520.0,0.04657585926638364,-0.005842102337718567,-0.39137077840861695,0.34479320476872943,,,,,,,,,,,edge_below_threshold
2026-07-01T13:38:48.168,7,4,0162Z0,0162Z0,WAIT,HOLD,15285.29,15278.065147941476,15270.0,15275.0,3.273858241938124,-0.6240854092526691,2.0062409158456203,-5.278906630766784,,,,,,,,,,,edge_below_threshold
2026-07-01T13:38:48.708,7,forced-5,0209D0,0209D0,WAIT,HOLD,8635.04,8629.858976000001,8620.0,8635.0,17.386264850767894,-0.7254110918190174,-5.957251461809578,-11.424260845304163,,,,,,,,,,,edge_below_threshold
2026-07-01T13:38:49.257,7,forced-6,0150K0,0150K0,WAIT,HOLD,11271.03,11264.267382,11280.0,11335.0,48.640282998010164,-0.6945347739431449,-62.79380238525663,13.966836427498436,,,,,,,,,,,edge_below_threshold
2026-07-01T13:38:49.799,7,forced-7,457990,457990,WAIT,HOLD,39493.71,39470.013774,39425.0,39490.0,16.47342076918203,-0.30207908683245005,-5.063648093572843,-11.404549858467728,,,,,,,,,,,edge_below_threshold
2026-07-01T13:39:00.358,8,1,252670,252670,WAIT,HOLD,71.74,71.69695599999999,71.0,72.0,139.86013986013987,0.07877167168912942,-42.2673453528507,-97.20858999927222,,,,,,,,,,,edge_below_threshold
2026-07-01T13:39:01.252,8,2,0195R0,0195R0,WAIT,HOLD,20464.4,20453.270609878087,20470.0,20485.0,7.3251129288243195,-0.540146864090526,-15.5131131480697,8.179322730826787,,,,,,,,,,,edge_below_threshold
2026-07-01T13:39:01.821,8,3,459580,459580,WAIT,HOLD,1073483.25,1073477.9842884447,1073515.0,1073520.0,0.04657585926638364,-0.005846635880527938,-0.39139798086411215,0.3448204070975272,,,,,,,,,,,edge_below_threshold
2026-07-01T13:39:02.361,8,4,0162Z0,0162Z0,WAIT,HOLD,15279.35,15270.18239,15270.0,15275.0,3.273858241938124,-0.9036172476375243,-3.154913200745377,-0.11944192632524359,,,,,,,,,,,edge_below_threshold
2026-07-01T13:39:02.893,8,forced-5,0209D0,0209D0,WAIT,HOLD,8635.0,8629.819,8625.0,8635.0,11.587485515643106,-0.9541962488078839,-6.003602161297352,-5.5841263878182215,,,,,,,,,,,edge_below_threshold
2026-07-01T13:39:03.431,8,forced-6,0150K0,0150K0,WAIT,HOLD,11275.69,11268.924586,11280.0,11335.0,48.640282998010164,-0.6945347739431449,-58.63506627960748,9.828279456018732,,,,,,,,,,,edge_below_threshold
2026-07-01T13:39:03.960,8,forced-7,457990,457990,WAIT,HOLD,39485.5,39461.8087,39435.0,39490.0,13.937282229965156,-0.31681123502684844,-7.143945229251134,-6.79358115686203,,,,,,,,,,,edge_below_threshold
2026-07-01T13:39:14.494,9,1,252670,252670,WAIT,HOLD,71.89,71.84686599999999,71.0,72.0,139.86013986013987,0.07850798198619656,-21.313942907406506,-117.87097296630748,,,,,,,,,,,edge_below_threshold
2026-07-01T13:39:15.380,9,2,0195R0,0195R0,WAIT,HOLD,20411.16,20407.272105816144,20455.0,20470.0,7.330482590103849,0.049059387679822944,-30.73801038110241,23.38768941599657,,,,,,,,,,,edge_below_threshold
2026-07-01T13:39:15.928,9,3,459580,459580,WAIT,HOLD,1073483.25,1073477.9861727376,1073515.0,1073520.0,0.04657585926638364,-0.0058437103684536185,-0.3913804270196341,0.3448028533348074,,,,,,,,,,,edge_below_threshold
2026-07-01T13:39:16.467,9,4,0162Z0,0162Z0,WAIT,HOLD,15273.43,15264.265942,15265.0,15270.0,3.274930407728836,-0.9430640129032671,-3.7565239113284865,0.4808996402376783,,,,,,,,,,,edge_below_threshold
2026-07-01T13:39:16.994,9,forced-5,0209D0,0209D0,WAIT,HOLD,8640.32,8635.135807999999,8625.0,8635.0,11.587485515643106,-0.5790783696892177,0.15727372796299138,-11.737867504769056,,,,,,,,,,,edge_below_threshold
2026-07-01T13:39:17.595,9,forced-6,0150K0,0150K0,WAIT,HOLD,11277.51,11270.743494,11280.0,11335.0,48.640282998010164,-0.6954930461152358,-57.01177214635998,8.212861915389553,,,,,,,,,,,edge_below_threshold
2026-07-01T13:39:18.132,9,forced-7,457990,457990,WAIT,HOLD,39527.3,39503.58362,39450.0,39505.0,13.93198657463112,-0.4897003745318352,-0.35854468638265563,-13.564242807801651,,,,,,,,,,,edge_below_threshold
2026-07-01T13:39:28.666,10,1,252670,252670,WAIT,HOLD,71.95,71.90683,71.0,72.0,139.86013986013987,0.07832746033761076,-12.957044553347803,-126.11180328767091,,,,,,,,,,,edge_below_threshold
2026-07-01T13:39:29.572,10,2,0195R0,0195R0,WAIT,HOLD,20411.16,20411.434545035834,20450.0,20455.0,2.4446889133357783,0.14465233175090758,-21.343651700738093,18.894044354930045,,,,,,,,,,,edge_below_threshold
2026-07-01T13:39:30.106,10,3,459580,459580,WAIT,HOLD,1073483.25,1073477.995418455,1073515.0,1073520.0,0.04657585926638364,-0.005829355669688375,-0.39129429503247554,0.34471672174881507,,,,,,,,,,,edge_below_threshold
2026-07-01T13:39:30.634,10,4,0162Z0,0162Z0,WAIT,HOLD,15274.91,15265.745053999999,15265.0,15270.0,3.274930407728836,-0.9854130615907197,-2.787250792509487,-0.48805610034988106,,,,,,,,,,,edge_below_threshold
2026-07-01T13:39:31.179,10,forced-5,0209D0,0209D0,WAIT,HOLD,8641.98,8636.794811999998,8625.0,8635.0,11.587485515643106,-0.8604590562637077,2.078099618048763,-13.656468929434928,,,,,,,,,,,edge_below_threshold
2026-07-01T13:39:31.715,10,forced-6,0150K0,0150K0,WAIT,HOLD,11278.34,11271.572995999999,11280.0,11335.0,48.640282998010164,-0.6954930461152358,-56.27165261007465,7.476333607555546,,,,,,,,,,,edge_below_threshold
2026-07-01T13:39:32.259,10,forced-7,457990,457990,WAIT,HOLD,39515.4,39519.553515392225,39440.0,39505.0,16.467160681487112,0.9985435479172735,3.682611289258695,-20.130165529638347,,,,,,,,,,,edge_below_threshold
2026-07-01T13:39:42.794,11,1,252670,252670,WAIT,HOLD,71.94,71.896836,71.0,72.0,139.86013986013987,0.0791304138712382,-14.34889290538553,-124.73928616274482,,,,,,,,,,,edge_below_threshold
2026-07-01T13:39:43.680,11,2,0195R0,0195R0,WAIT,HOLD,20411.16,20408.603437521073,20455.0,20465.0,4.887585532746823,0.03562399448402666,-27.63371959849168,22.733825281561074,,,,,,,,,,,edge_below_threshold
2026-07-01T13:39:44.210,11,3,459580,459580,WAIT,HOLD,1073483.25,1073477.9895672782,1073515.0,1073520.0,0.04657585926638364,-0.005838440078821136,-0.3913488038888311,0.34477123035129154,,,,,,,,,,,edge_below_threshold
2026-07-01T13:39:44.752,11,4,0162Z0,0162Z0,WAIT,HOLD,15277.87,15269.215726307477,15265.0,15270.0,3.274930407728836,-0.780350365340425,-0.5136306321037148,-2.760931787880602,,,,,,,,,,,edge_below_threshold
2026-07-01T13:39:45.290,11,forced-5,0209D0,0209D0,WAIT,HOLD,8635.48,8630.298712,8625.0,8635.0,11.587485515643106,-0.8725502151455499,-5.44742210772299,-6.139662341735868,,,,,,,,,,,edge_below_threshold
2026-07-01T13:39:45.875,11,forced-6,0150K0,0150K0,WAIT,HOLD,11273.5,11266.7359,11280.0,11335.0,48.640282998010164,-0.6954930461152358,-60.58906555180754,11.772797478993295,,,,,,,,,,,edge_below_threshold
2026-07-01T13:39:46.405,11,forced-7,457990,457990,WAIT,HOLD,39517.47,39521.62293538017,39440.0,39505.0,16.467160681487112,0.9985099091044554,4.206035619374116,-20.652728637593093,,,,,,,,,,,edge_below_threshold
2026-07-01T13:39:56.938,12,1,252670,252670,WAIT,HOLD,71.95,71.90683,71.0,72.0,139.86013986013987,0.08073850949481648,-12.957044553347803,-126.11180328767091,,,,,,,,,,,edge_below_threshold
2026-07-01T13:39:57.854,12,2,0195R0,0195R0,WAIT,HOLD,20411.16,20409.44882567066,20445.0,20460.0,7.334066740007334,0.22697795071335927,-24.76851519172664,17.4189781571286,,,,,,,,,,,edge_below_threshold
2026-07-01T13:39:58.388,12,3,459580,459580,WAIT,HOLD,1073483.25,1073477.9987043121,1073515.0,1073520.0,0.04657585926638364,-0.005824254119478406,-0.39126368438439507,0.344686111243306,,,,,,,,,,,edge_below_threshold
2026-07-01T13:39:58.921,12,4,0162Z0,0162Z0,WAIT,HOLD,15273.43,15266.185275895452,15260.0,15265.0,3.276003276003276,-0.6267583534580383,0.7764060726574666,-4.051618517442053,,,,,,,,,,,edge_below_threshold
2026-07-01T13:39:59.447,12,forced-5,0209D0,0209D0,WAIT,HOLD,8638.97,8633.786617999998,8625.0,8635.0,11.587485515643106,-0.8705251427775457,-1.4053879875511763,-10.177015472770249,,,,,,,,,,,edge_below_threshold
2026-07-01T13:39:59.979,12,forced-6,0150K0,0150K0,WAIT,HOLD,11274.81,11268.045113999999,11280.0,11335.0,48.640282998010164,-0.6945347739431449,-59.42014370958913,10.609547511615824,,,,,,,,,,,edge_below_threshold
2026-07-01T13:40:00.513,12,forced-7,457990,457990,ENTER_BUY,BUY,39532.61,39536.764803403676,39440.0,39505.0,16.467160681487112,0.9985215848610289,8.034244471348607,-24.474638702695582,,,BUY,5,39505,0754455,True,FILLED_BY_HOLDING,0,5,buy_signal_hit_ask
2026-07-01T13:40:12.563,13,1,252670,252670,WAIT,HOLD,72.06,72.016764,71.0,72.0,139.86013986013987,0.0805796618977841,2.3277913459142505,-141.18434979944323,,,,,,,,,,,edge_below_threshold
2026-07-01T13:40:13.488,13,2,0195R0,0195R0,WAIT,HOLD,20411.16,20406.93255740763,20425.0,20440.0,7.341245564664138,0.02187182095625636,-16.204024048860948,8.853580782680275,,,,,,,,,,,edge_below_threshold
2026-07-01T13:40:14.014,13,3,459580,459580,WAIT,HOLD,1073483.25,1073477.9992460385,1073515.0,1073520.0,0.04657585926638364,-0.005823413046786296,-0.39125863772711594,0.3446810646095321,,,,,,,,,,,edge_below_threshold
2026-07-01T13:40:14.548,13,4,0162Z0,0162Z0,WAIT,HOLD,15271.95,15264.89390024687,15255.0,15260.0,3.2770768474520726,-0.6061962334340851,3.205983794483758,-6.481473314865644,,,,,,,,,,,edge_below_threshold
2026-07-01T13:40:15.086,13,forced-5,0209D0,0209D0,WAIT,HOLD,8632.67,8627.490398,8620.0,8630.0,11.594202898550725,-0.8816630170681226,-2.9088435735400586,-8.682012560380613,,,,,,,,,,,edge_below_threshold
2026-07-01T13:40:15.619,13,forced-6,0150K0,0150K0,WAIT,HOLD,11270.88,11264.117471999998,11280.0,11335.0,48.640282998010164,-0.6945347739431449,-62.927724410012196,14.100108632107414,,,,,,,,,,,edge_below_threshold
2026-07-01T13:40:16.146,13,forced-7,457990,457990,EXIT_LOSS,HOLD,39522.43,39498.716542,39445.0,39510.0,16.46507504274587,-0.4805429864253394,-2.8566644660466554,-13.599566442338386,-15.187950892292116,14.108999999938533,SELL,5,39445,0754777,True,FILLED_BY_HOLDING,5,0,loss_stop_-15.19bps
2026-07-01T13:40:27.908,14,1,252670,252670,WAIT,HOLD,71.9,71.85686,71.0,72.0,139.86013986013987,0.08075671641198942,-19.920157936208525,-119.24539981290549,,,,,,,,,,,edge_below_threshold
2026-07-01T13:40:28.897,14,2,0195R0,0195R0,WAIT,HOLD,20435.92,20423.658448,20460.0,20475.0,7.328691828508611,-0.6434551766387584,-25.138273894816994,17.793850250938004,,,,,,,,,,,edge_below_threshold
2026-07-01T13:40:29.428,14,3,459580,459580,WAIT,HOLD,1073483.25,1073479.342600389,1073515.0,1073520.0,0.04657585926638364,-0.0037377503992163776,-0.37874412666939383,0.33216661183908475,,,,,,,,,,,edge_below_threshold
2026-07-01T13:40:29.965,14,4,0162Z0,0162Z0,WAIT,HOLD,15274.88,15268.2025936744,15260.0,15270.0,6.550933508024893,-0.40103584326123554,-1.1772219516822944,-5.372337460204859,,,,,,,,,,,edge_below_threshold
2026-07-01T13:40:30.507,14,forced-5,0209D0,0209D0,WAIT,HOLD,8629.35,8624.17239,8620.0,8625.0,5.798782255726297,-0.8464398720034323,-0.9596399081260446,-4.838017854139536,,,,,,,,,,,edge_below_threshold
2026-07-01T13:40:31.043,14,forced-6,0150K0,0150K0,WAIT,HOLD,11268.95,11262.18863,11280.0,11335.0,48.640282998010164,-0.6946805162102613,-64.651172513703,15.815194173318904,,,,,,,,,,,edge_below_threshold
2026-07-01T13:40:31.606,14,forced-7,457990,457990,WAIT,HOLD,39509.28,39489.61547800373,39445.0,39510.0,16.46507504274587,-0.006278026905829596,-5.161995565042203,-11.298027966006334,,,,,,,,,,,edge_below_threshold
2026-07-01T13:40:42.137,15,1,252670,252670,WAIT,HOLD,71.75,71.70694999999999,71.0,72.0,139.86013986013987,0.08056882959056215,-40.867726210640406,-98.58876998672962,,,,,,,,,,,edge_below_threshold
2026-07-01T13:40:43.112,15,2,0195R0,0195R0,WAIT,HOLD,20435.92,20433.66313876119,20470.0,20490.0,9.765625,0.3042212518195051,-27.57061269740925,17.7828424556353,,,,,,,,,,,edge_below_threshold
2026-07-01T13:40:43.641,15,3,459580,459580,WAIT,HOLD,1073483.25,1073479.3433648741,1073515.0,1073520.0,0.04657585926638364,-0.0037365634761185496,-0.3787370048353788,0.33215949003824025,,,,,,,,,,,edge_below_threshold
2026-07-01T13:40:44.174,15,4,0162Z0,0162Z0,WAIT,HOLD,15280.8,15271.631519999999,15275.0,15280.0,3.272786777941417,-0.9079665906981736,-5.479755053702998,2.2057106312377814,,,,,,,,,,,edge_below_threshold
2026-07-01T13:40:44.720,15,forced-5,0209D0,0209D0,WAIT,HOLD,8631.55,8626.37107,8620.0,8630.0,11.594202898550725,-0.8711839054670556,-4.206786342197965,-7.385573781025903,,,,,,,,,,,edge_below_threshold
2026-07-01T13:40:45.256,15,forced-6,0150K0,0150K0,WAIT,HOLD,11270.78,11264.017532,11280.0,11335.0,48.640282998010164,-0.6956385315343583,-63.01700774021856,14.18895873927352,,,,,,,,,,,edge_below_threshold
2026-07-01T13:40:45.796,15,forced-7,457990,457990,WAIT,HOLD,39534.34,39512.37190567769,39450.0,39520.0,17.72825123464607,-0.03970611224011255,-1.9305584439525765,-15.785411674748756,,,,,,,,,,,edge_below_threshold
2026-07-01T13:40:56.338,16,1,252670,252670,WAIT,HOLD,71.5,71.4571,71.0,72.0,139.86013986013987,0.07911765144741723,-75.97565532326432,-63.96845100066991,,,,,,,,,,,edge_below_threshold
2026-07-01T13:40:57.326,16,2,0195R0,0195R0,WAIT,HOLD,20531.88,20519.560872000002,20550.0,20565.0,7.296607077708865,-0.8468079861966971,-22.14429844938943,14.834200492825323,,,,,,,,,,,edge_below_threshold
2026-07-01T13:40:57.856,16,3,459580,459580,WAIT,HOLD,1073483.25,1073479.5300513436,1073515.0,1073520.0,0.04657585926638364,-0.003446718137657522,-0.376997860913619,0.3304203542166738,,,,,,,,,,,edge_below_threshold
2026-07-01T13:40:58.391,16,4,0162Z0,0162Z0,WAIT,HOLD,15291.21,15283.068402773497,15280.0,15290.0,6.542361792607132,-0.5602759564155592,-4.535474843026392,-2.007713825935693,,,,,,,,,,,edge_below_threshold
2026-07-01T13:40:58.930,16,forced-5,0209D0,0209D0,WAIT,HOLD,8639.57,8634.386257999999,8620.0,8635.0,17.386264850767894,-0.6321608040201006,-0.710811378669465,-16.6615872514035,,,,,,,,,,,edge_below_threshold
2026-07-01T13:40:59.478,16,forced-6,0150K0,0150K0,WAIT,HOLD,11277.82,11271.053307999999,11280.0,11335.0,48.640282998010164,-0.6956385315343583,-56.73532921241096,7.937760345478219,,,,,,,,,,,edge_below_threshold
2026-07-01T13:41:00.008,16,forced-7,457990,457990,WAIT,HOLD,39550.58,39526.849652,39495.0,39575.0,20.235234602251168,-0.8406438631790745,-12.181681167086513,-8.05772589528536,,,,,,,,,,,edge_below_threshold
2026-07-01T13:41:10.545,17,1,252670,252670,WAIT,HOLD,71.46,71.41712399999999,71.0,72.0,139.86013986013987,0.06872690443555299,-81.61572006176182,-58.40672049465154,,,,,,,,,,,edge_below_threshold
2026-07-01T13:41:11.464,17,2,0195R0,0195R0,WAIT,HOLD,20517.64,20522.035560138378,20530.0,20535.0,2.43516376476318,0.4788135593220339,-6.317326477498084,3.8809209925997403,,,,,,,,,,,edge_below_threshold
2026-07-01T13:41:12.000,17,3,459580,459580,WAIT,HOLD,1073483.25,1073479.5638353466,1073515.0,1073520.0,0.04657585926638364,-0.0033942658323285486,-0.37668313413367027,0.3301056289025887,,,,,,,,,,,edge_below_threshold
2026-07-01T13:41:12.573,17,4,0162Z0,0162Z0,WAIT,HOLD,15295.68,15289.824343744634,15280.0,15285.0,3.271716015049894,-0.4744654066651923,3.1552643353997687,-6.425413087661659,,,,,,,,,,,edge_below_threshold
2026-07-01T13:41:13.157,17,forced-5,0209D0,0209D0,WAIT,HOLD,8639.31,8634.126413999998,8620.0,8635.0,17.386264850767894,-0.5035576336653791,-1.0117827306593843,-16.361138721681076,,,,,,,,,,,edge_below_threshold
2026-07-01T13:41:13.712,17,forced-6,0150K0,0150K0,WAIT,HOLD,11284.24,11277.469455999999,11280.0,11335.0,48.640282998010164,-0.3619820214865161,-51.013699681884646,2.243893463754641,,,,,,,,,,,edge_below_threshold
2026-07-01T13:41:14.243,17,forced-7,457990,457990,WAIT,HOLD,39548.04,39524.311175999996,39525.0,39570.0,11.378721790252229,-0.8368240930869267,-11.559676219669988,0.1742785590714245,,,,,,,,,,,edge_below_threshold
2026-07-01T13:41:24.781,18,1,252670,252670,WAIT,HOLD,71.44,71.39713599999999,71.0,72.0,139.86013986013987,0.06838177344382851,-84.43812087924802,-55.62351968851931,,,,,,,,,,,edge_below_threshold
2026-07-01T13:41:25.680,18,2,0195R0,0195R0,WAIT,HOLD,20531.88,20525.467845934127,20535.0,20550.0,7.301935012778387,-0.15540714102234782,-11.952055977487928,4.6440617760445075,,,,,,,,,,,edge_below_threshold
2026-07-01T13:41:26.215,18,3,459580,459580,WAIT,HOLD,1073483.25,1073479.5304979486,1073515.0,1073520.0,0.04657585926638364,-0.0034460247485898292,-0.37699370040701713,0.33041619372944986,,,,,,,,,,,edge_below_threshold
2026-07-01T13:41:26.780,18,4,0162Z0,0162Z0,WAIT,HOLD,15298.67,15289.743881049524,15280.0,15290.0,6.542361792607132,-0.6453105540007912,-0.16751029478872162,-6.372821628229453,,,,,,,,,,,edge_below_threshold
2026-07-01T13:41:27.319,18,forced-5,0209D0,0209D0,WAIT,HOLD,8644.18,8640.104819204655,8630.0,8635.0,5.7920648711265565,-0.49612403100775193,5.908283882514917,-11.69525071292458,,,,,,,,,,,edge_below_threshold
2026-07-01T13:41:27.847,18,forced-6,0150K0,0150K0,WAIT,HOLD,11283.47,11276.699917999998,11280.0,11335.0,48.640282998010164,-0.6956385315343583,-51.69959511553757,2.92646077664436,,,,,,,,,,,edge_below_threshold
2026-07-01T13:41:28.380,18,forced-7,457990,457990,WAIT,HOLD,39542.01,39540.0252402111,39525.0,39570.0,11.378721790252229,0.48527992277992277,-7.580865112452301,-3.8000077440061366,,,,,,,,,,,edge_below_threshold
2026-07-01T13:41:38.916,19,1,252670,252670,WAIT,HOLD,71.55,71.50707,71.0,72.0,139.86013986013987,0.07409119013618436,-68.93444242646233,-70.9118692739052,,,,,,,,,,,edge_below_threshold
2026-07-01T13:41:39.893,19,2,0195R0,0195R0,WAIT,HOLD,20517.64,20510.646068016948,20495.0,20510.0,7.3161809535422515,-0.2023144453312051,0.31499154868406476,-7.6282667864592835,,,,,,,,,,,edge_below_threshold
2026-07-01T13:41:40.479,19,3,459580,459580,WAIT,HOLD,1073483.25,1073479.534173491,1073515.0,1073520.0,0.04657585926638364,-0.003440318181751496,-0.37695945959706434,0.3303819530789762,,,,,,,,,,,edge_below_threshold
2026-07-01T13:41:41.017,19,4,0162Z0,0162Z0,WAIT,HOLD,15295.68,15290.388492517532,15275.0,15285.0,6.544502617801047,-0.24935460518228136,3.524104387647528,-10.064160583664771,,,,,,,,,,,edge_below_threshold
2026-07-01T13:41:41.565,19,forced-5,0209D0,0209D0,WAIT,HOLD,8641.99,8637.18098785654,8630.0,8635.0,5.7920648711265565,-0.6378475217304758,2.5251153815190137,-8.314041197742801,,,,,,,,,,,edge_below_threshold
2026-07-01T13:41:42.108,19,forced-6,0150K0,0150K0,WAIT,HOLD,11278.67,11271.902798,11280.0,11335.0,48.640282998010164,-0.6956385315343583,-55.9774184809297,7.183527169376887,,,,,,,,,,,edge_below_threshold
2026-07-01T13:41:42.648,19,forced-7,457990,457990,WAIT,HOLD,39535.57,39511.848657999995,39470.0,39575.0,26.567145296982734,-0.06574032571343194,-15.982887195843306,-10.591419895895509,,,,,,,,,,,edge_below_threshold
2026-07-01T13:41:53.181,20,1,252670,252670,WAIT,HOLD,71.53,71.487082,71.0,72.0,139.86013986013987,0.07140358371625002,-71.74974633878595,-68.1356668048083,,,,,,,,,,,edge_below_threshold
2026-07-01T13:41:54.190,20,2,0195R0,0195R0,WAIT,HOLD,20517.64,20514.115679995357,20520.0,20535.0,7.307270734380709,0.07907979870596693,-10.18046321392676,2.868424891637551,,,,,,,,,,,edge_below_threshold
2026-07-01T13:41:54.730,20,3,459580,459580,WAIT,HOLD,1073483.25,1073479.526509617,1073515.0,1073520.0,0.04657585926638364,-0.003452216945352858,-0.3770308551166185,0.3304533482660003,,,,,,,,,,,edge_below_threshold
2026-07-01T13:41:55.311,20,4,0162Z0,0162Z0,WAIT,HOLD,15297.16,15289.834672268893,15275.0,15290.0,9.81514804514968,-0.3073567281984116,-0.10812918167577122,-9.702310447998862,,,,,,,,,,,edge_below_threshold
2026-07-01T13:41:55.891,20,forced-5,0209D0,0209D0,WAIT,HOLD,8642.56,8637.605034539421,8630.0,8635.0,5.7920648711265565,-0.6659325893023776,3.0159222712831237,-8.80456389127659,,,,,,,,,,,edge_below_threshold
2026-07-01T13:41:56.424,20,forced-6,0150K0,0150K0,WAIT,HOLD,11280.66,11273.891603999999,11280.0,11335.0,48.640282998010164,-0.3619820214865161,-54.203462430240215,5.418178757221844,,,,,,,,,,,edge_below_threshold
2026-07-01T13:41:56.989,20,forced-7,457990,457990,WAIT,HOLD,39523.7,39499.985779999995,39480.0,39560.0,20.242914979757085,-0.05424179722140112,-15.193478887375077,-5.059692960728816,,,,,,,,,,,edge_below_threshold
2026-07-01T13:42:07.569,21,1,252670,252670,WAIT,HOLD,71.46,71.41712399999999,71.0,72.0,139.86013986013987,0.0731378138503846,-81.61572006176182,-58.40672049465154,,,,,,,,,,,edge_below_threshold
2026-07-01T13:42:08.449,21,2,0195R0,0195R0,WAIT,HOLD,20531.88,20537.527468243938,20525.0,20540.0,7.305491294289541,0.8237054085155351,-1.2039091657384375,-6.099793786427389,,,,,,,,,,,edge_below_threshold
2026-07-01T13:42:08.978,21,3,459580,459580,WAIT,HOLD,1073483.25,1073479.5178967237,1073515.0,1073520.0,0.04657585926638364,-0.003465589135480766,-0.3771110915615437,0.3305335843372183,,,,,,,,,,,edge_below_threshold
2026-07-01T13:42:09.521,21,4,0162Z0,0162Z0,WAIT,HOLD,15301.63,15296.346978015963,15280.0,15290.0,6.542361792607132,-0.24831319710588276,4.149342339765802,-10.68685094516818,,,,,,,,,,,edge_below_threshold
2026-07-01T13:42:10.053,21,forced-5,0209D0,0209D0,WAIT,HOLD,8641.15,8635.96531,8630.0,8640.0,11.580775911986102,-0.8216848440287026,-4.671961796011904,-6.907519641251999,,,,,,,,,,,edge_below_threshold
2026-07-01T13:42:10.585,21,forced-6,0150K0,0150K0,WAIT,HOLD,11276.99,11270.223806,11280.0,11335.0,48.640282998010164,-0.3619820214865161,-57.47551700394337,8.674356577369315,,,,,,,,,,,edge_below_threshold
2026-07-01T13:42:11.116,21,forced-7,457990,457990,WAIT,HOLD,39542.46,39518.734524,39470.0,39555.0,21.51217968997153,-0.8404956498813604,-9.176780693211777,-12.332005208922544,,,,,,,,,,,edge_below_threshold
2026-07-01T13:42:21.650,22,1,252670,252670,WAIT,HOLD,71.49,71.44710599999999,71.0,72.0,139.86013986013987,0.072537055406849,-77.38507980995188,-62.57860185407523,,,,,,,,,,,edge_below_threshold
2026-07-01T13:42:22.569,22,2,0195R0,0195R0,WAIT,HOLD,20478.64,20484.546297707486,20530.0,20545.0,7.303712720632988,0.8458732946102931,-29.511858067991405,22.189264839905743,,,,,,,,,,,edge_below_threshold
2026-07-01T13:42:23.101,22,3,459580,459580,WAIT,HOLD,1073483.25,1073479.5310033641,1073515.0,1073520.0,0.04657585926638364,-0.0034452400516492548,-0.3769889920308521,0.33041148537521436,,,,,,,,,,,edge_below_threshold
2026-07-01T13:42:23.633,22,4,0162Z0,0162Z0,WAIT,HOLD,15297.16,15291.622583944702,15280.0,15290.0,6.542361792607132,-0.2761982618251506,1.0610933769743722,-7.600621765871053,,,,,,,,,,,edge_below_threshold
2026-07-01T13:42:24.188,22,forced-5,0209D0,0209D0,WAIT,HOLD,8639.38,8635.303166830005,8630.0,8635.0,5.7920648711265565,-0.49687934547100865,0.3510783861869303,-6.141263054174083,,,,,,,,,,,edge_below_threshold
2026-07-01T13:42:24.726,22,forced-6,0150K0,0150K0,WAIT,HOLD,11280.21,11273.441873999998,11280.0,11335.0,48.640282998010164,-0.3619820214865161,-54.60455350550355,5.817323647294233,,,,,,,,,,,edge_below_threshold
2026-07-01T13:42:25.263,22,forced-7,457990,457990,WAIT,HOLD,39554.67,39530.937198,39475.0,39565.0,22.77327935222672,-0.8436288446627035,-8.616745368162869,-14.150233200853553,,,,,,,,,,,edge_below_threshold
2026-07-01T13:42:35.800,23,1,252670,252670,WAIT,HOLD,71.44,71.39713599999999,71.0,72.0,139.86013986013987,0.04737845966388597,-84.43812087924802,-55.62351968851931,,,,,,,,,,,edge_below_threshold
2026-07-01T13:42:36.774,23,2,0195R0,0195R0,WAIT,HOLD,20531.88,20519.560872000002,20545.0,20560.0,7.298382191947452,-0.9037995709045609,-19.707599130534724,12.397501173970621,,,,,,,,,,,edge_below_threshold
2026-07-01T13:42:37.305,23,3,459580,459580,WAIT,HOLD,1073483.25,1073479.5223636401,1073515.0,1073520.0,0.04657585926638364,-0.003458653898359304,-0.37706947842599914,0.33049197139549,,,,,,,,,,,edge_below_threshold
2026-07-01T13:42:37.836,23,4,0162Z0,0162Z0,WAIT,HOLD,15303.11,15297.835697498112,15280.0,15290.0,6.542361792607132,-0.247307904158634,5.1220954735407345,-11.65896787676275,,,,,,,,,,,edge_below_threshold
2026-07-01T13:42:38.370,23,forced-5,0209D0,0209D0,WAIT,HOLD,8641.85,8639.612850493048,8630.0,8635.0,5.7920648711265565,-0.14185327461819544,5.3391865733709,-11.126482933201027,,,,,,,,,,,edge_below_threshold
2026-07-01T13:42:38.900,23,forced-6,0150K0,0150K0,WAIT,HOLD,11284.37,11277.599378,11280.0,11335.0,48.640282998010164,-0.6956385315343583,-50.89790838994919,2.1286640175233242,,,,,,,,,,,edge_below_threshold
2026-07-01T13:42:39.442,23,forced-7,457990,457990,WAIT,HOLD,39529.09,39505.37254599999,39480.0,39545.0,16.4504903511547,-0.6049015967322688,-10.030902494051015,-6.422555810718572,,,,,,,,,,,edge_below_threshold
2026-07-01T13:42:49.981,24,1,252670,252670,WAIT,HOLD,71.37,71.327178,71.0,72.0,139.86013986013987,0.039232799543388104,-94.32898074279574,-45.87003287863197,,,,,,,,,,,edge_below_threshold
2026-07-01T13:42:50.853,24,2,0195R0,0195R0,BUY_SKIPPED_ORDER_DISABLED,BUY,20599.36,20596.781644885712,20560.0,20565.0,2.43161094224924,-0.08703071672354949,15.430393657449661,-17.85795738376684,,,,,,,,dry_run,,,[kt10000] 20: [2000](501179:레버리지ETP 교육이수등록이 되지 않았습니다)
2026-07-01T13:42:51.389,24,3,459580,459580,WAIT,HOLD,1073483.25,1073479.5155935872,1073515.0,1073520.0,0.04657585926638364,-0.0034691649350191947,-0.3771325472421879,0.33055503991793106,,,,,,,,,,,edge_below_threshold
2026-07-01T13:42:51.926,24,4,0162Z0,0162Z0,ENTER_BUY,BUY,15306.1,15305.07998069342,15285.0,15290.0,3.2706459525756335,0.052463365788948016,9.85292511534852,-13.119814283067504,,,BUY,5,15290,0758408,True,FILLED_BY_HOLDING,0,5,buy_signal_hit_ask
2026-07-01T13:42:53.965,24,forced-5,0209D0,0209D0,WAIT,HOLD,8646.17,8641.255680402928,8635.0,8640.0,5.788712011577424,-0.6578662292240552,1.4531226124646293,-7.2393187220638975,,,,,,,,,,,edge_below_threshold
2026-07-01T13:42:54.501,24,forced-6,0150K0,0150K0,WAIT,HOLD,11286.71,11279.937973999999,11280.0,11335.0,48.640282998010164,-0.7078899819313391,-48.814121253962696,0.054987891018898005,,,,,,,,,,,edge_below_threshold
2026-07-01T13:42:55.039,24,forced-7,457990,457990,WAIT,HOLD,39512.9,39496.08985200474,39480.0,39535.0,13.921407327722585,-0.012987012987012988,-9.851645603668217,-4.073783522630044,,,,,,,,,,,edge_below_threshold
2026-07-01T13:43:05.584,25,1,252670,252670,WAIT,HOLD,71.46,71.41712399999999,71.0,72.0,139.86013986013987,0.11999351497549074,-81.61572006176182,-58.40672049465154,,,,,,,,,,,edge_below_threshold
2026-07-01T13:43:06.542,25,2,0195R0,0195R0,BUY_SKIPPED_ORDER_DISABLED,BUY,20585.12,20584.62832965791,20545.0,20555.0,4.866180048661801,0.20350109409190373,14.393424638725005,-19.251418594142798,,,,,,,,dry_run,,,[kt10000] 20: [2000](501179:레버리지ETP 교육이수등록이 되지 않았습니다)
2026-07-01T13:43:07.079,25,3,459580,459580,WAIT,HOLD,1073483.25,1073479.5719604199,1073515.0,1073520.0,0.04657585926638364,-0.003381651020659774,-0.3766074421545539,0.33002993727601343,,,,,,,,,,,edge_below_threshold
2026-07-01T13:43:07.634,25,4,0162Z0,0162Z0,HOLD_POSITION,HOLD,15306.1,15298.105683912823,15285.0,15295.0,6.540222367560498,-0.5434823545049735,2.0301101175481473,-8.566867155719086,-3.270111183780249,14.202999999979511,,,,,,,,,edge_below_threshold
2026-07-01T13:43:08.170,25,forced-5,0209D0,0209D0,WAIT,HOLD,8645.03,8640.49037402524,8635.0,8640.0,5.788712011577424,-0.5857543399152896,0.5675303183179374,-6.3542389234578,,,,,,,,,,,edge_below_threshold
2026-07-01T13:43:08.707,25,forced-6,0150K0,0150K0,WAIT,HOLD,11283.46,11276.689923999998,11280.0,11335.0,48.640282998010164,-0.3619820214865161,-51.70850346421353,2.93532589998488,,,,,,,,,,,edge_below_threshold
2026-07-01T13:43:09.236,25,forced-7,457990,457990,WAIT,HOLD,39553.36,39529.627984,39485.0,39535.0,12.655024044545685,-0.7653676175170752,-1.358984709437575,-11.289755627870429,,,,,,,,,,,edge_below_threshold
2026-07-01T13:43:19.777,26,1,252670,252670,WAIT,HOLD,71.47,71.427118,71.0,72.0,139.86013986013987,0.12185894078193465,-80.20511201362024,-59.79773676434671,,,,,,,,,,,edge_below_threshold
2026-07-01T13:43:20.693,26,2,0195R0,0195R0,WAIT,HOLD,20546.12,20545.442754319996,20555.0,20570.0,7.29483282674772,0.30980461186410846,-11.952648562338792,4.6517594165714105,,,,,,,,,,,edge_below_threshold
2026-07-01T13:43:21.227,26,3,459580,459580,WAIT,HOLD,1073483.25,1073479.5766520826,1073515.0,1073520.0,0.04657585926638364,-0.0033743668475429063,-0.3765637353200125,0.32998623064503996,,,,,,,,,,,edge_below_threshold
2026-07-01T13:43:21.764,26,4,0162Z0,0162Z0,HOLD_POSITION,HOLD,15298.67,15292.681964589692,15285.0,15290.0,3.2706459525756335,-0.4888158487906035,1.7537568595896063,-5.023294545377838,-3.270111183780249,28.32799999997951,,,,,,,,,edge_below_threshold
2026-07-01T13:43:22.305,26,forced-5,0209D0,0209D0,WAIT,HOLD,8643.34,8638.153996,8635.0,8640.0,5.788712011577424,-0.7396360146184798,-2.1370352981154506,-3.651238449163551,,,,,,,,,,,edge_below_threshold
2026-07-01T13:43:22.847,26,forced-6,0150K0,0150K0,WAIT,HOLD,11286.43,11279.658142,11280.0,11335.0,48.640282998010164,-0.3327612100407638,-49.06341779449274,0.30307478799101234,,,,,,,,,,,edge_below_threshold
2026-07-01T13:43:23.381,26,forced-7,457990,457990,WAIT,HOLD,39547.85,39524.121289999995,39490.0,39565.0,18.974131933464044,-0.7741935483870968,-10.342724560545063,-8.63302937202263,,,,,,,,,,,edge_below_threshold
2026-07-01T13:43:33.914,27,1,252670,252670,WAIT,HOLD,71.44,71.39713599999999,71.0,72.0,139.86013986013987,0.11715256540757331,-84.43812087924802,-55.62351968851931,,,,,,,,,,,edge_below_threshold
2026-07-01T13:43:34.839,27,2,0195R0,0195R0,WAIT,HOLD,20546.12,20542.136652394314,20560.0,20580.0,9.722897423432183,0.16302241904234707,-18.432039590814664,8.695954032417372,,,,,,,,,,,edge_below_threshold
2026-07-01T13:43:35.364,27,3,459580,459580,WAIT,HOLD,1073483.25,1073479.5888308121,1073515.0,1073520.0,0.04657585926638364,-0.003355458417855853,-0.3764502800829068,0.32987277593636044,,,,,,,,,,,edge_below_threshold
2026-07-01T13:43:35.910,27,4,0162Z0,0162Z0,HOLD_POSITION,HOLD,15301.66,15294.425281106498,15290.0,15295.0,3.2695765898316167,-0.6245314140050983,-0.3757701796169852,-2.8933948318833798,0.0,42.46900000004098,,,,,,,,,edge_below_threshold
2026-07-01T13:43:36.444,27,forced-5,0209D0,0209D0,WAIT,HOLD,8645.78,8641.43137645106,8635.0,8640.0,5.788712011577424,-0.5488584474885845,1.656411291954927,-7.442489757642453,,,,,,,,,,,edge_below_threshold
2026-07-01T13:43:36.982,27,forced-6,0150K0,0150K0,WAIT,HOLD,11279.36,11272.592384,11280.0,11335.0,48.640282998010164,-0.3619820214865161,-55.36225729990914,6.571350890425682,,,,,,,,,,,edge_below_threshold
2026-07-01T13:43:37.538,27,forced-7,457990,457990,WAIT,HOLD,39510.72,39487.013568,39470.0,39535.0,16.454654768685526,-0.7878747853652094,-12.152459166698224,-4.308648961437235,,,,,,,,,,,edge_below_threshold
2026-07-01T13:43:48.087,28,1,252670,252670,WAIT,HOLD,71.45,71.40713,71.0,72.0,139.86013986013987,0.11738315156005566,-83.02672296169933,-57.015314857213156,,,,,,,,,,,edge_below_threshold
2026-07-01T13:43:49.067,28,2,0195R0,0195R0,WAIT,HOLD,20570.88,20571.407601645165,20570.0,20575.0,2.4304289707133306,0.16426809210526316,-1.7463065359452066,-0.684251497234853,,,,,,,,,,,edge_below_threshold
2026-07-01T13:43:49.610,28,3,459580,459580,WAIT,HOLD,1073483.25,1073479.6462324234,1073515.0,1073520.0,0.04657585926638364,-0.0032663379287160284,-0.37591553522469184,0.3293380335687599,,,,,,,,,,,edge_below_threshold
2026-07-01T13:43:50.141,28,4,0162Z0,0162Z0,EXIT_FV,HOLD,15295.71,15286.532573999999,15290.0,15295.0,3.2695765898316167,-0.9229666762213942,-5.539141043929633,2.2682881047194563,0.0,56.70299999997951,SELL,5,15290,0759757,True,FILLED_BY_HOLDING,5,0,exit_price_reached_fair_value_2.27bps
2026-07-01T13:43:51.808,28,forced-5,0209D0,0209D0,WAIT,HOLD,8648.27,8643.92880256719,8635.0,8640.0,5.788712011577424,-0.5471859497063352,4.545158407625397,-10.329565144658023,,,,,,,,,,,edge_below_threshold
2026-07-01T13:43:52.400,28,forced-6,0150K0,0150K0,WAIT,HOLD,11283.16,11276.390104,11280.0,11335.0,48.640282998010164,-0.6924215199238981,-51.97576126708283,3.2012869071631536,,,,,,,,,,,edge_below_threshold
2026-07-01T13:43:52.932,28,forced-7,457990,457990,WAIT,HOLD,39544.12,39525.12079713517,39480.0,39530.0,12.656625743576763,-0.16792842395044735,-1.2344561550802304,-11.415726562039781,,,,,,,,,,,edge_below_threshold
2026-07-01T13:44:03.468,29,1,252670,252670,WAIT,HOLD,71.45,71.40713,71.0,72.0,139.86013986013987,0.09376285016419725,-83.02672296169933,-57.015314857213156,,,,,,,,,,,edge_below_threshold
2026-07-01T13:44:04.438,29,2,0195R0,0195R0,WAIT,HOLD,20546.12,20550.792181546225,20555.0,20570.0,7.29483282674772,0.7437411431270666,-9.3465099953776,2.0475212909570524,,,,,,,,,,,edge_below_threshold
2026-07-01T13:44:04.967,29,3,459580,459580,WAIT,HOLD,1073483.25,1073479.6573822314,1073515.0,1073520.0,0.04657585926638364,-0.0032490269802841467,-0.37581166528055376,0.32923416410840384,,,,,,,,,,,edge_below_threshold
2026-07-01T13:44:05.498,29,4,0162Z0,0162Z0,WAIT,HOLD,15298.67,15292.869442461359,15285.0,15290.0,3.2706459525756335,-0.4683916472458445,1.8763270504301117,-5.145824654403156,,,,,,,,,,,edge_below_threshold
2026-07-01T13:44:06.051,29,forced-5,0209D0,0209D0,WAIT,HOLD,8649.18,8644.967647637332,8635.0,8640.0,5.788712011577424,-0.5222699334848867,5.746288291419107,-11.52999993013935,,,,,,,,,,,edge_below_threshold
2026-07-01T13:44:06.585,29,forced-6,0150K0,0150K0,WAIT,HOLD,11291.26,11284.485244,11280.0,11335.0,48.640282998010164,-0.347679892400807,-44.764785373669895,-3.974699689898865,,,,,,,,,,,edge_below_threshold
2026-07-01T13:44:07.117,29,forced-7,457990,457990,WAIT,HOLD,39541.44,39537.54069448096,39490.0,39545.0,13.917884481558804,0.5315389924085576,-1.8866387205724477,-12.024191096841424,,,,,,,,,,,edge_below_threshold
2026-07-01T13:44:17.651,30,1,252670,252670,WAIT,HOLD,71.56,71.517064,71.0,72.0,139.86013986013987,0.08973444034517125,-67.52738059828563,-72.29938857669056,,,,,,,,,,,edge_below_threshold
2026-07-01T13:44:18.566,30,2,0195R0,0195R0,WAIT,HOLD,20464.4,20457.62553261434,20540.0,20555.0,7.3001581700936855,-0.18671992011982028,-47.59812776434968,40.265898529785574,,,,,,,,,,,edge_below_threshold
2026-07-01T13:44:19.098,30,3,459580,459580,WAIT,HOLD,1073483.25,1073479.6449005895,1073515.0,1073520.0,0.04657585926638364,-0.0032684057051739477,-0.375927942390135,0.3293504406764157,,,,,,,,,,,edge_below_threshold
2026-07-01T13:44:19.632,30,4,0162Z0,0162Z0,WAIT,HOLD,15288.25,15279.33342831707,15280.0,15290.0,6.542361792607132,-0.644932524722723,-6.981045169916871,0.43625704357944917,,,,,,,,,,,edge_below_threshold
2026-07-01T13:44:20.197,30,forced-5,0209D0,0209D0,ENTER_BUY,BUY,8646.82,8642.362535406108,8630.0,8635.0,5.7920648711265565,-0.569568990454151,8.519123533576474,-14.304578586539082,,,BUY,5,8635,0760480,True,FILLED_BY_HOLDING,0,5,buy_signal_hit_ask
2026-07-01T13:44:21.983,30,forced-6,0150K0,0150K0,WAIT,HOLD,11288.45,11281.67693,11280.0,11335.0,48.640282998010164,-0.6924215199238981,-47.26519854349382,-1.4864190939029391,,,,,,,,,,,edge_below_threshold
2026-07-01T13:44:22.516,30,forced-7,457990,457990,WAIT,HOLD,39551.63,39534.803651006034,39500.0,39545.0,11.3859194129926,-0.13974977512470357,-2.5790817336478096,-8.803294260232938,,,,,,,,,,,edge_below_threshold
2026-07-01T13:44:33.141,31,1,252670,252670,WAIT,HOLD,71.59,71.547046,71.0,72.0,139.86013986013987,0.0898792281780595,-63.308553647344915,-76.45962070886821,,,,,,,,,,,edge_below_threshold
2026-07-01T13:44:34.027,31,2,0195R0,0195R0,WAIT,HOLD,20503.4,20503.119961257595,20530.0,20535.0,2.43516376476318,0.09899458623356536,-15.548871977847945,13.110218734123121,,,,,,,,,,,edge_below_threshold
2026-07-01T13:44:34.565,31,3,459580,459580,WAIT,HOLD,1073483.25,1073479.65422843,1073515.0,1073520.0,0.04657585926638364,-0.003253923503430129,-0.37584104562270676,0.3292635443137157,,,,,,,,,,,edge_below_threshold
2026-07-01T13:44:35.108,31,4,0162Z0,0162Z0,WAIT,HOLD,15292.75,15285.67395165919,15275.0,15285.0,6.544502617801047,-0.44395166212312326,0.440904118013418,-6.982977455194959,,,,,,,,,,,edge_below_threshold
2026-07-01T13:44:35.666,31,forced-5,0209D0,0209D0,HOLD_POSITION,HOLD,8653.73,8648.537762,8630.0,8645.0,17.36613603473227,-0.33485309017223913,4.090589759050565,-21.43456213078154,-5.790387955993051,14.218000000109896,,,,,,,,,edge_below_threshold
2026-07-01T13:44:36.206,31,forced-6,0150K0,0150K0,WAIT,HOLD,11291.87,11285.094878,11280.0,11335.0,48.640282998010164,0.17406237120483584,-44.22215545328632,-4.514696646398794,,,,,,,,,,,edge_below_threshold
2026-07-01T13:44:36.752,31,forced-7,457990,457990,WAIT,HOLD,39559.45,39535.714329999995,39490.0,39545.0,13.917884481558804,-0.8494890914112124,-2.348678949493198,-11.562793482981757,,,,,,,,,,,edge_below_threshold
2026-07-01T13:44:47.292,32,1,252670,252670,WAIT,HOLD,71.52,71.477088,71.0,72.0,139.86013986013987,0.08850751349405842,-73.15798875298405,-66.7469833130296,,,,,,,,,,,edge_below_threshold
2026-07-01T13:44:48.160,32,2,0195R0,0195R0,WAIT,HOLD,20517.64,20505.95384271889,20535.0,20545.0,4.868549172346641,-0.705849787783724,-19.041375778271913,14.164743324741483,,,,,,,,,,,edge_below_threshold
2026-07-01T13:44:48.850,32,3,459580,459580,WAIT,HOLD,1073483.25,1073479.8135028495,1073515.0,1073520.0,0.04657585926638364,-0.0030066375158447007,-0.3743572691816435,0.32777977478345255,,,,,,,,,,,edge_below_threshold
2026-07-01T13:44:49.384,32,4,0162Z0,0162Z0,WAIT,HOLD,15295.68,15292.36855755162,15280.0,15285.0,3.271716015049894,-0.19723965763195436,4.8184540700076965,-8.088058762820909,,,,,,,,,,,edge_below_threshold
2026-07-01T13:44:49.924,32,forced-5,0209D0,0209D0,HOLD_POSITION,HOLD,8656.07,8652.56029265346,8640.0,8650.0,11.56737998843262,-0.09740097982230342,2.95900007265268,-14.516272904938631,5.790387955993051,28.483999999938533,,,,,,,,,edge_below_threshold
2026-07-01T13:44:50.463,32,forced-6,0150K0,0150K0,WAIT,HOLD,11293.85,11287.07369,11280.0,11335.0,48.640282998010164,0.08253669045374983,-42.46123602653714,-6.267071691280205,,,,,,,,,,,edge_below_threshold
2026-07-01T13:44:50.996,32,forced-7,457990,457990,WAIT,HOLD,39550.63,39526.899622,39500.0,39545.0,11.3859194129926,-0.45727780163160153,-4.579255689947526,-6.805396390114369,,,,,,,,,,,edge_below_threshold
2026-07-01T13:45:01.527,33,1,252670,252670,WAIT,HOLD,71.59,71.547046,71.0,72.0,139.86013986013987,0.08872413953625852,-63.308553647344915,-76.45962070886821,,,,,,,,,,,edge_below_threshold
2026-07-01T13:45:02.447,33,2,0195R0,0195R0,WAIT,HOLD,20464.4,20452.12136,20515.0,20535.0,9.7442143727162,-0.5935067086301143,-40.52324868465331,30.744311992484185,,,,,,,,,,,edge_below_threshold
2026-07-01T13:45:03.004,33,3,459580,459580,WAIT,HOLD,1073483.25,1073479.8276511035,1073515.0,1073520.0,0.04657585926638364,-0.0029846712455127112,-0.37422546620562835,0.32764797242131966,,,,,,,,,,,edge_below_threshold
2026-07-01T13:45:03.548,33,4,0162Z0,0162Z0,WAIT,HOLD,15294.23,15286.695460846575,15275.0,15285.0,6.544502617801047,-0.4938404118478189,1.1091088004712342,-7.650744973974361,,,,,,,,,,,edge_below_threshold
2026-07-01T13:45:04.084,33,forced-5,0209D0,0209D0,HOLD_POSITION,HOLD,8659.25,8654.714214054342,8640.0,8650.0,11.56737998843262,-0.2946446267887581,5.4469898574889415,-17.001386401006297,5.790387955993051,42.625,,,,,,,,,edge_below_threshold
2026-07-01T13:45:04.617,33,forced-6,0150K0,0150K0,WAIT,HOLD,11299.07,11292.290557999999,11280.0,11335.0,48.640282998010164,0.08253669045374983,-37.8217703313911,-10.884025642867968,,,,,,,,,,,edge_below_threshold
2026-07-01T13:45:05.150,33,forced-7,457990,457990,WAIT,HOLD,39539.07,39528.77803654324,39465.0,39545.0,20.250601189722822,0.5786991062562066,-4.103836309273807,-16.134583387394343,,,,,,,,,,,edge_below_threshold
2026-07-01T13:45:15.684,34,1,252670,252670,WAIT,HOLD,71.57,71.527058,71.0,72.0,139.86013986013987,0.08627986312796694,-66.12071196888921,-73.6865201417898,,,,,,,,,,,edge_below_threshold
2026-07-01T13:45:16.561,34,2,0195R0,0195R0,WAIT,HOLD,20464.4,20452.12136,20520.0,20535.0,7.307270734380709,-0.6382294378924797,-40.52324868465331,33.18904616552647,,,,,,,,,,,edge_below_threshold
2026-07-01T13:45:17.097,34,3,459580,459580,WAIT,HOLD,1073483.25,1073479.616867218,1073515.0,1073520.0,0.04657585926638364,-0.0033119297059817504,-0.3761890970963947,0.32961159416632774,,,,,,,,,,,edge_below_threshold
2026-07-01T13:45:17.635,34,4,0162Z0,0162Z0,WAIT,HOLD,15288.25,15281.00871354871,15280.0,15285.0,3.271716015049894,-0.6258316114529643,-2.611926035845415,-0.6601092687132524,,,,,,,,,,,edge_below_threshold
2026-07-01T13:45:18.170,34,forced-5,0209D0,0209D0,HOLD_POSITION,HOLD,8657.17,8652.748154186096,8640.0,8650.0,11.56737998843262,-0.2729187797456503,3.1760478140885446,-14.733069724130061,5.790387955993051,56.718000000109896,,,,,,,,,edge_below_threshold
2026-07-01T13:45:18.703,34,forced-6,0150K0,0150K0,WAIT,HOLD,11296.21,11289.432273999999,11280.0,11335.0,48.640282998010164,0.08253669045374983,-40.36316875291008,-8.35495866494701,,,,,,,,,,,edge_below_threshold
2026-07-01T13:45:19.236,34,forced-7,457990,457990,WAIT,HOLD,39521.95,39512.101870114995,39470.0,39545.0,18.98373726507625,0.5338847385272145,-8.326089559383176,-10.65543671996829,,,,,,,,,,,edge_below_threshold
2026-07-01T13:45:29.764,35,1,252670,252670,WAIT,HOLD,71.64,71.597016,71.0,72.0,139.86013986013987,0.08815804826106718,-56.28502729778621,-83.38559808134971,,,,,,,,,,,edge_below_threshold
2026-07-01T13:45:30.670,35,2,0195R0,0195R0,WAIT,HOLD,20464.4,20465.019717825366,20515.0,20530.0,7.309051041539774,0.4159237626806025,-31.751878605831713,24.42229856788298,,,,,,,,,,,edge_below_threshold
2026-07-01T13:45:31.197,35,3,459580,459580,WAIT,HOLD,1073483.25,1073479.6196406744,1073515.0,1073520.0,0.04657585926638364,-0.0033076236979262333,-0.3761632599888059,0.3295857571790772,,,,,,,,,,,edge_below_threshold
2026-07-01T13:45:31.734,35,4,0162Z0,0162Z0,WAIT,HOLD,15294.23,15285.995364680133,15280.0,15285.0,3.271716015049894,-0.7337717124911275,0.6511611814518141,-3.922129071153662,,,,,,,,,,,edge_below_threshold
2026-07-01T13:45:32.267,35,forced-5,0209D0,0209D0,HOLD_POSITION,BUY,8660.28,8657.140655670286,8645.0,8650.0,5.782017924255566,-0.31506439053608865,8.248284224894636,-14.023863251354236,11.580775911986102,70.81199999991804,,,,,,,,,fair_value_above_executable_ask
2026-07-01T13:45:32.800,35,forced-6,0150K0,0150K0,WAIT,HOLD,11292.85,11286.07429,11280.0,11335.0,48.640282998010164,0.08253669045374983,-43.35051209378449,-5.382110593922445,,,,,,,,,,,edge_below_threshold
2026-07-01T13:45:33.333,35,forced-7,457990,457990,WAIT,HOLD,39532.56,39508.84046399999,39470.0,39545.0,18.98373726507625,-0.3998397435897436,-9.152264550247846,-9.830828630717347,,,,,,,,,,,edge_below_threshold
2026-07-01T13:45:43.859,36,1,252670,252670,WAIT,HOLD,71.59,71.547046,71.0,72.0,139.86013986013987,0.08707263826296444,-63.308553647344915,-76.45962070886821,,,,,,,,,,,edge_below_threshold
2026-07-01T13:45:44.786,36,2,0195R0,0195R0,WAIT,HOLD,20492.88,20487.01515319691,20510.0,20525.0,7.310832216400634,-0.11144086659741802,-18.540937525085546,11.219226730304728,,,,,,,,,,,edge_below_threshold
2026-07-01T13:45:45.321,36,3,459580,459580,WAIT,HOLD,1073483.25,1073479.8373286685,1073515.0,1073520.0,0.04657585926638364,-0.002969646069374109,-0.37413531148841145,0.3275578181240052,,,,,,,,,,,edge_below_threshold
2026-07-01T13:45:45.857,36,4,0162Z0,0162Z0,WAIT,HOLD,15286.77,15278.353319163414,15280.0,15285.0,3.271716015049894,-0.7540574551026248,-4.350390842348807,1.0777868545037466,,,,,,,,,,,edge_below_threshold
2026-07-01T13:45:46.394,36,forced-5,0209D0,0209D0,HOLD_POSITION,BUY,8659.49,8656.40876866873,8645.0,8650.0,5.782017924255566,-0.30393466963622867,7.403495883797522,-13.179563227217292,11.580775911986102,84.93699999991804,,,,,,,,,fair_value_above_executable_ask
2026-07-01T13:45:46.930,36,forced-6,0150K0,0150K0,WAIT,HOLD,11294.57,11287.793258,11280.0,11335.0,48.640282998010164,0.9112467715426157,-41.82105476333336,-6.904146649280965,,,,,,,,,,,edge_below_threshold
2026-07-01T13:45:47.466,36,forced-7,457990,457990,WAIT,HOLD,39538.4,39517.82742050621,39490.0,39545.0,13.917884481558804,-0.1713040563191418,-6.876030710050682,-7.041738456444522,,,,,,,,,,,edge_below_threshold
2026-07-01T13:45:58.030,37,1,252670,252670,WAIT,HOLD,71.53,71.487082,71.0,72.0,139.86013986013987,0.08586042884968048,-71.74974633878595,-68.1356668048083,,,,,,,,,,,edge_below_threshold
2026-07-01T13:45:58.930,37,2,0195R0,0195R0,WAIT,HOLD,20531.88,20520.583101495253,20530.0,20545.0,7.303712720632988,-0.5518353174603174,-11.898735227932223,4.589001422703749,,,,,,,,,,,edge_below_threshold
2026-07-01T13:45:59.463,37,3,459580,459580,WAIT,HOLD,1073483.25,1073479.6267796473,1073515.0,1073520.0,0.04657585926638364,-0.0032965398845990193,-0.37609675438187146,0.3295192518818976,,,,,,,,,,,edge_below_threshold
2026-07-01T13:45:59.996,37,4,0162Z0,0162Z0,WAIT,HOLD,15292.69,15284.134629485061,15285.0,15290.0,3.2706459525756335,-0.7688707562638695,-3.8375548613815567,0.5661887544942505,,,,,,,,,,,edge_below_threshold
2026-07-01T13:46:00.534,37,forced-5,0209D0,0209D0,HOLD_POSITION,BUY,8671.3,8666.09722,8650.0,8660.0,11.554015020219525,-0.6374474808776529,7.03571613058785,-18.574935857919733,17.371163867979156,99.07799999997951,,,,,,,,,fair_value_above_executable_ask
2026-07-01T13:46:01.071,37,forced-6,0150K0,0150K0,WAIT,HOLD,11305.23,11298.446861999999,11280.0,11335.0,48.640282998010164,0.9112467715426157,-32.35235643134287,-16.326900701760255,,,,,,,,,,,edge_below_threshold
2026-07-01T13:46:01.611,37,forced-7,457990,457990,WAIT,HOLD,39565.47,39547.876527861634,39495.0,39540.0,11.387360030366294,-0.1717442249748912,1.991643686882849,-13.370257142474408,,,,,,,,,,,edge_below_threshold
2026-07-01T13:46:12.188,38,1,252670,252670,WAIT,HOLD,71.5,71.4571,71.0,72.0,139.86013986013987,0.08588114778628483,-75.97565532326432,-63.96845100066991,,,,,,,,,,,edge_below_threshold
2026-07-01T13:46:13.077,38,2,0195R0,0195R0,WAIT,HOLD,20531.88,20524.162592859728,20535.0,20550.0,7.301935012778387,-0.2613605067474525,-12.588775314643526,5.2803163545598455,,,,,,,,,,,edge_below_threshold
2026-07-01T13:46:13.615,38,3,459580,459580,WAIT,HOLD,1073483.25,1073479.6427052228,1073515.0,1073520.0,0.04657585926638364,-0.0032718141833660906,-0.37594839409784236,0.32937089228886773,,,,,,,,,,,edge_below_threshold
2026-07-01T13:46:14.144,38,4,0162Z0,0162Z0,WAIT,HOLD,15298.67,15291.06116409335,15280.0,15290.0,6.542361792607132,-0.5018031942297785,0.6939767501821259,-7.233745241516212,,,,,,,,,,,edge_below_threshold
2026-07-01T13:46:14.691,38,forced-5,0209D0,0209D0,HOLD_POSITION,HOLD,8659.07,8655.104187514125,8645.0,8650.0,5.782017924255566,-0.4742244350823439,5.8973149294826,-11.674252897731455,11.580775911986102,113.23399999993853,,,,,,,,,edge_below_threshold
2026-07-01T13:46:15.225,38,forced-6,0150K0,0150K0,WAIT,HOLD,11296.7,11289.921980000001,11280.0,11335.0,48.640282998010164,0.9112467715426157,-39.927662989925295,-8.788351254842759,,,,,,,,,,,edge_below_threshold
2026-07-01T13:46:15.755,38,forced-7,457990,457990,WAIT,HOLD,39539.12,39538.8519096279,39490.0,39540.0,12.653422750854107,0.6213704994192799,-0.29037018442677515,-12.35541935804215,,,,,,,,,,,edge_below_threshold
2026-07-01T13:46:26.282,39,1,252670,252670,ENTER_BUY,BUY,71.34,71.297196,70.0,71.0,141.84397163120568,0.3428142248453831,41.68410774527508,-181.94207805872193,,,BUY,5,71,,False,ORDER_REJECTED,0,,[kt10000] 20: [2000](501179:레버리지ETP 교육이수등록이 되지 않았습니다)
2026-07-01T13:46:27.743,39,2,0195R0,0195R0,WAIT,HOLD,20531.88,20521.431612277316,20555.0,20575.0,9.725261366399222,-0.3618803816616244,-26.103630942899514,16.357722188641528,,,,,,,,,,,edge_below_threshold
2026-07-01T13:46:28.277,39,3,459580,459580,WAIT,HOLD,1073483.25,1073479.8522270222,1073515.0,1073520.0,0.04657585926638364,-0.0029465152103693706,-0.3739965207035536,0.3274190279855758,,,,,,,,,,,edge_below_threshold
2026-07-01T13:46:28.811,39,4,0162Z0,0162Z0,WAIT,HOLD,15301.63,15297.51779797506,15285.0,15295.0,6.540222367560498,-0.12089345398222874,1.645886612659398,-8.182894859398424,,,,,,,,,,,edge_below_threshold
2026-07-01T13:46:29.350,39,forced-5,0209D0,0209D0,HOLD_POSITION,HOLD,8657.96,8653.174786092519,8645.0,8650.0,5.782017924255566,-0.6320579578899705,3.6689263432207513,-9.447152397357618,11.580775911986102,127.90599999995902,,,,,,,,,edge_below_threshold
2026-07-01T13:46:29.890,39,forced-6,0150K0,0150K0,WAIT,HOLD,11290.44,11283.665736,11280.0,11335.0,48.640282998010164,0.7768595041322314,-45.494314703261395,-3.2487102026653245,,,,,,,,,,,edge_below_threshold
2026-07-01T13:46:30.422,39,forced-7,457990,457990,WAIT,HOLD,39546.92,39523.191847999995,39500.0,39545.0,11.3859194129926,-0.8936470588235295,-5.517811436858592,-5.867908667191442,,,,,,,,,,,edge_below_threshold
2026-07-01T13:46:40.959,40,1,252670,252670,WAIT,HOLD,71.57,71.527058,71.0,72.0,139.86013986013987,0.09082701876287748,-66.12071196888921,-73.6865201417898,,,,,,,,,,,edge_below_threshold
2026-07-01T13:46:41.911,40,2,0195R0,0195R0,WAIT,HOLD,20531.88,20520.344797503483,20525.0,20535.0,4.870920603994155,-0.6928191489361702,-7.141791544506447,2.2685790821034724,,,,,,,,,,,edge_below_threshold
2026-07-01T13:46:42.438,40,3,459580,459580,WAIT,HOLD,1073483.25,1073479.8522088665,1073515.0,1073520.0,0.04657585926638364,-0.002946543398248057,-0.37399668983897716,0.32741919712021156,,,,,,,,,,,edge_below_threshold
2026-07-01T13:46:42.973,40,4,0162Z0,0162Z0,WAIT,HOLD,15294.23,15290.178306899254,15280.0,15285.0,3.271716015049894,-0.27794161413381674,3.3866883664247545,-6.656761415699721,,,,,,,,,,,edge_below_threshold
2026-07-01T13:46:43.508,40,forced-5,0209D0,0209D0,HOLD_POSITION,HOLD,8656.19,8650.996286,8645.0,8650.0,5.782017924255566,-0.8809281555593239,1.1516430790889371,-6.9313242102570936,11.580775911986102,142.06199999991804,,,,,,,,,edge_below_threshold
2026-07-01T13:46:44.042,40,forced-6,0150K0,0150K0,WAIT,HOLD,11288.95,11282.17663,11280.0,11335.0,48.640282998010164,0.9162234042553191,-46.8201941277355,-1.9292642469469405,,,,,,,,,,,edge_below_threshold
2026-07-01T13:46:44.575,40,forced-7,457990,457990,WAIT,HOLD,39542.09,39518.36474599999,39470.0,39540.0,17.71927604100747,-0.6003351487222455,-5.474734124012023,-12.238549421478135,,,,,,,,,,,edge_below_threshold
2026-07-01T13:46:55.115,41,1,252670,252670,WAIT,HOLD,71.49,71.44710599999999,71.0,72.0,139.86013986013987,0.08642846034427043,-77.38507980995188,-62.57860185407523,,,,,,,,,,,edge_below_threshold
2026-07-01T13:46:56.029,41,2,0195R0,0195R0,WAIT,HOLD,20531.88,20520.72630059516,20540.0,20545.0,2.4339783375927952,-0.7836979103018453,-11.828869528918734,9.392308596933113,,,,,,,,,,,edge_below_threshold
2026-07-01T13:46:56.563,41,3,459580,459580,WAIT,HOLD,1073483.25,1073479.6475501694,1073515.0,1073520.0,0.04657585926638364,-0.0032642920251655864,-0.3759032592998984,0.3293257577011424,,,,,,,,,,,edge_below_threshold
2026-07-01T13:46:57.104,41,4,0162Z0,0162Z0,WAIT,HOLD,15297.19,15291.746288995286,15275.0,15285.0,6.544502617801047,-0.2658806404657933,4.411719150834177,-10.951194637160095,,,,,,,,,,,edge_below_threshold
2026-07-01T13:46:57.639,41,forced-5,0209D0,0209D0,HOLD_POSITION,BUY,8658.64,8655.343960727158,8645.0,8650.0,5.782017924255566,-0.34534040034992025,6.17417488132797,-11.950952814922578,11.580775911986102,156.18699999991804,,,,,,,,,fair_value_above_executable_ask
2026-07-01T13:46:58.171,41,forced-6,0150K0,0150K0,WAIT,HOLD,11289.49,11282.716305999998,11280.0,11335.0,48.640282998010164,0.9162234042553191,-46.339633632548036,-2.407492953229662,,,,,,,,,,,edge_below_threshold
2026-07-01T13:46:58.701,41,forced-7,457990,457990,WAIT,HOLD,39534.81,39515.90308426086,39475.0,39535.0,15.187950892292116,-0.03766019341143172,-4.83271651375813,-10.351043774361901,,,,,,,,,,,edge_below_threshold
2026-07-01T13:47:09.228,42,1,252670,252670,WAIT,HOLD,71.52,71.477088,71.0,72.0,139.86013986013987,0.08646340971531626,-73.15798875298405,-66.7469833130296,,,,,,,,,,,edge_below_threshold
2026-07-01T13:47:10.100,42,2,0195R0,0195R0,WAIT,HOLD,20503.4,20507.50494826316,20530.0,20540.0,4.869734599464329,0.5771670190274841,-15.845443811336818,10.969180206754862,,,,,,,,,,,edge_below_threshold
2026-07-01T13:47:10.640,42,3,459580,459580,WAIT,HOLD,1073483.25,1073479.8515163932,1073515.0,1073520.0,0.04657585926638364,-0.0029476185172810634,-0.3740031408138708,0.3274256480650593,,,,,,,,,,,edge_below_threshold
2026-07-01T13:47:11.169,42,4,0162Z0,0162Z0,WAIT,HOLD,15289.73,15283.926782576114,15280.0,15285.0,3.271716015049894,-0.4689975764431775,-0.7021869701110208,-2.569223624252771,,,,,,,,,,,edge_below_threshold
2026-07-01T13:47:11.708,42,forced-5,0209D0,0209D0,HOLD_POSITION,HOLD,8659.99,8654.794006,8645.0,8650.0,5.782017924255566,-0.71298671776053,5.539133567681219,-11.31627857717967,11.580775911986102,170.25,,,,,,,,,edge_below_threshold
2026-07-01T13:47:12.239,42,forced-6,0150K0,0150K0,WAIT,HOLD,11286.28,11279.508232,11280.0,11335.0,48.640282998010164,0.9162234042553191,-49.19697460086916,0.4359835463435525,,,,,,,,,,,edge_below_threshold
2026-07-01T13:47:12.799,42,forced-7,457990,457990,WAIT,HOLD,39515.68,39491.970592,39465.0,39535.0,17.72151898734177,-0.6155295891443648,-10.89573585591567,-6.82938622603486,,,,,,,,,,,edge_below_threshold
2026-07-01T13:47:23.332,43,1,252670,252670,BUY_SKIPPED_ORDER_DISABLED,BUY,71.39,71.347166,70.0,71.0,141.84397163120568,0.33472806915701786,48.65869514705061,-188.81843183512032,,,,,,,,dry_run,,,[kt10000] 20: [2000](501179:레버리지ETP 교육이수등록이 되지 않았습니다)
2026-07-01T13:47:24.273,43,2,0195R0,0195R0,WAIT,HOLD,20546.12,20544.83490093362,20575.0,20585.0,4.859086491739553,0.13870925168272402,-19.549974122476392,14.682570685934017,,,,,,,,,,,edge_below_threshold
2026-07-01T13:47:24.814,43,3,459580,459580,WAIT,HOLD,1073483.25,1073479.7862889606,1073515.0,1073520.0,0.04657585926638364,-0.0030488892058624256,-0.37461078963038086,0.3280332940513994,,,,,,,,,,,edge_below_threshold
2026-07-01T13:47:25.344,43,4,0162Z0,0162Z0,WAIT,HOLD,15304.62,15298.642186804085,15285.0,15295.0,6.540222367560498,-0.32397021883858634,2.380725530810047,-8.91725333366666,,,,,,,,,,,edge_below_threshold
2026-07-01T13:47:25.892,43,forced-5,0209D0,0209D0,HOLD_POSITION,HOLD,8657.5,8652.863133221226,8645.0,8650.0,5.782017924255566,-0.6035484018473638,3.3088853679352814,-9.087319538242832,11.580775911986102,184.4680000001099,,,,,,,,,edge_below_threshold
2026-07-01T13:47:26.449,43,forced-6,0150K0,0150K0,WAIT,HOLD,11284.22,11277.449467999999,11280.0,11335.0,48.640282998010164,-0.3328900709219858,-51.03151396359785,2.261621306518199,,,,,,,,,,,edge_below_threshold
2026-07-01T13:47:27.003,43,forced-7,457990,457990,WAIT,HOLD,39507.19,39483.485686,39465.0,39535.0,17.72151898734177,-0.7987906857069342,-13.047053243899864,-4.681877924105018,,,,,,,,,,,edge_below_threshold
2026-07-01T13:47:37.590,44,1,252670,252670,WAIT,HOLD,71.52,71.477088,71.0,72.0,139.86013986013987,0.08746992136566363,-73.15798875298405,-66.7469833130296,,,,,,,,,,,edge_below_threshold
2026-07-01T13:47:38.523,44,2,0195R0,0195R0,WAIT,HOLD,20531.88,20525.003976028096,20525.0,20550.0,12.172854534388314,0.05048439181916039,-12.178328443247903,-0.0019371631307453499,,,,,,,,,,,edge_below_threshold
2026-07-01T13:47:39.103,44,3,459580,459580,WAIT,HOLD,1073483.25,1073479.6555460114,1073515.0,1073520.0,0.04657585926638364,-0.003251877855425196,-0.37582877123159003,0.32925126997976784,,,,,,,,,,,edge_below_threshold
2026-07-01T13:47:39.730,44,4,0162Z0,0162Z0,WAIT,HOLD,15298.67,15290.938678870863,15280.0,15290.0,6.542361792607132,-0.5151469710074684,0.6138791676409735,-7.153700044575152,,,,,,,,,,,edge_below_threshold
2026-07-01T13:47:40.268,44,forced-5,0209D0,0209D0,HOLD_POSITION,HOLD,8652.66,8647.468404,8645.0,8650.0,5.782017924255566,-0.8321063788783966,-2.9275573864250206,-2.854481664087364,11.580775911986102,198.81199999991804,,,,,,,,,edge_below_threshold
2026-07-01T13:47:40.801,44,forced-6,0150K0,0150K0,WAIT,HOLD,11283.37,11276.599978,11280.0,11335.0,48.640282998010164,-0.3284248103525212,-51.78867931285574,3.015112717160364,,,,,,,,,,,edge_below_threshold
2026-07-01T13:47:41.332,44,forced-7,457990,457990,WAIT,HOLD,39459.3,39435.62442,39465.0,39505.0,10.130429276940612,-0.7525562372188139,-17.59210891683401,7.44899578288455,,,,,,,,,,,edge_below_threshold
2026-07-01T13:47:51.866,45,1,252670,252670,WAIT,HOLD,71.48,71.437112,71.0,72.0,139.86013986013987,0.08616831216506723,-78.79489865155817,-61.18836382971348,,,,,,,,,,,edge_below_threshold
2026-07-01T13:47:52.781,45,2,0195R0,0195R0,WAIT,HOLD,20503.4,20496.986138593424,20530.0,20550.0,9.737098344693282,-0.03451075923670321,-25.864222695041704,16.106690604827552,,,,,,,,,,,edge_below_threshold
2026-07-01T13:47:53.311,45,3,459580,459580,WAIT,HOLD,1073483.25,1073479.6054621022,1073515.0,1073520.0,0.04657585926638364,-0.003329637039833756,-0.37629534545644067,0.329717842031514,,,,,,,,,,,edge_below_threshold
2026-07-01T13:47:53.843,45,4,0162Z0,0162Z0,WAIT,HOLD,15300.15,15292.406060800264,15280.0,15290.0,6.542361792607132,-0.5164400018193834,1.5733696781903395,-8.112563026994662,,,,,,,,,,,edge_below_threshold
2026-07-01T13:47:54.384,45,forced-5,0209D0,0209D0,HOLD_POSITION,BUY,8662.69,8659.273041034183,8645.0,8650.0,5.782017924255566,-0.3683082468702811,10.708798521816028,-16.48295528567625,11.580775911986102,212.93699999991804,,,,,,,,,fair_value_above_executable_ask
2026-07-01T13:47:54.917,45,forced-6,0150K0,0150K0,WAIT,HOLD,11284.45,11277.67933,11280.0,11335.0,48.640282998010164,-0.3328900709219858,-50.82665353635228,2.057754908694637,,,,,,,,,,,edge_below_threshold
2026-07-01T13:47:57.706,45,forced-7,457990,457990,WAIT,HOLD,39489.48,39465.786312000004,39465.0,39520.0,13.926694942077608,-0.8690622022594257,-13.73688277015576,-0.19923890373995443,,,,,,,,,,,edge_below_threshold
2026-07-01T13:48:08.236,46,1,252670,252670,BUY_SKIPPED_ORDER_DISABLED,BUY,71.32,71.27720799999999,70.0,71.0,141.84397163120568,0.30470274152481847,38.89153458423729,-179.18883691403678,,,,,,,,dry_run,,,[kt10000] 20: [2000](501179:레버리지ETP 교육이수등록이 되지 않았습니다)
2026-07-01T13:48:09.137,46,2,0195R0,0195R0,WAIT,HOLD,20531.88,20529.440378615374,20565.0,20585.0,9.720534629404618,0.2879914984059511,-27.0633881683885,17.321281403104663,,,,,,,,,,,edge_below_threshold
2026-07-01T13:48:09.666,46,3,459580,459580,WAIT,HOLD,1073483.25,1073479.5871524636,1073515.0,1073520.0,0.04657585926638364,-0.003358064185256924,-0.37646591532851814,0.3298884111091495,,,,,,,,,,,edge_below_threshold
2026-07-01T13:48:10.193,46,4,0162Z0,0162Z0,WAIT,HOLD,15301.63,15292.762871309633,15295.0,15300.0,3.268507926131721,-0.8023898676409008,-4.732387961069197,1.4628675728466258,,,,,,,,,,,edge_below_threshold
2026-07-01T13:48:10.740,46,forced-5,0209D0,0209D0,HOLD_POSITION,BUY,8659.27,8656.053375579711,8645.0,8650.0,5.782017924255566,-0.330009109651436,6.993228111080152,-12.769532603501494,11.580775911986102,229.2970000000205,,,,,,,,,fair_value_above_executable_ask
2026-07-01T13:48:11.279,46,forced-6,0150K0,0150K0,WAIT,HOLD,11285.88,11279.108471999998,11280.0,11335.0,48.640282998010164,-0.3328900709219858,-49.55314344103591,0.7904241742289423,,,,,,,,,,,edge_below_threshold
2026-07-01T13:48:11.824,46,forced-7,457990,457990,WAIT,HOLD,39500.32,39481.182040667736,39470.0,39525.0,13.924931957718842,-0.11125569290826284,-11.09844160368071,-2.8322456648380094,,,,,,,,,,,edge_below_threshold
2026-07-01T13:48:22.358,47,1,252670,252670,BUY_SKIPPED_ORDER_DISABLED,BUY,71.17,71.127298,70.0,71.0,141.84397163120568,0.2798692897403302,17.897207342249406,-158.49020442193603,,,,,,,,dry_run,,,[kt10000] 20: [2000](501179:레버리지ETP 교육이수등록이 되지 않았습니다)
2026-07-01T13:48:23.283,47,2,0195R0,0195R0,WAIT,HOLD,20531.88,20522.480410468394,20595.0,20615.0,9.70638194612958,-0.27768860353130015,-45.082069847859515,35.33665915676288,,,,,,,,,,,edge_below_threshold
2026-07-01T13:48:23.825,47,3,459580,459580,WAIT,HOLD,1073483.25,1073479.5715935149,1073515.0,1073520.0,0.04657585926638364,-0.003382220669456689,-0.376610860187214,0.3300333552927538,,,,,,,,,,,edge_below_threshold
2026-07-01T13:48:24.357,47,4,0162Z0,0162Z0,WAIT,HOLD,15306.07,15299.82853174189,15295.0,15300.0,3.268507926131721,-0.5162034762158114,-0.1120720129339102,-3.155938468116068,,,,,,,,,,,edge_below_threshold
2026-07-01T13:48:24.898,47,forced-5,0209D0,0209D0,HOLD_POSITION,HOLD,8666.77,8661.569938,8650.0,8660.0,11.554015020219525,-0.4465508162190627,1.8125328447824716,-13.357783961589881,17.371163867979156,243.43699999991804,,,,,,,,,edge_below_threshold
2026-07-01T13:48:25.432,47,forced-6,0150K0,0150K0,WAIT,HOLD,11287.96,11281.187224,11280.0,11335.0,48.640282998010164,0.9168325591683256,-47.7013411190601,-1.0523927813852694,,,,,,,,,,,edge_below_threshold
2026-07-01T13:48:25.969,47,forced-7,457990,457990,WAIT,HOLD,39508.56,39484.85486399999,39475.0,39535.0,15.187950892292116,-0.7619684407595614,-12.699840526886652,-2.495859243737182,,,,,,,,,,,edge_below_threshold
2026-07-01T13:48:36.518,48,1,252670,252670,BUY_SKIPPED_ORDER_DISABLED,BUY,71.19,71.147286,70.0,71.0,141.84397163120568,0.2744625765352836,20.70156267099128,-161.25506178830125,,,,,,,,dry_run,,,[kt10000] 20: [2000](501179:레버리지ETP 교육이수등록이 되지 않았습니다)
2026-07-01T13:48:37.637,48,2,0195R0,0195R0,WAIT,HOLD,20599.36,20592.202960969546,20590.0,20610.0,9.70873786407767,-0.09362956245749263,-8.642610537681167,-1.0698034463437547,,,,,,,,,,,edge_below_threshold
2026-07-01T13:48:38.179,48,3,459580,459580,WAIT,HOLD,1073483.25,1073479.5743723998,1073515.0,1073520.0,0.04657585926638364,-0.003377906233366934,-0.37658497250684336,0.33000746773295697,,,,,,,,,,,edge_below_threshold
2026-07-01T13:48:38.711,48,4,0162Z0,0162Z0,WAIT,HOLD,15313.52,15308.877780167932,15295.0,15300.0,3.268507926131721,-0.34181657637163637,5.799105783855992,-9.065184507456038,,,,,,,,,,,edge_below_threshold
2026-07-01T13:48:39.240,48,forced-5,0209D0,0209D0,HOLD_POSITION,BUY,8666.45,8664.383249382721,8650.0,8655.0,5.778676683039584,-0.10852814418179443,10.829679519762418,-16.600430715880407,17.371163867979156,257.7970000000205,,,,,,,,,fair_value_above_executable_ask
2026-07-01T13:48:39.784,48,forced-6,0150K0,0150K0,WAIT,HOLD,11284.78,11278.009132000001,11280.0,11335.0,48.640282998010164,0.9172566371681415,-50.53273794423005,1.765265461924574,,,,,,,,,,,edge_below_threshold
2026-07-01T13:48:40.316,48,forced-7,457990,457990,WAIT,HOLD,39557.18,39553.10158235792,39480.0,39535.0,13.921407327722585,0.5242339832869081,4.576526652462525,-18.481883704039976,,,,,,,,,,,edge_below_threshold
2026-07-01T13:48:50.848,49,1,252670,252670,WAIT,HOLD,71.0,70.95739999999999,70.0,71.0,141.84397163120568,0.2703382022166468,-6.003602161297807,-134.9260260381571,,,,,,,,,,,edge_below_threshold
2026-07-01T13:48:51.760,49,2,0195R0,0195R0,WAIT,HOLD,20599.36,20591.828366253674,20635.0,20645.0,4.844961240310077,-0.36712635109951547,-25.821715682840786,20.965420349499617,,,,,,,,,,,edge_below_threshold
2026-07-01T13:48:52.287,49,3,459580,459580,WAIT,HOLD,1073483.25,1073479.6220943942,1073515.0,1073520.0,0.04657585926638364,-0.0033038141061859532,-0.3761404015015013,0.32956289879823764,,,,,,,,,,,edge_below_threshold
2026-07-01T13:48:52.821,49,4,0162Z0,0162Z0,WAIT,HOLD,15319.44,15311.624247738142,15305.0,15310.0,3.2663726931242856,-0.6869901083372586,1.0607938856532086,-4.326286768120337,,,,,,,,,,,edge_below_threshold
2026-07-01T13:48:53.354,49,forced-5,0209D0,0209D0,HOLD_POSITION,HOLD,8665.9,8660.70046,8650.0,8660.0,11.554015020219525,-0.5867529556383094,0.8087798478138579,-12.355190032747098,17.371163867979156,271.905999999959,,,,,,,,,edge_below_threshold
2026-07-01T13:48:53.903,49,forced-6,0150K0,0150K0,WAIT,HOLD,11291.29,11284.515226,11280.0,11335.0,48.640282998010164,0.9172566371681415,-44.73809728545665,-4.001258281433533,,,,,,,,,,,edge_below_threshold
2026-07-01T13:48:54.433,49,forced-7,457990,457990,WAIT,HOLD,39516.47,39492.760118,39480.0,39535.0,13.921407327722585,-0.826955074875208,-10.69560138967081,-3.231001824605955,,,,,,,,,,,edge_below_threshold
2026-07-01T13:49:04.970,50,1,252670,252670,BUY_SKIPPED_ORDER_DISABLED,BUY,71.09,71.047346,70.0,71.0,141.84397163120568,0.26995092448277797,6.664006844112733,-147.4152180153224,,,,,,,,dry_run,,,[kt10000] 20: [2000](501179:레버리지ETP 교육이수등록이 되지 않았습니다)
2026-07-01T13:49:05.892,50,2,0195R0,0195R0,WAIT,HOLD,20585.12,20579.801614105596,20635.0,20650.0,7.2665617052198135,-0.06727307182111048,-34.110331678945535,26.821631680147267,,,,,,,,,,,edge_below_threshold
2026-07-01T13:49:06.440,50,3,459580,459580,WAIT,HOLD,1073483.25,1073479.6774607978,1073515.0,1073520.0,0.04657585926638364,-0.003217853435995349,-0.3756246163648773,0.32904711606392184,,,,,,,,,,,edge_below_threshold
2026-07-01T13:49:06.999,50,4,0162Z0,0162Z0,WAIT,HOLD,15316.46,15311.281475193455,15300.0,15305.0,3.2674399607907203,-0.40013123166074405,4.1025143477583335,-7.368080334577099,,,,,,,,,,,edge_below_threshold
2026-07-01T13:49:07.544,50,forced-5,0209D0,0209D0,HOLD_POSITION,HOLD,8669.52,8664.318288,8650.0,8660.0,11.554015020219525,-0.7595804929208181,4.983990495802979,-16.525579421327457,17.371163867979156,286.0779999999795,,,,,,,,,edge_below_threshold
2026-07-01T13:49:08.081,50,forced-6,0150K0,0150K0,WAIT,HOLD,11294.18,11287.403492,11280.0,11335.0,48.640282998010164,0.9123505976095617,-42.167809482255855,-6.5590744631807665,,,,,,,,,,,edge_below_threshold
2026-07-01T13:49:08.608,50,forced-7,457990,457990,WAIT,HOLD,39541.37,39517.645178,39490.0,39535.0,11.388801012337868,-0.7759805903760615,-4.3916640077690685,-6.99565418826861,,,,,,,,,,,edge_below_threshold
2026-07-01T13:49:19.140,51,1,252670,252670,BUY_SKIPPED_ORDER_DISABLED,BUY,71.25,71.20725,70.0,71.0,141.84397163120568,0.27118116389450425,29.1051824076905,-169.54032068363853,,,,,,,,dry_run,,,[kt10000] 20: [2000](501179:레버리지ETP 교육이수등록이 되지 않았습니다)
2026-07-01T13:49:20.042,51,2,0195R0,0195R0,WAIT,HOLD,20599.36,20598.923590906743,20595.0,20615.0,9.70638194612958,0.4500098212531919,-7.804489891090193,-1.9047553089011626,,,,,,,,,,,edge_below_threshold
2026-07-01T13:49:20.575,51,3,459580,459580,WAIT,HOLD,1073483.25,1073479.707896469,1073515.0,1073520.0,0.04657585926638364,-0.003170599677586299,-0.3753410822271255,0.3287635832467514,,,,,,,,,,,edge_below_threshold
2026-07-01T13:49:21.109,51,4,0162Z0,0162Z0,WAIT,HOLD,15310.56,15302.671488941598,15295.0,15305.0,6.5359477124183005,-0.5319248577632947,-1.521636963901818,-5.0131697247384315,,,,,,,,,,,edge_below_threshold
2026-07-01T13:49:21.648,51,forced-5,0209D0,0209D0,HOLD_POSITION,HOLD,8666.29,8663.651590667774,8650.0,8660.0,11.554015020219525,0.07029228821489514,4.214840162440891,-15.757317252322599,17.371163867979156,300.18699999991804,,,,,,,,,edge_below_threshold
2026-07-01T13:49:22.191,51,forced-6,0150K0,0150K0,WAIT,HOLD,11298.95,11292.17063,11280.0,11335.0,48.640282998010164,0.9638332849821101,-37.92837657466345,-10.777936677352995,,,,,,,,,,,edge_below_threshold
2026-07-01T13:49:22.736,51,forced-7,457990,457990,WAIT,HOLD,39559.9,39536.16406,39490.0,39565.0,18.974131933464044,-0.11039946064385639,-7.293560385938263,-11.676413505858664,,,,,,,,,,,edge_below_threshold
2026-07-01T13:49:33.274,52,1,252670,252670,BUY_SKIPPED_ORDER_DISABLED,BUY,71.24,71.197256,70.0,71.0,141.84397163120568,0.26667256889061897,27.705562135708696,-168.16041337323392,,,,,,,,dry_run,,,[kt10000] 20: [2000](501179:레버리지ETP 교육이수등록이 되지 않았습니다)
2026-07-01T13:49:34.174,52,2,0195R0,0195R0,WAIT,HOLD,20585.12,20572.768927999998,20610.0,20620.0,4.8508367693427115,-0.8379637064396981,-22.95805302888508,18.097258628774075,,,,,,,,,,,edge_below_threshold
2026-07-01T13:49:34.714,52,3,459580,459580,WAIT,HOLD,1073483.25,1073479.7651907897,1073515.0,1073520.0,0.04657585926638364,-0.003081645765414178,-0.37480733698916247,0.32822984049474696,,,,,,,,,,,edge_below_threshold
2026-07-01T13:49:35.302,52,4,0162Z0,0162Z0,WAIT,HOLD,15312.02,15303.631887615617,15300.0,15305.0,3.2674399607907203,-0.749648446507036,-0.893978889737038,-2.373219404575192,,,,,,,,,,,edge_below_threshold
2026-07-01T13:49:35.842,52,forced-5,0209D0,0209D0,HOLD_POSITION,BUY,8664.66,8663.744338763381,8650.0,8655.0,5.778676683039584,0.11280435405327986,10.093024934100592,-15.864201696125953,17.371163867979156,314.375,,,,,,,,,fair_value_above_executable_ask
2026-07-01T13:49:36.378,52,forced-6,0150K0,0150K0,WAIT,HOLD,11294.8,11288.023119999998,11280.0,11335.0,48.640282998010164,0.9123505976095617,-41.61656961595769,-7.1076395881779675,,,,,,,,,,,edge_below_threshold
2026-07-01T13:49:36.928,52,forced-7,457990,457990,WAIT,HOLD,39561.16,39537.423304,39505.0,39565.0,15.176425951688376,-0.9190212642004079,-6.974833890403401,-8.200661876901645,,,,,,,,,,,edge_below_threshold
2026-07-01T13:49:47.459,53,1,252670,252670,BUY_SKIPPED_ORDER_DISABLED,BUY,71.23,71.187262,70.0,71.0,141.84397163120568,0.19514280734615677,26.305548877551157,-166.78011861167016,,,,,,,,dry_run,,,[kt10000] 20: [2000](501179:레버리지ETP 교육이수등록이 되지 않았습니다)
2026-07-01T13:49:49.169,53,2,0195R0,0195R0,WAIT,HOLD,20546.12,20546.857084631596,20595.0,20610.0,7.280669821623589,0.4238245555740156,-30.731179522162947,23.430792928624253,,,,,,,,,,,edge_below_threshold
2026-07-01T13:49:49.692,53,3,459580,459580,WAIT,HOLD,1073483.25,1073479.7478465766,1073515.0,1073520.0,0.04657585926638364,-0.003108574012321257,-0.37496891305242275,0.3283914158054546,,,,,,,,,,,edge_below_threshold
2026-07-01T13:49:50.227,53,4,0162Z0,0162Z0,WAIT,HOLD,15310.54,15301.692846379503,15300.0,15305.0,3.2674399607907203,-0.7997067721516957,-2.1612991802273336,-1.1063131357413787,,,,,,,,,,,edge_below_threshold
2026-07-01T13:49:50.757,53,forced-5,0209D0,0209D0,HOLD_POSITION,BUY,8667.2,8666.360225156184,8650.0,8655.0,5.778676683039584,0.12744860943168076,13.108415598982917,-18.877850367556583,17.371163867979156,329.2650000001304,,,,,,,,,fair_value_above_executable_ask
2026-07-01T13:49:51.284,53,forced-6,0150K0,0150K0,WAIT,HOLD,11299.48,11292.700311999999,11280.0,11335.0,48.640282998010164,0.9638332849821101,-37.45754941805364,-11.246479273432286,,,,,,,,,,,edge_below_threshold
2026-07-01T13:49:51.819,53,forced-7,457990,457990,WAIT,HOLD,39583.73,39580.17657538285,39510.0,39565.0,13.910844135314575,0.5459258274624484,3.8343879931779963,-17.730233024401937,,,,,,,,,,,edge_below_threshold
2026-07-01T13:50:02.386,54,1,252670,252670,BUY_SKIPPED_ORDER_DISABLED,BUY,71.22,71.177268,70.0,71.0,141.84397163120568,0.19569838936134512,24.905142467676338,-165.39943623573723,,,,,,,,dry_run,,,[kt10000] 20: [2000](501179:레버리지ETP 교육이수등록이 되지 않았습니다)
2026-07-01T13:50:03.272,54,2,0195R0,0195R0,WAIT,HOLD,20599.36,20598.572537171127,20605.0,20610.0,2.426301103967002,0.057602490918526206,-5.547696476662007,3.1203438089092987,,,,,,,,,,,edge_below_threshold
2026-07-01T13:50:03.808,54,3,459580,459580,WAIT,HOLD,1073483.25,1073479.7227820156,1073515.0,1073520.0,0.04657585926638364,-0.003147488702657516,-0.3752024107176469,0.32862491238314584,,,,,,,,,,,edge_below_threshold
2026-07-01T13:50:04.341,54,4,0162Z0,0162Z0,WAIT,HOLD,15309.03,15301.086800346371,15300.0,15305.0,3.2674399607907203,-0.7013899162935565,-2.557465168775021,-0.7102765709076888,,,,,,,,,,,edge_below_threshold
2026-07-01T13:50:04.882,54,forced-5,0209D0,0209D0,HOLD_POSITION,BUY,8665.68,8664.69617985503,8650.0,8655.0,5.778676683039584,0.09971611071682045,11.19044413533195,-16.960986917460584,17.371163867979156,343.3900000001304,,,,,,,,,fair_value_above_executable_ask
2026-07-01T13:50:05.410,54,forced-6,0150K0,0150K0,WAIT,HOLD,11292.75,11285.974349999999,11280.0,11335.0,48.640282998010164,0.9638332849821101,-43.43944836273831,-5.29360586398869,,,,,,,,,,,edge_below_threshold
2026-07-01T13:50:05.945,54,forced-7,457990,457990,WAIT,HOLD,39578.56,39580.69031601424,39510.0,39565.0,13.910844135314575,0.7852505410354587,3.9641339979083074,-17.859798666936868,,,,,,,,,,,edge_below_threshold
2026-07-01T13:50:16.490,55,1,252670,252670,BUY_SKIPPED_ORDER_DISABLED,BUY,71.25,71.20725,70.0,71.0,141.84397163120568,0.19573908866891943,29.1051824076905,-169.54032068363853,,,,,,,,dry_run,,,[kt10000] 20: [2000](501179:레버리지ETP 교육이수등록이 되지 않았습니다)
2026-07-01T13:50:17.379,55,2,0195R0,0195R0,WAIT,HOLD,20585.12,20572.768927999998,20605.0,20625.0,9.701673538685423,-0.9182178591655654,-25.388450228940577,15.666861428718574,,,,,,,,,,,edge_below_threshold
2026-07-01T13:50:17.921,55,3,459580,459580,WAIT,HOLD,1073483.25,1073479.7064371519,1073515.0,1073520.0,0.04657585926638364,-0.0031728653815545405,-0.3753546770050651,0.32877717796137235,,,,,,,,,,,edge_below_threshold
2026-07-01T13:50:18.455,55,4,0162Z0,0162Z0,WAIT,HOLD,15313.5,15305.784748016173,15300.0,15305.0,3.2674399607907203,-0.6763284823457565,0.5127133492938898,-3.7794520904408047,,,,,,,,,,,edge_below_threshold
2026-07-01T13:50:18.991,55,forced-5,0209D0,0209D0,HOLD_POSITION,HOLD,8669.32,8664.118407999998,8650.0,8660.0,11.554015020219525,-0.4360783523166347,4.753406874259392,-16.2952620626263,17.371163867979156,357.5,,,,,,,,,edge_below_threshold
2026-07-01T13:50:19.524,55,forced-6,0150K0,0150K0,WAIT,HOLD,11304.87,11298.087078,11280.0,11335.0,48.640282998010164,0.9629262490087233,-32.671833510539635,-16.008973798069068,,,,,,,,,,,edge_below_threshold
2026-07-01T13:50:20.054,55,forced-7,457990,457990,ENTER_BUY,BUY,39598.41,39595.316600923754,39525.0,39565.0,10.115058793779237,0.37555414819506017,7.6566128336113835,-17.75881769868545,,,BUY,5,39565,0768281,True,FILLED_BY_HOLDING,0,5,buy_signal_hit_ask
2026-07-01T13:50:32.074,56,1,252670,252670,BUY_SKIPPED_ORDER_DISABLED,BUY,71.16,71.11730399999999,70.0,71.0,141.84397163120568,0.1957598707788589,16.494438540582205,-157.10719292733458,,,,,,,,dry_run,,,[kt10000] 20: [2000](501179:레버리지ETP 교육이수등록이 되지 않았습니다)
2026-07-01T13:50:32.949,56,2,0195R0,0195R0,WAIT,HOLD,20570.88,20558.537472,20610.0,20630.0,9.699321047526674,-0.9185870114859496,-34.76051158664835,25.032193107165412,,,,,,,,,,,edge_below_threshold
2026-07-01T13:50:33.484,56,3,459580,459580,WAIT,HOLD,1073483.25,1073479.698723592,1073515.0,1073520.0,0.04657585926638364,-0.003184841286015408,-0.3754265353673926,0.32884903598901416,,,,,,,,,,,edge_below_threshold
2026-07-01T13:50:34.026,56,4,0162Z0,0162Z0,WAIT,HOLD,15313.52,15308.915226669587,15295.0,15300.0,3.268507926131721,-0.33774103814844875,5.8235521835382436,-9.089622918118787,,,,,,,,,,,edge_below_threshold
2026-07-01T13:50:34.561,56,forced-5,0209D0,0209D0,HOLD_POSITION,HOLD,8667.19,8663.892021833437,8655.0,8660.0,5.775339301183945,-0.3454213102187629,4.492232617429751,-10.26331100506403,23.161551823972204,373.0779999999795,,,,,,,,,edge_below_threshold
2026-07-01T13:50:35.106,56,forced-6,0150K0,0150K0,WAIT,HOLD,11302.4,11295.618559999999,11280.0,11335.0,48.640282998010164,0.9639030981565486,-34.8643500936358,-13.827095804480654,,,,,,,,,,,edge_below_threshold
2026-07-01T13:50:35.638,56,forced-7,457990,457990,EXIT_LOSS,HOLD,39572.83,39567.18051981813,39525.0,39565.0,10.115058793779237,0.2678169542385596,0.5510930497157124,-10.660481556679226,-10.109945659042083,14.108999999938533,SELL,5,39525,0768567,True,FILLED_BY_HOLDING,5,0,loss_stop_-10.11bps
2026-07-01T13:50:47.292,57,1,252670,252670,BUY_SKIPPED_ORDER_DISABLED,BUY,71.18,71.137292,70.0,71.0,141.84397163120568,0.1959197274676455,19.29958199702094,-159.87282732100655,,,,,,,,dry_run,,,[kt10000] 20: [2000](501179:레버리지ETP 교육이수등록이 되지 않았습니다)
2026-07-01T13:50:48.189,57,2,0195R0,0195R0,WAIT,HOLD,20599.36,20609.983535004856,20605.0,20610.0,2.426301103967002,0.9808510638297873,-0.007988844394727995,-2.4180198865233686,,,,,,,,,,,edge_below_threshold
2026-07-01T13:50:48.720,57,3,459580,459580,WAIT,HOLD,1073483.25,1073479.7158788848,1073515.0,1073520.0,0.04657585926638364,-0.0031582063530080314,-0.37526671924345284,0.32868922060942996,,,,,,,,,,,edge_below_threshold
2026-07-01T13:50:49.255,57,4,0162Z0,0162Z0,WAIT,HOLD,15312.04,15307.317128250561,15295.0,15300.0,3.268507926131721,-0.35064411472734947,4.780150688233102,-8.046562403694464,,,,,,,,,,,edge_below_threshold
2026-07-01T13:50:49.794,57,forced-5,0209D0,0209D0,HOLD_POSITION,HOLD,8664.65,8659.45121,8650.0,8660.0,11.554015020219525,-0.4761427425821973,-0.6337468584233016,-10.91432906173654,17.371163867979156,388.31199999991804,,,,,,,,,edge_below_threshold
2026-07-01T13:50:50.335,57,forced-6,0150K0,0150K0,WAIT,HOLD,11308.95,11302.164630000001,11280.0,11335.0,48.640282998010164,0.9629996042738425,-29.052284296799233,-19.610960135165826,,,,,,,,,,,edge_below_threshold
2026-07-01T13:50:50.885,57,forced-7,457990,457990,WAIT,HOLD,39576.04,39572.59714122201,39515.0,39565.0,12.645422357106728,0.4872819283526435,1.9197984895704188,-14.554804431072288,,,,,,,,,,,edge_below_threshold
2026-07-01T13:51:01.422,58,1,252670,252670,BUY_SKIPPED_ORDER_DISABLED,BUY,71.17,71.127298,70.0,71.0,141.84397163120568,0.19532715446553925,17.897207342249406,-158.49020442193603,,,,,,,,dry_run,,,[kt10000] 20: [2000](501179:레버리지ETP 교육이수등록이 되지 않았습니다)
2026-07-01T13:51:02.328,58,2,0195R0,0195R0,WAIT,HOLD,20599.36,20587.000384,20615.0,20620.0,2.4251242876197403,-0.8826875919568415,-16.029346376098545,13.60062926979978,,,,,,,,,,,edge_below_threshold
2026-07-01T13:51:02.866,58,3,459580,459580,WAIT,HOLD,1073483.25,1073479.7043383862,1073515.0,1073520.0,0.04657585926638364,-0.0031761238792448114,-0.3753742287903438,0.3287967296555872,,,,,,,,,,,edge_below_threshold
2026-07-01T13:51:03.415,58,4,0162Z0,0162Z0,WAIT,HOLD,15307.55,15303.239888646276,15295.0,15300.0,3.268507926131721,-0.30585407185605784,2.117125961463763,-5.384407946443678,,,,,,,,,,,edge_below_threshold
2026-07-01T13:51:03.955,58,forced-5,0209D0,0209D0,EXIT_FV,HOLD,8659.98,8654.784012,8655.0,8660.0,5.775339301183945,-0.830218633198745,-6.026710768019019,0.249559087437022,23.161551823972204,402.4680000001099,SELL,5,8655,0769197,True,FILLED_BY_HOLDING,5,0,exit_price_reached_fair_value_0.25bps
2026-07-01T13:51:05.615,58,forced-6,0150K0,0150K0,WAIT,HOLD,11307.16,11300.375704,11280.0,11335.0,48.640282998010164,0.9639030981565486,-30.63995119006882,-18.03099696303694,,,,,,,,,,,edge_below_threshold
2026-07-01T13:51:06.160,58,forced-7,457990,457990,WAIT,HOLD,39559.6,39555.44921191113,39510.0,39565.0,13.910844135314575,0.5206673306772909,-2.4145315700252574,-11.490000193815293,,,,,,,,,,,edge_below_threshold
2026-07-01T13:51:16.709,59,1,252670,252670,BUY_SKIPPED_ORDER_DISABLED,BUY,71.22,71.177268,70.0,71.0,141.84397163120568,0.18645353404744233,24.905142467676338,-165.39943623573723,,,,,,,,dry_run,,,[kt10000] 20: [2000](501179:레버리지ETP 교육이수등록이 되지 않았습니다)
2026-07-01T13:51:17.681,59,2,0195R0,0195R0,WAIT,HOLD,20599.36,20587.000384,20615.0,20630.0,7.273608922293612,-0.9044866598526768,-20.886780588696066,13.60062926979978,,,,,,,,,,,edge_below_threshold
2026-07-01T13:51:18.210,59,3,459580,459580,WAIT,HOLD,1073483.25,1073480.148079391,1073515.0,1073520.0,0.04657585926638364,-0.0024871812787947353,-0.37124040607735065,0.3246629261961836,,,,,,,,,,,edge_below_threshold
2026-07-01T13:51:18.769,59,4,0162Z0,0162Z0,WAIT,HOLD,15310.56,15306.751823539744,15295.0,15305.0,6.5359477124183005,-0.08775053209675382,1.1444776526981453,-7.677542352043001,,,,,,,,,,,edge_below_threshold
2026-07-01T13:51:19.303,59,forced-5,0209D0,0209D0,WAIT,HOLD,8661.51,8657.210020274671,8650.0,8655.0,5.778676683039584,-0.538477653631285,2.552808895124113,-8.328341645617975,,,,,,,,,,,edge_below_threshold
2026-07-01T13:51:19.840,59,forced-6,0150K0,0150K0,WAIT,HOLD,11308.72,11301.934768,11280.0,11335.0,48.640282998010164,0.9639030981565486,-29.256258046738036,-19.407976112288924,,,,,,,,,,,edge_below_threshold
2026-07-01T13:51:20.375,59,forced-7,457990,457990,WAIT,HOLD,39638.45,39624.63258160578,39560.0,39645.0,21.463291458872547,0.4921875,-5.140090157876969,-16.311212847884654,,,,,,,,,,,edge_below_threshold
2026-07-01T13:51:30.910,60,1,252670,252670,WAIT,HOLD,71.08,71.037352,70.0,71.0,141.84397163120568,0.17086081165213216,5.258078876588544,-146.02909185015773,,,,,,,,,,,edge_below_threshold
2026-07-01T13:51:31.878,60,2,0195R0,0195R0,WAIT,HOLD,20681.08,20674.65510270071,20695.0,20720.0,12.072920439454304,0.08587024984253622,-21.93260157136305,9.84050142467946,,,,,,,,,,,edge_below_threshold
2026-07-01T13:51:32.413,60,3,459580,459580,WAIT,HOLD,1073483.25,1073480.13751526,1073515.0,1073520.0,0.04657585926638364,-0.002503582918547327,-0.37133881985335465,0.32476133951381814,,,,,,,,,,,edge_below_threshold
2026-07-01T13:51:32.941,60,4,0162Z0,0162Z0,WAIT,HOLD,15321.75,15317.51803520087,15300.0,15310.0,6.533812479581836,-0.13365330965878439,4.9081288388844095,-11.436601648264629,,,,,,,,,,,edge_below_threshold
2026-07-01T13:51:33.477,60,forced-5,0209D0,0209D0,WAIT,HOLD,8661.63,8657.301902493999,8650.0,8655.0,5.778676683039584,-0.5438766002967667,2.658914428449625,-8.4343858816972,,,,,,,,,,,edge_below_threshold
2026-07-01T13:51:34.021,60,forced-6,0150K0,0150K0,WAIT,HOLD,11303.9,11297.11766,11280.0,11335.0,48.640282998010164,0.9629996042738425,-33.53274803371404,-15.152236628116952,,,,,,,,,,,edge_below_threshold
2026-07-01T13:51:34.556,60,forced-7,457990,457990,WAIT,HOLD,39670.18,39646.377892,39610.0,39665.0,13.875748975086724,-0.7389932974109608,-4.697051531600533,-9.175590289507195,,,,,,,,,,,edge_below_threshold
2026-07-01T13:51:45.099,61,1,252670,252670,WAIT,HOLD,71.01,70.967394,70.0,71.0,141.84397163120568,0.15012757877980903,-4.594504343783744,-136.31527740753714,,,,,,,,,,,edge_below_threshold
2026-07-01T13:51:46.032,61,2,0195R0,0195R0,WAIT,HOLD,20705.84,20707.863088009944,20710.0,20715.0,2.414001207000603,0.2835436518156065,-3.4464743946408767,1.0319326436404808,,,,,,,,,,,edge_below_threshold
2026-07-01T13:51:46.566,61,3,459580,459580,WAIT,HOLD,1073483.25,1073480.110703554,1073515.0,1073520.0,0.04657585926638364,-0.0025452101879768554,-0.3715885934752187,0.3250111119723427,,,,,,,,,,,edge_below_threshold
2026-07-01T13:51:47.104,61,4,0162Z0,0162Z0,WAIT,HOLD,15322.49,15318.567348888519,15305.0,15310.0,3.2663726931242856,-0.2633582208985965,5.592787297527687,-8.856800103766249,,,,,,,,,,,edge_below_threshold
2026-07-01T13:51:47.646,61,forced-5,0209D0,0209D0,WAIT,HOLD,8656.71,8651.515973999998,8650.0,8655.0,5.778676683039584,-0.7300708727354425,-4.027069949905065,-1.7522640015391318,,,,,,,,,,,edge_below_threshold
2026-07-01T13:51:48.175,61,forced-6,0150K0,0150K0,WAIT,HOLD,11303.47,11296.687918,11280.0,11335.0,48.640282998010164,0.9628193657421215,-33.914437822925414,-14.772398884640612,,,,,,,,,,,edge_below_threshold
2026-07-01T13:51:48.712,61,forced-7,457990,457990,WAIT,HOLD,39669.11,39645.308533999996,39625.0,39685.0,15.13050056739377,-0.5574908791338119,-10.011642604815215,-5.122556678447704,,,,,,,,,,,edge_below_threshold
2026-07-01T13:51:59.243,62,1,252670,252670,WAIT,HOLD,71.07,71.02735799999999,70.0,71.0,141.84397163120568,0.1507585294431892,3.8517552630906597,-144.64257561149785,,,,,,,,,,,edge_below_threshold
2026-07-01T13:52:00.138,62,2,0195R0,0195R0,WAIT,HOLD,20638.36,20629.95210142537,20680.0,20705.0,12.081672103419113,-0.07490272373540856,-36.37812545839365,24.259822964481074,,,,,,,,,,,edge_below_threshold
2026-07-01T13:52:00.676,62,3,459580,459580,WAIT,HOLD,1073483.25,1073480.105913305,1073515.0,1073520.0,0.04657585926638364,-0.002552647423937202,-0.3716332186808616,0.32505573697014034,,,,,,,,,,,edge_below_threshold
2026-07-01T13:52:01.214,62,4,0162Z0,0162Z0,WAIT,HOLD,15312.04,15304.294375958953,15300.0,15310.0,6.533812479581836,-0.5163958231401802,-3.7281196381129966,-2.805994091239135,,,,,,,,,,,edge_below_threshold
2026-07-01T13:52:01.755,62,forced-5,0209D0,0209D0,WAIT,HOLD,8661.99,8657.619366705152,8650.0,8655.0,5.778676683039584,-0.552026363763848,3.0255045806534673,-8.8007642544948,,,,,,,,,,,edge_below_threshold
2026-07-01T13:52:02.401,62,forced-6,0150K0,0150K0,WAIT,HOLD,11304.56,11297.777263999998,11280.0,11335.0,48.640282998010164,0.9628156691191092,-32.946955078155575,-15.735187182920612,,,,,,,,,,,edge_below_threshold
2026-07-01T13:52:02.948,62,forced-7,457990,457990,WAIT,HOLD,39678.81,39655.002713999995,39605.0,39685.0,20.179089418589985,-0.3225255972696246,-7.564565363001443,-12.609434012809068,,,,,,,,,,,edge_below_threshold
2026-07-01T13:52:13.488,63,1,252670,252670,BUY_SKIPPED_ORDER_DISABLED,BUY,71.12,71.077328,70.0,71.0,141.84397163120568,0.15249565865991088,10.879418539761975,-151.57125771525827,,,,,,,,dry_run,,,[kt10000] 20: [2000](501179:레버리지ETP 교육이수등록이 되지 않았습니다)
2026-07-01T13:52:14.376,63,2,0195R0,0195R0,WAIT,HOLD,20652.6,20653.448119927445,20675.0,20685.0,4.835589941972921,0.3102228510788822,-15.276809900866937,10.435003369611987,,,,,,,,,,,edge_below_threshold
2026-07-01T13:52:14.905,63,3,459580,459580,WAIT,HOLD,1073483.25,1073480.2671232957,1073515.0,1073520.0,0.04657585926638364,-0.002302356310819588,-0.37013141201731764,0.3235539373013737,,,,,,,,,,,edge_below_threshold
2026-07-01T13:52:15.434,63,4,0162Z0,0162Z0,WAIT,HOLD,15312.07,15303.328830835562,15300.0,15310.0,6.533812479581836,-0.6247558671917524,-4.3592928298028975,-2.175233161594753,,,,,,,,,,,edge_below_threshold
2026-07-01T13:52:15.973,63,forced-5,0209D0,0209D0,WAIT,HOLD,8657.4,8652.205559999999,8650.0,8655.0,5.778676683039584,-0.7559899919426657,-3.2297429604775676,-2.549130374566036,,,,,,,,,,,edge_below_threshold
2026-07-01T13:52:16.508,63,forced-6,0150K0,0150K0,WAIT,HOLD,11297.22,11290.441668,11280.0,11335.0,48.640282998010164,0.9117924528301887,-39.46553492791184,-9.2482369663127,,,,,,,,,,,edge_below_threshold
2026-07-01T13:52:17.036,63,forced-7,457990,457990,WAIT,HOLD,39652.0,39633.104802713184,39565.0,39670.0,26.503439136745126,0.5309624471524497,-9.309186719151638,-17.18381717813878,,,,,,,,,,,edge_below_threshold
2026-07-01T13:52:27.573,64,1,252670,252670,BUY_SKIPPED_ORDER_DISABLED,BUY,71.1,71.05734,70.0,71.0,141.84397163120568,0.15089899856839162,8.06953933260046,-148.80095427157792,,,,,,,,dry_run,,,[kt10000] 20: [2000](501179:레버리지ETP 교육이수등록이 되지 않았습니다)
2026-07-01T13:52:28.477,64,2,0195R0,0195R0,WAIT,HOLD,20666.84,20655.468439835953,20685.0,20695.0,4.833252779120348,-0.6753909731788348,-19.138544487234483,14.297211535078294,,,,,,,,,,,edge_below_threshold
2026-07-01T13:52:29.006,64,3,459580,459580,WAIT,HOLD,1073483.25,1073480.3397556047,1073515.0,1073520.0,0.04657585926638364,-0.002189588972676962,-0.3694547811121274,0.3228773095476427,,,,,,,,,,,edge_below_threshold
2026-07-01T13:52:29.542,64,4,0162Z0,0162Z0,WAIT,HOLD,15315.03,15310.61780177664,15300.0,15305.0,3.2674399607907203,-0.3167879301879213,3.669219524236176,-6.934927064411205,,,,,,,,,,,edge_below_threshold
2026-07-01T13:52:30.071,64,forced-5,0209D0,0209D0,WAIT,HOLD,8661.19,8656.708794621352,8650.0,8655.0,5.778676683039584,-0.5733813478356728,1.973954145730389,-7.749821301047703,,,,,,,,,,,edge_below_threshold
2026-07-01T13:52:30.601,64,forced-6,0150K0,0150K0,WAIT,HOLD,11300.09,11293.309946,11280.0,11335.0,48.640282998010164,0.9117924528301887,-36.91570868004636,-11.785690876848443,,,,,,,,,,,edge_below_threshold
2026-07-01T13:52:31.131,64,forced-7,457990,457990,WAIT,HOLD,39652.56,39643.4676928491,39580.0,39655.0,18.931027954817946,0.564385775862069,-2.9090056501231842,-16.009621898073995,,,,,,,,,,,edge_below_threshold
2026-07-01T13:52:41.661,65,1,252670,252670,BUY_SKIPPED_ORDER_DISABLED,BUY,71.13,71.08732199999999,70.0,71.0,141.84397163120568,0.15232333856882815,12.283765591842965,-152.95582523139447,,,,,,,,dry_run,,,[kt10000] 20: [2000](501179:레버리지ETP 교육이수등록이 되지 않았습니다)
2026-07-01T13:52:42.786,65,2,0195R0,0195R0,WAIT,HOLD,20613.6,20601.231839999997,20660.0,20680.0,9.675858732462506,-0.6140165522098961,-38.23468451389617,28.52652717877635,,,,,,,,,,,edge_below_threshold
2026-07-01T13:52:43.320,65,3,459580,459580,WAIT,HOLD,1073483.25,1073480.332066667,1073515.0,1073520.0,0.04657585926638364,-0.0022015266494726593,-0.3695264100144046,0.322948938116303,,,,,,,,,,,edge_below_threshold
2026-07-01T13:52:43.936,65,4,0162Z0,0162Z0,WAIT,HOLD,15309.08,15303.002247398512,15300.0,15305.0,3.2674399607907203,-0.4982998770273746,-1.305464489380042,-1.9618682334194941,,,,,,,,,,,edge_below_threshold
2026-07-01T13:52:44.551,65,forced-5,0209D0,0209D0,WAIT,HOLD,8659.82,8654.624108,8650.0,8655.0,5.778676683039584,-0.7983108752579644,-0.4343250444032129,-5.342933375610885,,,,,,,,,,,edge_below_threshold
2026-07-01T13:52:45.224,65,forced-6,0150K0,0150K0,WAIT,HOLD,11297.92,11291.141248,11280.0,11335.0,48.640282998010164,0.9122477709995307,-38.843506636469364,-9.867247034903007,,,,,,,,,,,edge_below_threshold
2026-07-01T13:52:45.774,65,forced-7,457990,457990,WAIT,HOLD,39652.46,39628.668524,39560.0,39645.0,21.463291458872547,-0.0746335963923337,-4.121126600584292,-17.327991718524036,,,,,,,,,,,edge_below_threshold
2026-07-01T13:52:56.341,66,1,252670,252670,BUY_SKIPPED_ORDER_DISABLED,BUY,71.18,71.137292,70.0,71.0,141.84397163120568,0.1522860648305138,19.29958199702094,-159.87282732100655,,,,,,,,dry_run,,,[kt10000] 20: [2000](501179:레버리지ETP 교육이수등록이 되지 않았습니다)
2026-07-01T13:52:57.248,66,2,0195R0,0195R0,WAIT,HOLD,20638.36,20625.976984,20660.0,20685.0,12.093360744951022,-0.6009034018726768,-28.615864376162435,16.495226396495813,,,,,,,,,,,edge_below_threshold
2026-07-01T13:52:57.780,66,3,459580,459580,WAIT,HOLD,1073483.25,1073480.3147771223,1073515.0,1073520.0,0.04657585926638364,-0.0022283700194294835,-0.36968747662498763,0.32311000397670614,,,,,,,,,,,edge_below_threshold
2026-07-01T13:52:58.310,66,4,0162Z0,0162Z0,WAIT,HOLD,15312.81,15307.59425020802,15300.0,15305.0,3.2674399607907203,-0.4043171667816986,1.69474717294945,-4.96109975472895,,,,,,,,,,,edge_below_threshold
2026-07-01T13:52:58.845,66,forced-5,0209D0,0209D0,WAIT,HOLD,8658.26,8653.065043999999,8645.0,8650.0,5.782017924255566,-0.7855144855144855,3.542148342134933,-9.320447678353354,,,,,,,,,,,edge_below_threshold
2026-07-01T13:52:59.384,66,forced-6,0150K0,0150K0,WAIT,HOLD,11293.9,11287.12366,11280.0,11335.0,48.640282998010164,0.9122477709995307,-42.41677635699857,-6.311315632382547,,,,,,,,,,,edge_below_threshold
2026-07-01T13:52:59.914,66,forced-7,457990,457990,WAIT,HOLD,39630.62,39606.841628,39560.0,39640.0,20.2020202020202,-0.03563875616824626,-8.37187986647155,-11.826650668072286,,,,,,,,,,,edge_below_threshold
2026-07-01T13:53:10.448,67,1,252670,252670,BUY_SKIPPED_ORDER_DISABLED,BUY,71.12,71.077328,70.0,71.0,141.84397163120568,0.15084222661047464,10.879418539761975,-151.57125771525827,,,,,,,,dry_run,,,[kt10000] 20: [2000](501179:레버리지ETP 교육이수등록이 되지 않았습니다)
