종목코드,종목명,시장구분,업종명,종가,대비,등락률,시가총액
"095570","AJ네트웍스","KOSPI","일반서비스","5170","40","0.78","233956764030"
"006840","AK홀딩스","KOSPI","기타금융","8230","-300","-3.52","109027427030"
"027410","BGF","KOSPI","기타금융","4295","-110","-2.50","411103617345"
"282330","BGF리테일","KOSPI","유통","119500","-5300","-4.25","2065426767000"
"138930","BNK금융지주","KOSPI","기타금융","19680","-250","-1.25","6107236009440"
"001460","BYC","KOSPI","섬유·의류","50700","-1800","-3.43","316679805000"
"001465","BYC우","KOSPI","섬유·의류","28250","-800","-2.75","60846262500"
"001040","CJ","KOSPI","기타금융","207000","-11500","-5.26","6039638586000"
"079160","CJ CGV","KOSPI","오락·문화","5220","-320","-5.78","864339913980"
"00104K","CJ4우(전환)","KOSPI","기타금융","174000","-7600","-4.19","735413088000"
"000120","CJ대한통운","KOSPI","운송·창고","127800","-4200","-3.18","2915417563200"
"011150","CJ씨푸드","KOSPI","음식료·담배","2750","-100","-3.51","98809625750"
"011155","CJ씨푸드1우","KOSPI","음식료·담배","14500","-810","-5.29","2900000000"
"001045","CJ우","KOSPI","기타금융","95600","-3600","-3.63","216077318800"
"097950","CJ제일제당","KOSPI","음식료·담배","207500","-6500","-3.04","3123743595000"
"097955","CJ제일제당 우","KOSPI","음식료·담배","135800","-2300","-1.67","180265401400"
"000480","CR홀딩스","KOSPI","비금속","4945","-115","-2.27","231873473050"
"000590","CS홀딩스","KOSPI","기타금융","84800","-3000","-3.42","97900073600"
"012030","DB","KOSPI","IT 서비스","1880","-145","-7.16","378206994040"
"005830","DB손해보험","KOSPI","보험","186700","3600","1.97","12953992800000"
"016610","DB증권","KOSPI","증권","14520","-1110","-7.10","616321568280"
"000990","DB하이텍","KOSPI","전기·전자","90500","-5200","-5.43","3937165214000"
"000300","DH오토넥스","KOSPI","운송장비·부품","4200","0","0.00","174035631000"
"001530","DI동일","KOSPI","유통","22200","-1850","-7.69","437990016000"
"015590","DKME","KOSPI","기계·장비","515","0","0.00","122045495160"
"000210","DL","KOSPI","화학","48300","-3400","-6.58","1012169197200"
"000215","DL우","KOSPI","화학","24600","-1150","-4.47","41478429000"
"375500","DL이앤씨","KOSPI","건설","49000","-2100","-4.11","1895987527000"
"37550L","DL이앤씨2우(전환)","KOSPI","건설","37800","-1900","-4.79","79831747800"
"37550K","DL이앤씨우","KOSPI","건설","24750","-1000","-3.88","52318653750"
"007340","DN오토모티브","KOSPI","전기·전자","26500","-700","-2.57","1550537922500"
"004840","DRB동일","KOSPI","화학","5910","-230","-3.75","117786300000"
"155660","DSR","KOSPI","금속","3925","-100","-2.48","62800000000"
"069730","DSR제강","KOSPI","금속","4230","-65","-1.51","60912000000"
"017860","DS단석","KOSPI","화학","18000","-1130","-5.91","316515816000"
"092780","DYP","KOSPI","운송장비·부품","4740","-205","-4.15","62418500400"
"017940","E1","KOSPI","유통","103600","100","0.10","710696000000"
"365550","ESR켄달스퀘어리츠","KOSPI","부동산","4285","-40","-0.92","1054491365000"
"383220","F&F","KOSPI","섬유·의류","69100","-1600","-2.26","2647018882500"
"007700","F&F홀딩스","KOSPI","기타금융","19620","-1830","-8.53","767423880540"
"114090","GKL","KOSPI","오락·문화","12850","-230","-1.76","794845359500"
"078930","GS","KOSPI","기타금융","70500","1800","2.62","6550534149000"
"006360","GS건설","KOSPI","건설","21350","-1050","-4.69","1827164811500"
"001250","GS글로벌","KOSPI","유통","2575","-25","-0.96","212524442300"
"007070","GS리테일","KOSPI","유통","21050","-950","-4.32","1759936085750"
"078935","GS우","KOSPI","기타금융","56500","0","0.00","100842669000"
"499790","GS피앤엘","KOSPI","기타금융","48700","-2600","-5.07","965761956700"
"012630","HDC","KOSPI","기타금융","25550","900","3.65","1526400971550"
"039570","HDC랩스","KOSPI","건설","8330","-30","-0.36","216226816330"
"089470","HDC현대EP","KOSPI","화학","5880","-140","-2.33","187572000000"
"294870","HDC현대산업개발","KOSPI","건설","22700","-450","-1.94","1496096391000"
"267270","HD건설기계","KOSPI","기계·장비","140800","100","0.07","6754755814400"
"009540","HD한국조선해양","KOSPI","기타금융","441500","-8500","-1.89","31246330714000"
"267250","HD현대","KOSPI","기타금융","291000","-1500","-0.51","22986987735000"
"443060","HD현대마린솔루션","KOSPI","일반서비스","182000","-2300","-1.25","8159302970000"
"071970","HD현대마린엔진","KOSPI","기계·장비","83700","-3600","-4.12","2839229131500"
"322000","HD현대에너지솔루션","KOSPI","전기·전자","100200","-3800","-3.65","1122240000000"
"267260","HD현대일렉트릭","KOSPI","전기·전자","987000","-63000","-6.00","35578522245000"
"329180","HD현대중공업","KOSPI","운송장비·부품","590000","-13000","-2.16","61927122750000"
"097230","HJ중공업","KOSPI","건설","23350","-1950","-7.71","2108396282400"
"014790","HL D&I","KOSPI","건설","3530","-155","-4.21","133640861530"
"003580","HLB글로벌","KOSPI","유통","1970","-1","-0.05","99807104850"
"204320","HL만도","KOSPI","운송장비·부품","57600","-5200","-8.28","2704730112000"
"060980","HL홀딩스","KOSPI","기타금융","46900","-2650","-5.35","432112071300"
"011200","HMM","KOSPI","운송·창고","24500","3150","14.75","23109330265000"
"035000","HS애드","KOSPI","일반서비스","8590","-200","-2.28","139223661960"
"002460","HS화성","KOSPI","건설","13600","-140","-1.02","138040000000"
"487570","HS효성","KOSPI","기타금융","61800","-4700","-7.07","230262288600"
"298050","HS효성첨단소재","KOSPI","화학","230000","-21000","-8.37","1030388040000"
"015360","INVENI","KOSPI","일반서비스","75800","-1500","-1.94","432060000000"
"175330","JB금융지주","KOSPI","기타금융","31150","-600","-1.89","5864099141600"
"234080","JW생명과학","KOSPI","제약","13050","-220","-1.66","206640929700"
"001060","JW중외제약","KOSPI","제약","33800","-2400","-6.63","787064434000"
"001067","JW중외제약2우B","KOSPI","제약","58200","0","0.00","12220428600"
"001065","JW중외제약우","KOSPI","제약","27850","-950","-3.30","9523335350"
"096760","JW홀딩스","KOSPI","기타금융","4050","-120","-2.88","299396015100"
"008970","KBI동양철관","KOSPI","금속","1666","-35","-2.06","172875667062"
"105560","KB금융","KOSPI","기타금융","153500","-5500","-3.46","57232544842500"
"415640","KB발해인프라","KOSPI","기타금융","9930","-90","-0.90","1216877291640"
"432320","KB스타리츠","KOSPI","부동산","3355","-15","-0.45","340244926175"
"002380","KCC","KOSPI","화학","583000","-68000","-10.45","5180812593000"
"344820","KCC글라스","KOSPI","비금속","27900","-1100","-3.79","445577284800"
"009070","KCTC","KOSPI","운송·창고","7100","-160","-2.20","213000000000"
"009440","KC그린홀딩스","KOSPI","기타금융","756","0","0.00","17568790596"
"119650","KC코트렐","KOSPI","기계·장비","918","0","0.00","100782913662"
"092220","KEC","KOSPI","전기·전자","1282","-23","-1.76","257378346762"
"003620","KG모빌리티","KOSPI","운송장비·부품","3810","-235","-5.81","771048414720"
"016380","KG스틸","KOSPI","금속","5840","-210","-3.47","584051958480"
"001390","KG케미칼","KOSPI","화학","5220","-220","-4.04","350956416600"
"001940","KISCO홀딩스","KOSPI","금속","25050","-1150","-4.39","355118319000"
"025000","KPX케미칼","KOSPI","화학","52800","-800","-1.49","231195835200"
"092230","KPX홀딩스","KOSPI","화학","82100","-700","-0.85","346843436600"
"000040","KR모터스","KOSPI","운송장비·부품","385","-11","-2.78","33254445840"
"044450","KSS해운","KOSPI","운송·창고","12650","1830","16.91","292036382000"
"030200","KT","KOSPI","통신","63000","-800","-1.25","15877366155000"
"033780","KT&G","KOSPI","음식료·담배","162300","-800","-0.49","19147609483500"
"058850","KTcs","KOSPI","IT 서비스","2705","-90","-3.22","115462925000"
"058860","KTis","KOSPI","IT 서비스","2880","-170","-5.57","100229760000"
"093050","LF","KOSPI","섬유·의류","21750","-800","-3.55","635970000000"
"003550","LG","KOSPI","기타금융","102500","-5200","-4.83","15807712462500"
"034220","LG디스플레이","KOSPI","전기·전자","12860","-1480","-10.32","6430000000000"
"051900","LG생활건강","KOSPI","화학","253500","-13500","-5.06","3879173356500"
"051905","LG생활건강우","KOSPI","화학","113900","-1900","-1.64","239155488300"
"064400","LG씨엔에스","KOSPI","IT 서비스","67600","-6900","-9.26","6549490084800"
"373220","LG에너지솔루션","KOSPI","전기·전자","393000","-34000","-7.96","91962000000000"
"003555","LG우","KOSPI","기타금융","76000","-4900","-6.06","228851124000"
"032640","LG유플러스","KOSPI","통신","16110","-430","-2.60","6924534799050"
"011070","LG이노텍","KOSPI","전기·전자","285000","-34000","-10.66","6745125495000"
"066570","LG전자","KOSPI","전기·전자","127600","-18100","-12.42","20784302981200"
"066575","LG전자우","KOSPI","전기·전자","58100","-8600","-12.89","998506135200"
"037560","LG헬로비전","KOSPI","오락·문화","2360","-75","-3.08","182774601400"
"051910","LG화학","KOSPI","화학","361000","-56500","-13.53","25483835823000"
"051915","LG화학우","KOSPI","화학","174700","-26300","-13.08","1343233360000"
"079550","LIG넥스원","KOSPI","금속","661000","152000","29.86","14542000000000"
"006260","LS","KOSPI","기타금융","265500","-19000","-6.68","8416350000000"
"010120","LS ELECTRIC","KOSPI","전기·전자","714000","-73000","-9.28","21420000000000"
"000680","LS네트웍스","KOSPI","유통","3275","-160","-4.66","258079877400"
"229640","LS에코에너지","KOSPI","기타금융","45000","-1300","-2.81","1378119555000"
"108320","LX세미콘","KOSPI","전기·전자","53500","-4900","-8.39","870140050000"
"001120","LX인터내셔널","KOSPI","유통","43200","600","1.41","1674432000000"
"108670","LX하우시스","KOSPI","화학","30600","-1150","-3.62","274410702000"
"108675","LX하우시스우","KOSPI","화학","16800","-360","-2.10","17343144000"
"383800","LX홀딩스","KOSPI","기타금융","8610","-480","-5.28","656776740900"
"38380K","LX홀딩스1우","KOSPI","기타금융","8700","-170","-1.92","12747979500"
"023150","MH에탄올","KOSPI","음식료·담배","4150","-70","-1.66","30620882900"
"035420","NAVER","KOSPI","IT 서비스","236000","-18500","-7.27","37017222568000"
"181710","NHN","KOSPI","IT 서비스","36700","-1200","-3.17","1202040201300"
"400760","NH올원리츠","KOSPI","부동산","3180","-15","-0.47","174675094500"
"005940","NH투자증권","KOSPI","증권","33300","-2200","-6.20","11866267487700"
"005945","NH투자증권우","KOSPI","증권","24700","-900","-3.52","466112909600"
"338100","NH프라임리츠","KOSPI","부동산","4675","-35","-0.74","87235500000"
"034310","NICE","KOSPI","일반서비스","14460","-530","-3.54","531508490220"
"030190","NICE평가정보","KOSPI","IT 서비스","16720","-390","-2.28","985000731440"
"008260","NI스틸","KOSPI","금속","3660","-40","-1.08","104676428220"
"004250","NPC","KOSPI","화학","3855","-145","-3.63","141555600000"
"004255","NPC우","KOSPI","화학","2410","-30","-1.23","12724800000"
"456040","OCI","KOSPI","화학","82400","-5500","-6.26","737685588000"
"010060","OCI홀딩스","KOSPI","기타금융","148200","-3800","-2.50","2766928382400"
"178920","PI첨단소재","KOSPI","화학","19540","-510","-2.54","573817931880"
"001340","PKC","KOSPI","화학","6610","-280","-4.06","296910670270"
"005490","POSCO홀딩스","KOSPI","금속","374500","-38500","-9.32","30309390524000"
"010950","S-Oil","KOSPI","화학","141300","31300","28.45","15907948509600"
"010955","S-Oil우","KOSPI","화학","65700","10700","19.45","264240603900"
"034120","SBS","KOSPI","오락·문화","17990","-490","-2.65","333736771620"
"003080","SB성보","KOSPI","화학","2675","-30","-1.11","53553500000"
"005090","SGC에너지","KOSPI","전기·가스","47600","-2800","-5.56","685884250800"
"001380","SG글로벌","KOSPI","운송장비·부품","1506","-72","-4.56","67715999358"
"004060","SG세계물산","KOSPI","유통","617","-68","-9.93","124896200320"
"001770","SHD","KOSPI","금속","17140","-490","-2.78","20823008920"
"002360","SH에너지화학","KOSPI","화학","480","108","29.03","53344190400"
"009160","SIMPAC","KOSPI","금속","5250","40","0.77","343197582000"
"033530","SJG세종","KOSPI","운송장비·부품","9230","-800","-7.98","256787470030"
"123700","SJM","KOSPI","운송장비·부품","3800","-90","-2.31","59298612400"
"025530","SJM홀딩스","KOSPI","유통","3730","-100","-2.61","55703849840"
"034730","SK","KOSPI","기타금융","379500","-21500","-5.36","27514775788500"
"011790","SKC","KOSPI","화학","105400","-7800","-6.89","3991318609200"
"018670","SK가스","KOSPI","유통","262500","29500","12.66","2426876550000"
"001740","SK네트웍스","KOSPI","유통","5590","-160","-2.78","1236943472180"
"006120","SK디스커버리","KOSPI","기타금융","57400","-2400","-4.01","1053166877000"
"006125","SK디스커버리우","KOSPI","기타금융","39500","-600","-1.50","51841972500"
"210980","SK디앤디","KOSPI","부동산","12660","-270","-2.09","235696056120"
"395400","SK리츠","KOSPI","부동산","5880","-30","-0.51","1769983605600"
"302440","SK바이오사이언스","KOSPI","제약","46100","-2850","-5.82","3615839716100"
"326030","SK바이오팜","KOSPI","일반서비스","110200","-9600","-8.01","8630120150000"
"402340","SK스퀘어","KOSPI","기타금융","581000","-64000","-9.92","76742613815000"
"361610","SK아이이테크놀로지","KOSPI","전기·전자","24750","-2350","-8.67","2024230725000"
"100090","SK오션플랜트","KOSPI","금속","18200","-1100","-5.70","1137101947800"
"03473K","SK우","KOSPI","기타금융","271000","-19000","-6.55","153422585000"
"096770","SK이노베이션","KOSPI","화학","130900","3200","2.51","22129009949200"
"096775","SK이노베이션우","KOSPI","화학","79900","3100","4.04","99749237400"
"475150","SK이터닉스","KOSPI","건설","25850","-2950","-10.24","872541985700"
"001510","SK증권","KOSPI","증권","1820","-305","-14.35","860114111220"
"001515","SK증권우","KOSPI","증권","3420","-475","-12.20","13380797880"
"285130","SK케미칼","KOSPI","화학","64400","-4400","-6.40","1114040530400"
"28513K","SK케미칼우","KOSPI","화학","28250","-1550","-5.20","59760869250"
"017670","SK텔레콤","KOSPI","통신","78200","-1600","-2.01","16796582144600"
"000660","SK하이닉스","KOSPI","전기·전자","939000","-122000","-11.50","669227520735000"
"003570","SNT다이내믹스","KOSPI","운송장비·부품","56600","600","1.07","1882102650200"
"064960","SNT모티브","KOSPI","운송장비·부품","35800","-1450","-3.89","950141737600"
"100840","SNT에너지","KOSPI","기계·장비","43750","-2200","-4.79","904784256250"
"036530","SNT홀딩스","KOSPI","기타금융","61100","-1600","-2.55","996167434600"
"005610","SPC삼립","KOSPI","음식료·담배","52800","-900","-1.68","455611675200"
"011810","STX","KOSPI","유통","3530","0","0.00","109493282310"
"465770","STX그린로지스","KOSPI","운송·창고","7690","1770","29.90","55145236080"
"077970","STX엔진","KOSPI","기계·장비","31900","-1050","-3.19","1280723209700"
"002820","SUN&L","KOSPI","종이·목재","2305","-20","-0.86","29061414645"
"084870","TBH글로벌","KOSPI","섬유·의류","1985","-220","-9.98","41400785715"
"002710","TCC스틸","KOSPI","금속","14330","-1200","-7.73","375642278010"
"069260","TKG휴켐스","KOSPI","화학","18840","-130","-0.69","770152597920"
"007980","TP","KOSPI","섬유·의류","1921","-74","-3.71","98307424730"
"002900","TYM","KOSPI","기계·장비","6970","-380","-5.17","288558000000"
"024070","WISCOM","KOSPI","화학","1986","-13","-0.65","30438305868"
"037270","YG PLUS","KOSPI","IT 서비스","6280","-690","-9.90","399804330800"
"139130","iM금융지주","KOSPI","기타금융","18100","-290","-1.58","2907304952300"
"000500","가온전선","KOSPI","전기·전자","109600","-8900","-7.51","1813125404000"
"000860","강남제비스코","KOSPI","화학","17260","-490","-2.76","224380000000"
"035250","강원랜드","KOSPI","오락·문화","18740","-310","-1.63","4009244970000"
"011420","갤럭시아에스엠","KOSPI","오락·문화","1789","-87","-4.64","49286313116"
"002100","경농","KOSPI","화학","9530","-100","-1.04","186050139750"
"009450","경동나비엔","KOSPI","전기·전자","61700","-2600","-4.04","898882126400"
"267290","경동도시가스","KOSPI","전기·가스","22700","0","0.00","133825716200"
"012320","경동인베스트","KOSPI","기타금융","86500","-7900","-8.37","204574489500"
"000050","경방","KOSPI","유통","9900","-300","-2.94","271411173000"
"214390","경보제약","KOSPI","제약","5730","-160","-2.72","136986307800"
"012610","경인양행","KOSPI","화학","4235","-245","-5.47","176245305775"
"009140","경인전자","KOSPI","전기·전자","21300","-500","-2.29","33457976100"
"013580","계룡건설","KOSPI","건설","27650","-700","-2.47","246939578550"
"012200","계양전기","KOSPI","기계·장비","7950","-1210","-13.21","216421490550"
"012205","계양전기우","KOSPI","기계·장비","6620","-1730","-20.72","7739302980"
"002140","고려산업","KOSPI","음식료·담배","2675","65","2.49","66712961875"
"010130","고려아연","KOSPI","금속","1983000","-47000","-2.32","41391097527000"
"002240","고려제강","KOSPI","금속","23150","-350","-1.49","625050000000"
"009290","광동제약","KOSPI","제약","8640","-900","-9.43","430270341120"
"017040","광명전기","KOSPI","전기·전자","1380","-105","-7.07","59805908700"
"017900","광전자","KOSPI","전기·전자","1925","0","0.00","111541743775"
"037710","광주신세계","KOSPI","유통","38400","-650","-1.66","305556096000"
"030610","교보증권","KOSPI","증권","13310","-1280","-8.77","1516847010910"
"339770","교촌에프앤비","KOSPI","유통","4380","-125","-2.77","218847050400"
"007690","국도화학","KOSPI","화학","37900","-1850","-4.65","350985532800"
"002720","국제약품","KOSPI","제약","4815","40","0.84","101884591080"
"083420","그린케미칼","KOSPI","화학","5940","-90","-1.49","142560000000"
"014530","극동유화","KOSPI","화학","4615","1065","30.00","160922373300"
"014280","금강공업","KOSPI","금속","5100","-410","-7.44","149579720700"
"014285","금강공업우","KOSPI","금속","7150","-370","-4.92","4217606250"
"008870","금비","KOSPI","비금속","47800","0","0.00","47800000000"
"001570","금양","KOSPI","화학","9900","0","0.00","633275240400"
"002990","금호건설","KOSPI","건설","4890","-70","-1.41","180914156400"
"002995","금호건설우","KOSPI","건설","14460","-720","-4.74","4226166360"
"011780","금호석유화학","KOSPI","화학","138500","-14900","-9.71","3605396267000"
"011785","금호석유화학우","KOSPI","화학","65200","-4100","-5.92","197131287200"
"214330","금호에이치티","KOSPI","운송장비·부품","501","-5","-0.99","109241301510"
"001210","금호전기","KOSPI","전기·전자","831","-107","-11.41","51151371507"
"073240","금호타이어","KOSPI","화학","6730","-250","-3.58","1933261731510"
"092440","기신정기","KOSPI","기계·장비","2315","-50","-2.11","67598000000"
"000270","기아","KOSPI","운송장비·부품","182300","-23200","-11.29","71172289535400"
"024110","기업은행","KOSPI","은행","25100","-650","-2.52","20015389311900"
"013700","까뮤이앤씨","KOSPI","건설","1250","-70","-5.30","74688537500"
"004540","깨끗한나라","KOSPI","종이·목재","1967","-108","-5.20","73252443131"
"004545","깨끗한나라우","KOSPI","종이·목재","10410","-840","-7.47","3811725600"
"001260","남광토건","KOSPI","건설","8450","-340","-3.87","83085233400"
"008350","남선알미늄","KOSPI","금속","1170","5","0.43","151022535300"
"008355","남선알미우","KOSPI","금속","13760","270","2.00","4236566400"
"004270","남성","KOSPI","유통","773","-18","-2.28","27991999680"
"003920","남양유업","KOSPI","음식료·담배","49400","-1500","-2.95","296400000000"
"003925","남양유업우","KOSPI","음식료·담배","34150","-1800","-5.01","68300000000"
"025860","남해화학","KOSPI","화학","7350","-20","-0.27","365139496050"
"005720","넥센","KOSPI","화학","6660","-270","-3.90","356602886820"
"005725","넥센우","KOSPI","화학","4505","-70","-1.53","16220703000"
"002350","넥센타이어","KOSPI","화학","8480","-500","-5.57","828223596960"
"002355","넥센타이어1우B","KOSPI","화학","4495","-130","-2.81","29217500000"
"092790","넥스틸","KOSPI","금속","11430","-230","-1.97","297202860000"
"251270","넷마블","KOSPI","IT 서비스","51400","-1200","-2.28","4418010002800"
"090350","노루페인트","KOSPI","화학","8640","-230","-2.59","172800000000"
"090355","노루페인트우","KOSPI","화학","12780","-400","-3.03","5918750280"
"000320","노루홀딩스","KOSPI","기타금융","24550","-2350","-8.74","326297757050"
"000325","노루홀딩스우","KOSPI","기타금융","30800","-1500","-4.64","7501617200"
"006280","녹십자","KOSPI","제약","162100","-7000","-4.14","1894387809800"
"005250","녹십자홀딩스","KOSPI","일반서비스","15420","-510","-3.20","725174998200"
"005257","녹십자홀딩스2우","KOSPI","일반서비스","24100","-700","-2.82","20388359000"
"004370","농심","KOSPI","음식료·담배","419000","-11000","-2.56","2548626998000"
"072710","농심홀딩스","KOSPI","기타금융","97300","-3700","-3.66","451256967000"
"058730","다스코","KOSPI","금속","3280","-170","-4.93","63442288080"
"030210","다올투자증권","KOSPI","증권","4445","-245","-5.22","270749866170"
"023590","다우기술","KOSPI","IT 서비스","51300","-3000","-5.52","2301657452100"
"145210","다이나믹디자인","KOSPI","기계·장비","363","-7","-1.89","15331910484"
"483650","달바글로벌","KOSPI","화학","158600","-10900","-6.43","1965476669000"
"019680","대교","KOSPI","일반서비스","1607","-79","-4.69","136117479950"
"019685","대교우B","KOSPI","일반서비스","1088","-24","-2.16","21136565120"
"006370","대구백화점","KOSPI","유통","4645","-225","-4.62","50266383095"
"008060","대덕","KOSPI","기타금융","11600","-770","-6.22","393125740000"
"00806K","대덕1우","KOSPI","기타금융","9630","-120","-1.23","11674997910"
"353200","대덕전자","KOSPI","전기·전자","58700","-3900","-6.23","2900773497500"
"35320K","대덕전자1우","KOSPI","전기·전자","16970","-730","-4.12","35560957430"
"000490","대동","KOSPI","기계·장비","10510","-790","-6.99","302970351150"
"008110","대동전자","KOSPI","전기·전자","15040","0","0.00","157776322880"
"005750","대림바스","KOSPI","비금속","5180","-170","-3.18","86362203200"
"006570","대림통상","KOSPI","금속","2000","-70","-3.38","30450000000"
"001680","대상","KOSPI","음식료·담배","21950","-650","-2.88","760524148750"
"001685","대상우","KOSPI","음식료·담배","17470","-120","-0.68","23937795810"
"084690","대상홀딩스","KOSPI","기타금융","9850","-290","-2.86","356693499300"
"084695","대상홀딩스우","KOSPI","기타금융","13830","-380","-2.67","12633456060"
"128820","대성산업","KOSPI","유통","10870","2450","29.10","491709645860"
"117580","대성에너지","KOSPI","전기·가스","10450","2410","29.98","287375000000"
"016710","대성홀딩스","KOSPI","일반서비스","9240","200","2.21","148666601160"
"0030R0","대신밸류리츠","KOSPI","기타금융","4455","-45","-1.00","266319900000"
"003540","대신증권","KOSPI","증권","41400","-3450","-7.69","2102018760000"
"003547","대신증권2우B","KOSPI","증권","25450","-1300","-4.86","254500000000"
"003545","대신증권우","KOSPI","증권","26400","-1450","-5.21","686400000000"
"009190","대양금속","KOSPI","금속","1184","-16","-1.33","51140068000"
"014160","대영포장","KOSPI","종이·목재","1025","-33","-3.12","111104412725"
"047040","대우건설","KOSPI","건설","8900","-1240","-12.23","3699041478200"
"003090","대웅","KOSPI","제약","25900","-1050","-3.90","1505877282000"
"069620","대웅제약","KOSPI","제약","178600","2300","1.30","2069362295000"
"000430","대원강업","KOSPI","운송장비·부품","4110","-310","-7.01","254820000000"
"006340","대원전선","KOSPI","전기·전자","5930","-860","-12.67","457052799030"
"006345","대원전선우","KOSPI","전기·전자","4115","-595","-12.63","10786238000"
"003220","대원제약","KOSPI","제약","11110","-320","-2.80","249170447130"
"024890","대원화성","KOSPI","화학","786","-31","-3.79","32421833472"
"002880","대유에이텍","KOSPI","운송장비·부품","983","-26","-2.58","45978837085"
"012800","대창","KOSPI","금속","1435","-78","-5.16","130786616065"
"015230","대창단조","KOSPI","운송장비·부품","6680","-120","-1.76","190862496400"
"001070","대한방직","KOSPI","섬유·의류","7110","-360","-4.82","37683000000"
"006650","대한유화","KOSPI","화학","165100","-24800","-13.06","1073150000000"
"001440","대한전선","KOSPI","전기·전자","32050","-3950","-10.97","5975635965000"
"084010","대한제강","KOSPI","금속","12110","-770","-5.98","416240027560"
"001790","대한제당","KOSPI","음식료·담배","2820","-15","-0.53","252944355600"
"001795","대한제당우","KOSPI","음식료·담배","2415","-20","-0.82","15655865400"
"001130","대한제분","KOSPI","음식료·담배","153100","-2500","-1.61","258739000000"
"439260","대한조선","KOSPI","운송장비·부품","96000","-3500","-3.52","3698525952000"
"003490","대한항공","KOSPI","운송·창고","25200","-2900","-10.32","9279160657200"
"003495","대한항공우","KOSPI","운송·창고","23700","-1100","-4.44","26325817800"
"005880","대한해운","KOSPI","운송·창고","2820","650","29.95","910147498800"
"003830","대한화섬","KOSPI","화학","124600","-7100","-5.39","165468800000"
"016090","대현","KOSPI","섬유·의류","1688","-23","-1.34","74748539280"
"069460","대호에이엘","KOSPI","금속","558","-38","-6.38","48586149216"
"475560","더본코리아","KOSPI","유통","23000","-650","-2.75","341043310000"
"192080","더블유게임즈","KOSPI","IT 서비스","51900","-1100","-2.08","1098902989200"
"012510","더존비즈온","KOSPI","IT 서비스","118400","0","0.00","3597321625600"
"004830","덕성","KOSPI","화학","4780","-165","-3.34","74950400000"
"004835","덕성우","KOSPI","화학","6410","-550","-7.90","8922720000"
"145720","덴티움","KOSPI","의료·정밀기기","48700","-1800","-3.56","499362495000"
"002150","도화엔지니어링","KOSPI","일반서비스","6440","-200","-3.01","217156800000"
"460850","동국씨엠","KOSPI","금속","5880","-80","-1.34","175804097280"
"460860","동국제강","KOSPI","금속","9380","-890","-8.67","465323199460"
"001230","동국홀딩스","KOSPI","기타금융","9790","-70","-0.71","311326728570"
"023450","동남합성","KOSPI","화학","31000","-100","-0.32","108500000000"
"004140","동방","KOSPI","운송·창고","2880","235","8.88","138158686080"
"007590","동방아그로","KOSPI","화학","5900","-60","-1.01","80343704300"
"005960","동부건설","KOSPI","건설","8880","-240","-2.63","203766367440"
"005965","동부건설우","KOSPI","건설","19470","-630","-3.13","4395002040"
"026960","동서","KOSPI","유통","26850","-600","-2.19","2676945000000"
"002210","동성제약","KOSPI","제약","973","0","0.00","25900780311"
"102260","동성케미컬","KOSPI","화학","4300","-125","-2.82","215760201300"
"000640","동아쏘시오홀딩스","KOSPI","기타금융","114500","-2400","-2.05","748421693000"
"170900","동아에스티","KOSPI","제약","50200","-2100","-4.02","469503080200"
"028100","동아지질","KOSPI","건설","17400","-500","-2.79","232977334800"
"001520","동양","KOSPI","비금속","902","-64","-6.63","215293024826"
"001527","동양2우B","KOSPI","비금속","8180","-620","-7.05","2524094420"
"084670","동양고속","KOSPI","운송·창고","46000","-3950","-7.91","133196174000"
"082640","동양생명","KOSPI","보험","7240","-340","-4.49","1168236155400"
"001525","동양우","KOSPI","비금속","4585","-95","-2.03","2832296635"
"018500","동원금속","KOSPI","운송장비·부품","1553","-99","-5.99","72610410949"
"006040","동원산업","KOSPI","기타금융","41500","-1400","-3.26","1832141419000"
"030720","동원수산","KOSPI","농업, 임업 및 어업","5900","-20","-0.34","27457449500"
"014820","동원시스템즈","KOSPI","화학","25550","-900","-3.40","740727255100"
"014825","동원시스템즈우","KOSPI","화학","16660","-710","-4.09","4400089260"
"111380","동인기연","KOSPI","섬유·의류","15120","-290","-1.88","92655360000"
"163560","동일고무벨트","KOSPI","화학","6790","-290","-4.10","94381000000"
"004890","동일산업","KOSPI","금속","39000","-600","-1.52","94583385000"
"002690","동일제강","KOSPI","금속","1624","-7","-0.43","32967784640"
"000020","동화약품","KOSPI","제약","6150","-150","-2.38","171778540500"
"000150","두산","KOSPI","기타금융","1152000","-126000","-9.86","18655297920000"
"000157","두산2우B","KOSPI","기타금융","512000","-55000","-9.70","457235456000"
"454910","두산로보틱스","KOSPI","기계·장비","98300","-8200","-7.70","6371804034000"
"241560","두산밥캣","KOSPI","기계·장비","64900","-100","-0.15","6221058618500"
"034020","두산에너빌리티","KOSPI","기계·장비","96900","-9400","-8.84","62070375047400"
"000155","두산우","KOSPI","기타금융","553000","-60000","-9.79","2210043486000"
"336260","두산퓨얼셀","KOSPI","전기·전자","39500","-300","-0.75","2587002177000"
"33626K","두산퓨얼셀1우","KOSPI","전기·전자","7650","-250","-3.16","102236130000"
"33626L","두산퓨얼셀2우B","KOSPI","전기·전자","9980","-210","-2.06","29803274000"
"016740","두올","KOSPI","운송장비·부품","4450","-150","-3.26","127599406800"
"192650","드림텍","KOSPI","전기·전자","7210","-580","-7.45","497303974790"
"024090","디씨엠","KOSPI","금속","12370","-80","-0.64","141018000000"
"003160","디아이","KOSPI","의료·정밀기기","32550","-3450","-9.58","921165000000"
"092200","디아이씨","KOSPI","운송장비·부품","9450","-730","-7.17","367496977050"
"377190","디앤디플랫폼리츠","KOSPI","부동산","3125","-35","-1.11","276250000000"
"013570","디와이","KOSPI","기타금융","5090","-130","-2.49","133966931970"
"024900","디와이덕양","KOSPI","운송장비·부품","2100","-90","-4.11","68386458000"
"210540","디와이파워","KOSPI","기계·장비","14270","-280","-1.92","157565173160"
"032350","롯데관광개발","KOSPI","일반서비스","21950","-1200","-5.18","1747252354300"
"089860","롯데렌탈","KOSPI","일반서비스","33000","-750","-2.22","1198209804000"
"330590","롯데리츠","KOSPI","부동산","4620","-230","-4.74","1335036244080"
"000400","롯데손해보험","KOSPI","보험","2140","-160","-6.96","664119724800"
"023530","롯데쇼핑","KOSPI","유통","103700","-4000","-3.71","2933543893500"
"020150","롯데에너지머티리얼즈","KOSPI","전기·전자","40150","-4550","-10.18","2102473339450"
"280360","롯데웰푸드","KOSPI","음식료·담배","123700","-3300","-2.60","1150975803800"
"286940","롯데이노베이트","KOSPI","IT 서비스","22500","-1250","-5.26","340410757500"
"004000","롯데정밀화학","KOSPI","화학","49350","-1750","-3.42","1273230000000"
"004990","롯데지주","KOSPI","기타금융","33700","-2050","-5.73","3535441286900"
"00499K","롯데지주우","KOSPI","기타금융","30550","-1600","-4.98","24611171650"
"005300","롯데칠성","KOSPI","음식료·담배","132800","-6300","-4.53","1232235795200"
"005305","롯데칠성우","KOSPI","음식료·담배","87500","-4100","-4.48","67839625000"
"011170","롯데케미칼","KOSPI","화학","84300","-11600","-12.10","3605967821700"
"071840","롯데하이마트","KOSPI","유통","8300","-290","-3.38","195944009600"
"027740","마니커","KOSPI","음식료·담배","820","-25","-2.96","52079206960"
"357430","마스턴프리미어리츠","KOSPI","부동산","1510","-30","-1.95","46063013570"
"001080","만호제강","KOSPI","금속","54400","0","0.00","225760000000"
"088980","맥쿼리인프라","KOSPI","기타금융","11330","-110","-0.96","5426186180690"
"094800","맵스리얼티","KOSPI","기타금융","6990","150","2.19","648911973690"
"138040","메리츠금융지주","KOSPI","기타금융","120300","-6800","-5.35","21079179291900"
"090370","메타랩스","KOSPI","섬유·의류","1582","-31","-1.92","39399217998"
"118000","메타케어","KOSPI","유통","325","-12","-3.56","55827643300"
"017180","명문제약","KOSPI","제약","1862","-36","-1.90","63221331348"
"009900","명신산업","KOSPI","운송장비·부품","10070","-1350","-11.82","528374239310"
"317450","명인제약","KOSPI","제약","63000","-3200","-4.83","919800000000"
"012690","모나리자","KOSPI","종이·목재","2080","-90","-4.15","76068210400"
"005360","모나미","KOSPI","유통","1787","-33","-1.81","33769487609"
"070960","모나용평","KOSPI","일반서비스","3165","-90","-2.76","152341998945"
"009680","모토닉","KOSPI","운송장비·부품","10750","-470","-4.19","301537500000"
"009580","무림P&P","KOSPI","종이·목재","2485","-35","-1.39","154985285140"
"009200","무림페이퍼","KOSPI","종이·목재","2030","-70","-3.33","84466899300"
"033920","무학","KOSPI","음식료·담배","9690","180","1.89","276165000000"
"008420","문배철강","KOSPI","금속","2135","-30","-1.39","43774983175"
"025560","미래산업","KOSPI","의료·정밀기기","14400","-430","-2.90","64550217600"
"007120","미래아이앤지","KOSPI","IT 서비스","1195","-56","-4.48","34509936560"
"396690","미래에셋글로벌리츠","KOSPI","부동산","2520","-25","-0.98","99806968800"
"357250","미래에셋맵스리츠","KOSPI","부동산","2510","0","0.00","62737713550"
"085620","미래에셋생명","KOSPI","보험","12200","-1120","-8.41","2159597505800"
"006800","미래에셋증권","KOSPI","증권","66600","-5400","-7.50","37767909884400"
"00680K","미래에셋증권2우B","KOSPI","증권","21500","-1550","-6.72","2938587363000"
"006805","미래에셋증권우","KOSPI","증권","23350","-1800","-7.16","328668762500"
"081660","미스토홀딩스","KOSPI","유통","48950","-50","-0.10","2598845568000"
"002840","미원상사","KOSPI","화학","140000","-1700","-1.20","665000000000"
"268280","미원에스씨","KOSPI","화학","132400","1200","0.91","662000000000"
"107590","미원홀딩스","KOSPI","기타금융","69400","400","0.58","161008000000"
"134380","미원화학","KOSPI","화학","109000","-600","-0.55","239720212000"
"003650","미창석유","KOSPI","화학","149200","14300","10.60","259559062400"
"377740","바이오노트","KOSPI","제약","5570","-50","-0.89","568452187360"
"003610","방림","KOSPI","섬유·의류","5850","-80","-1.35","235182624300"
"035150","백산","KOSPI","화학","13190","-130","-0.98","267890918070"
"002410","범양건영","KOSPI","건설","1935","0","0.00","53173451700"
"007210","벽산","KOSPI","비금속","1962","-34","-1.70","131179320000"
"002760","보락","KOSPI","화학","1183","-32","-2.63","70861700000"
"003850","보령","KOSPI","제약","9810","-140","-1.41","841572500670"
"000890","보해양조","KOSPI","음식료·담배","485","-9","-1.82","66988262565"
"003000","부광약품","KOSPI","제약","5100","-510","-9.09","503189822100"
"001270","부국증권","KOSPI","증권","79700","-10600","-11.74","826479914200"
"001275","부국증권우","KOSPI","증권","34100","-750","-2.15","102300000000"
"026940","부국철강","KOSPI","금속","2025","-65","-3.11","40500000000"
"011390","부산산업","KOSPI","비금속","79200","-5600","-6.60","83635200000"
"005030","부산주공","KOSPI","운송장비·부품","486","0","0.00","38288532168"
"006740","블루산업개발","KOSPI","종이·목재","582","-26","-4.28","33159792216"
"002070","비비안","KOSPI","섬유·의류","521","-24","-4.40","23547156117"
"100220","비상교육","KOSPI","오락·문화","5290","-180","-3.29","68752759890"
"090460","비에이치","KOSPI","전기·전자","17790","-1550","-8.01","599728261020"
"005180","빙그레","KOSPI","음식료·담배","78200","-3700","-4.52","747255974600"
"003960","사조대림","KOSPI","음식료·담배","35700","-1400","-3.77","327171471900"
"008040","사조동아원","KOSPI","음식료·담배","1064","9","0.85","150177854400"
"007160","사조산업","KOSPI","음식료·담배","58800","-4300","-6.81","294000000000"
"014710","사조씨푸드","KOSPI","음식료·담배","8550","-450","-5.00","147218542650"
"006090","사조오양","KOSPI","음식료·담배","8550","-200","-2.29","80564418450"
"062040","산일전기","KOSPI","전기·전자","150200","-16500","-9.90","4587889040000"
"001470","삼부토건","KOSPI","건설","347","0","0.00","79699592928"
"028050","삼성E&A","KOSPI","일반서비스","35150","-1250","-3.43","6889400000000"
"448730","삼성FN리츠","KOSPI","부동산","5230","-310","-5.60","476191500000"
"006400","삼성SDI","KOSPI","전기·전자","408000","-58000","-12.45","32878896240000"
"006405","삼성SDI우","KOSPI","전기·전자","236000","-40500","-14.65","381823456000"
"006660","삼성공조","KOSPI","운송장비·부품","12750","-620","-4.64","103610503500"
"028260","삼성물산","KOSPI","유통","317000","-33500","-9.56","53882564448000"
"02826K","삼성물산우B","KOSPI","유통","192800","-24200","-11.15","282951352000"
"207940","삼성바이오로직스","KOSPI","제약","1681000","-97000","-5.46","77815088631000"
"032830","삼성생명","KOSPI","보험","221500","-8500","-3.70","44300000000000"
"018260","삼성에스디에스","KOSPI","IT 서비스","177600","-17400","-8.92","13742297280000"
"0126Z0","삼성에피스홀딩스","KOSPI","기타금융","598000","-77000","-11.41","14880063302000"
"009150","삼성전기","KOSPI","전기·전자","409000","-39500","-8.81","30549721664000"
"009155","삼성전기우","KOSPI","전기·전자","169300","-19200","-10.19","492152391200"
"005930","삼성전자","KOSPI","전기·전자","195100","-21400","-9.88","1154921358582200"
"005935","삼성전자우","KOSPI","전기·전자","129200","-14600","-10.15","105423926588800"
"001360","삼성제약","KOSPI","제약","1846","-145","-7.28","173823197834"
"010140","삼성중공업","KOSPI","운송장비·부품","28000","-950","-3.28","24640000000000"
"016360","삼성증권","KOSPI","증권","100500","-6300","-5.90","8974650000000"
"068290","삼성출판사","KOSPI","오락·문화","9610","-390","-3.90","96100000000"
"029780","삼성카드","KOSPI","기타금융","61900","-1100","-1.75","7171665352900"
"000810","삼성화재","KOSPI","보험","522000","-8000","-1.51","24017822910000"
"000815","삼성화재우","KOSPI","보험","401500","-10000","-2.43","1244453265000"
"006110","삼아알미늄","KOSPI","금속","29400","-1750","-5.62","444629577000"
"0120G0","삼양바이오팜","KOSPI","제약","94500","-2600","-2.68","702689715000"
"145990","삼양사","KOSPI","음식료·담배","50400","-700","-1.37","519797829600"
"145995","삼양사우","KOSPI","음식료·담배","36150","-350","-0.96","13378030500"
"003230","삼양식품","KOSPI","음식료·담배","1172000","-49000","-4.01","8828693580000"
"002170","삼양통상","KOSPI","섬유·의류","59600","-1100","-1.81","178800000000"
"272550","삼양패키징","KOSPI","화학","12220","-190","-1.53","184135921320"
"000070","삼양홀딩스","KOSPI","기타금융","74100","-400","-0.54","575252453100"
"003720","삼영","KOSPI","화학","7260","-270","-3.59","246840000000"
"002810","삼영무역","KOSPI","유통","20000","-900","-4.31","369338960000"
"005680","삼영전자","KOSPI","전기·전자","12050","-260","-2.11","241000000000"
"023000","삼원강재","KOSPI","운송장비·부품","2400","-40","-1.64","96000000000"
"004380","삼익THK","KOSPI","기계·장비","9960","0","0.00","206172000000"
"002450","삼익악기","KOSPI","기타제조","1190","-17","-1.41","107731788850"
"004440","삼일씨엔에스","KOSPI","비금속","5240","-490","-8.55","66715402280"
"000520","삼일제약","KOSPI","제약","10710","-470","-4.20","232319295810"
"009770","삼정펄프","KOSPI","종이·목재","36300","800","2.25","90748947300"
"005500","삼진제약","KOSPI","제약","18540","-340","-1.80","246952800000"
"004690","삼천리","KOSPI","전기·가스","147400","-5100","-3.34","597710685000"
"010960","삼호개발","KOSPI","건설","4075","-40","-0.97","98289000000"
"004450","삼화왕관","KOSPI","금속","29300","-700","-2.33","63123304700"
"009470","삼화전기","KOSPI","전기·전자","41500","-3400","-7.57","274473530000"
"011230","삼화전자","KOSPI","전기·전자","2595","-80","-2.99","49735212075"
"001820","삼화콘덴서","KOSPI","전기·전자","49550","-4350","-8.07","515072250000"
"000390","삼화페인트","KOSPI","화학","8270","-400","-4.61","224972688630"
"001290","상상인증권","KOSPI","증권","1250","-250","-16.67","135421400000"
"041650","상신브레이크","KOSPI","운송장비·부품","2650","-100","-3.64","56899342500"
"075180","새론오토모티브","KOSPI","운송장비·부품","3150","-60","-1.87","60480000000"
"007540","샘표","KOSPI","기타금융","57600","-7400","-11.38","165646080000"
"248170","샘표식품","KOSPI","음식료·담배","28700","-1200","-4.01","131109808200"
"007860","서연","KOSPI","기타금융","10410","-950","-8.36","244425176040"
"200880","서연이화","KOSPI","운송장비·부품","15000","-1590","-9.58","405426555000"
"017390","서울가스","KOSPI","전기·가스","73800","6200","9.17","369000000000"
"031210","서울보증보험","KOSPI","보험","56700","-1600","-2.74","3958884606600"
"004410","서울식품","KOSPI","음식료·담배","212","-28","-11.67","82717128832"
"004415","서울식품우","KOSPI","음식료·담배","1222","-53","-4.16","2718339000"
"021050","서원","KOSPI","금속","1330","6","0.45","63141204700"
"008490","서흥","KOSPI","화학","22150","-200","-0.89","256255852950"
"007610","선도전기","KOSPI","전기·전자","3000","0","0.00","54000000000"
"136490","선진","KOSPI","음식료·담배","11900","-550","-4.42","282977287600"
"014910","성문전자","KOSPI","전기·전자","1695","-85","-4.78","38071369575"
"014915","성문전자우","KOSPI","전기·전자","4275","-270","-5.94","2565000000"
"004980","성신양회","KOSPI","비금속","9600","-250","-2.54","235354300800"
"004985","성신양회우","KOSPI","비금속","11220","-280","-2.43","8253936900"
"011300","성안머티리얼스","KOSPI","섬유·의류","361","-7","-1.90","56318265275"
"000180","성창기업지주","KOSPI","일반서비스","1630","-37","-2.22","113695108000"
"002420","세기상사","KOSPI","유통","6460","1490","29.98","38565864080"
"004360","세방","KOSPI","운송·창고","15690","-120","-0.76","299923811070"
"004365","세방우","KOSPI","운송·창고","9800","-210","-2.10","36154650000"
"004490","세방전지","KOSPI","전기·전자","65600","-3300","-4.79","909216000000"
"001430","세아베스틸지주","KOSPI","금속","67000","-2100","-3.04","2402761973000"
"306200","세아제강","KOSPI","금속","129700","-3100","-2.33","367868110000"
"003030","세아제강지주","KOSPI","기타금융","137000","-5000","-3.52","567407009000"
"058650","세아홀딩스","KOSPI","금속","155000","-4300","-2.70","668551580000"
"013000","세우글로벌","KOSPI","유통","1107","-10","-0.90","31776469317"
"021820","세원정공","KOSPI","운송장비·부품","16550","-70","-0.42","165500000000"
"067830","세이브존I&C","KOSPI","유통","3060","-170","-5.26","125585138700"
"075580","세진중공업","KOSPI","운송장비·부품","17960","-1770","-8.97","1021016229760"
"068270","셀트리온","KOSPI","제약","225000","-13500","-5.66","51985858725000"
"336370","솔루스첨단소재","KOSPI","전기·전자","8330","-620","-6.93","584910475520"
"33637K","솔루스첨단소재1우","KOSPI","전기·전자","2015","-130","-6.06","34071163490"
"33637L","솔루스첨단소재2우B","KOSPI","전기·전자","3475","-75","-2.11","13129578600"
"248070","솔루엠","KOSPI","전기·전자","18100","-380","-2.06","865473871600"
"004430","송원산업","KOSPI","화학","9160","-470","-4.88","219840000000"
"017550","수산세보틱스","KOSPI","기계·장비","1885","-13","-0.68","117622360050"
"126720","수산인더스트리","KOSPI","건설","26250","-1700","-6.08","375007500000"
"053210","스카이라이프","KOSPI","오락·문화","5010","-90","-1.76","238090004550"
"204210","스타에스엠리츠","KOSPI","부동산","2035","0","0.00","15927568525"
"026890","스틱인베스트먼트","KOSPI","기타금융","11810","-100","-0.84","492219246750"
"134790","시디즈","KOSPI","기타제조","19970","-1330","-6.24","39940000000"
"462870","시프트업","KOSPI","IT 서비스","30900","-1450","-4.48","1822616106000"
"016590","신대양제지","KOSPI","종이·목재","14280","-830","-5.49","575452869600"
"029530","신도리코","KOSPI","전기·전자","56100","-2800","-4.75","565489626900"
"004970","신라교역","KOSPI","농업, 임업 및 어업","9730","-310","-3.09","155680000000"
"011930","신성이엔지","KOSPI","전기·전자","2160","-290","-11.84","444632006160"
"004170","신세계","KOSPI","유통","359500","-9000","-2.44","3467442569500"
"035510","신세계 I&C","KOSPI","IT 서비스","16540","-920","-5.27","231244086000"
"031430","신세계인터내셔날","KOSPI","유통","12670","-620","-4.67","447795810000"
"031440","신세계푸드","KOSPI","일반서비스","50300","-1600","-3.08","194785744000"
"006880","신송홀딩스","KOSPI","유통","6870","30","0.44","81264254460"
"005800","신영와코루","KOSPI","섬유·의류","16620","-610","-3.54","149580000000"
"001720","신영증권","KOSPI","증권","200500","-25000","-11.09","3296220000000"
"009270","신원","KOSPI","섬유·의류","1420","-81","-5.40","162973958060"
"002700","신일전자","KOSPI","유통","1336","-41","-2.98","94919488056"
"002870","신풍","KOSPI","유통","1160","-26","-2.19","40552092000"
"019170","신풍제약","KOSPI","제약","11300","-930","-7.60","598730387000"
"019175","신풍제약우","KOSPI","제약","17700","-910","-4.89","38940000000"
"481850","신한글로벌액티브리츠","KOSPI","기타금융","1162","-17","-1.44","50521045568"
"404990","신한서부티엔디리츠","KOSPI","부동산","4315","-60","-1.37","255035089020"
"293940","신한알파리츠","KOSPI","부동산","5670","-80","-1.39","685730497410"
"055550","신한지주","KOSPI","기타금융","96700","-200","-0.21","45899076708700"
"004080","신흥","KOSPI","유통","13890","-80","-0.57","130566000000"
"004770","써니전자","KOSPI","전기·전자","1567","-40","-2.49","55640155346"
"403550","쏘카","KOSPI","일반서비스","11540","-250","-2.12","378995549080"
"004920","씨아이테크","KOSPI","전기·전자","1097","-24","-2.14","57241319584"
"112610","씨에스윈드","KOSPI","금속","50300","-3400","-6.33","2121221570900"
"480370","씨케이솔루션","KOSPI","건설","3045","-265","-8.01","33296651745"
"308170","씨티알모빌리티","KOSPI","운송장비·부품","5500","-320","-5.50","47355000000"
"008700","아남전자","KOSPI","전기·전자","1217","-48","-3.79","93860905940"
"090430","아모레퍼시픽","KOSPI","화학","138600","-12800","-8.45","8107096397400"
"090435","아모레퍼시픽우","KOSPI","화학","48650","-3150","-6.08","513638429500"
"002790","아모레퍼시픽홀딩스","KOSPI","화학","28500","-2850","-9.09","2264558130000"
"00279K","아모레퍼시픽홀딩스3우C","KOSPI","화학","24400","-1500","-5.79","173049680000"
"002795","아모레퍼시픽홀딩스우","KOSPI","화학","12900","-370","-2.79","83124633000"
"002030","아세아","KOSPI","일반서비스","290500","-1000","-0.34","602103663000"
"183190","아세아시멘트","KOSPI","비금속","12330","-350","-2.76","455318023140"
"002310","아세아제지","KOSPI","종이·목재","10360","-370","-3.45","419398803600"
"012170","아센디오","KOSPI","오락·문화","1466","-37","-2.46","28430571936"
"267850","아시아나IDT","KOSPI","IT 서비스","10470","-310","-2.88","116217000000"
"020560","아시아나항공","KOSPI","운송·창고","7340","-420","-5.41","1511971818740"
"122900","아이마켓코리아","KOSPI","유통","7750","-150","-1.90","259073510000"
"010780","아이에스동서","KOSPI","비금속","30000","-1150","-3.69","905609280000"
"031820","아이티센씨티에스","KOSPI","IT 서비스","779","-50","-6.03","94299092014"
"139990","아주스틸","KOSPI","금속","3100","10","0.32","120141783400"
"009320","아진전자부품","KOSPI","운송장비·부품","1052","-38","-3.49","51863358040"
"001780","알루코","KOSPI","금속","2150","-90","-4.02","208184783800"
"018250","애경산업","KOSPI","화학","15030","-1020","-6.36","396941323050"
"161000","애경케미칼","KOSPI","화학","10040","-430","-4.11","488433038360"
"011090","에넥스","KOSPI","기타제조","476","-10","-2.06","28556021116"
"137310","에스디바이오센서","KOSPI","의료·정밀기기","8180","-260","-3.08","995907654360"
"005850","에스엘","KOSPI","운송장비·부품","68300","-5100","-6.95","3172433916000"
"010580","에스엠벡셀","KOSPI","운송장비·부품","2015","-55","-2.66","224172296400"
"012750","에스원","KOSPI","일반서비스","87200","-600","-0.68","3313528321600"
"023960","에쓰씨엔지니어링","KOSPI","건설","1452","-115","-7.34","55228235700"
"298690","에어부산","KOSPI","운송·창고","1782","-80","-4.30","207852480000"
"140910","에이리츠","KOSPI","부동산","3130","0","0.00","13969290160"
"078520","에이블씨엔씨","KOSPI","화학","10520","-970","-8.44","273668973720"
"015260","에이엔피","KOSPI","전기·전자","510","-91","-15.14","23009615940"
"007460","에이프로젠","KOSPI","금속","355","-37","-9.44","116903285650"
"003060","에이프로젠바이오로직스","KOSPI","제약","307","-21","-6.40","60911208415"
"244920","에이플러스에셋","KOSPI","기타금융","13500","-1270","-8.60","305203855500"
"278470","에이피알","KOSPI","화학","285500","-27000","-8.64","10687165752500"
"450080","에코프로머티","KOSPI","전기·전자","67800","-4100","-5.70","4783883521200"
"019490","엑시큐어하이트론","KOSPI","전기·전자","541","0","0.00","41349858070"
"036570","엔씨소프트","KOSPI","IT 서비스","219500","-11500","-4.98","4728912829000"
"085310","엔케이","KOSPI","금속","995","-5","-0.50","78485920390"
"900140","엘브이엠씨홀딩스","KOSPI","유통","1489","-91","-5.76","287735003248"
"066970","엘앤에프","KOSPI","전기·전자","112400","-13300","-10.58","4526742074400"
"097520","엠씨넥스","KOSPI","전기·전자","25700","-1600","-5.86","447218550000"
"484870","엠앤씨솔루션","KOSPI","기계·장비","136300","5100","3.89","1247676570000"
"014440","영보화학","KOSPI","화학","4860","-30","-0.61","97200000000"
"111770","영원무역","KOSPI","유통","98000","1100","1.14","4342523864000"
"009970","영원무역홀딩스","KOSPI","기타금융","244000","-5500","-2.20","3293813828000"
"003520","영진약품","KOSPI","제약","1937","-73","-3.63","354263219947"
"000670","영풍","KOSPI","금속","61400","-3200","-4.95","1109986130000"
"012280","영화금속","KOSPI","운송장비·부품","1086","-49","-4.32","56107652430"
"012160","영흥","KOSPI","금속","582","-64","-9.91","58962636504"
"007310","오뚜기","KOSPI","음식료·담배","388500","-9000","-2.26","1557041955000"
"002630","오리엔트바이오","KOSPI","제약","590","-18","-2.96","69963972950"
"271560","오리온","KOSPI","음식료·담배","131200","-2200","-1.65","5187140518400"
"001800","오리온홀딩스","KOSPI","기타금융","23600","-250","-1.05","1478431959200"
"005320","온타이드","KOSPI","유통","571","-29","-4.83","39042518990"
"011690","와이투솔루션","KOSPI","전기·전자","7490","-790","-9.54","274691211060"
"316140","우리금융지주","KOSPI","기타금융","35300","-700","-1.94","25912894096000"
"006980","우성","KOSPI","음식료·담배","22050","-200","-0.90","68134500000"
"017370","우신시스템","KOSPI","기계·장비","6220","-230","-3.57","113913415880"
"105840","우진","KOSPI","의료·정밀기기","22950","-2400","-9.47","463536526500"
"010400","우진아이엔에스","KOSPI","건설","3705","-110","-2.88","28239510000"
"049800","우진플라임","KOSPI","기계·장비","2700","-185","-6.41","54000000000"
"016880","웅진","KOSPI","일반서비스","2075","-45","-2.12","165848691000"
"095720","웅진씽크빅","KOSPI","일반서비스","1100","-32","-2.83","127056583500"
"005820","원림","KOSPI","섬유·의류","16390","-510","-3.02","37663728300"
"008600","윌비스","KOSPI","유통","263","-7","-2.59","17683078257"
"033270","유나이티드제약","KOSPI","제약","20250","200","1.00","330759895500"
"014830","유니드","KOSPI","화학","79900","-2200","-2.68","540731240000"
"446070","유니드비티플러스","KOSPI","종이·목재","3120","-90","-2.80","33106990800"
"000910","유니온","KOSPI","비금속","4265","-50","-1.16","66583555035"
"047400","유니온머티리얼","KOSPI","비금속","1469","-30","-2.00","61698000000"
"011330","유니켐","KOSPI","섬유·의류","1102","-53","-4.59","103065297156"
"077500","유니퀘스트","KOSPI","유통","6350","-380","-5.65","137160647700"
"002920","유성기업","KOSPI","운송장비·부품","2280","10","0.44","59160300000"
"000700","유수홀딩스","KOSPI","일반서비스","6210","10","0.16","161719652520"
"003470","유안타증권","KOSPI","증권","4935","-255","-4.91","985009102560"
"003475","유안타증권우","KOSPI","증권","4550","-270","-5.60","58750564600"
"072130","유엔젤","KOSPI","IT 서비스","4630","40","0.87","59705952020"
"000220","유유제약","KOSPI","제약","4460","-155","-3.36","75964285460"
"000225","유유제약1우","KOSPI","제약","4780","-105","-2.15","10835925400"
"000227","유유제약2우B","KOSPI","제약","10320","-50","-0.48","3359779200"
"001200","유진투자증권","KOSPI","증권","4845","-455","-8.58","469317795210"
"000100","유한양행","KOSPI","제약","106500","-3700","-3.36","8482469506500"
"000105","유한양행우","KOSPI","제약","90400","-3600","-3.83","106756976000"
"003460","유화증권","KOSPI","증권","3960","-210","-5.04","224541563400"
"003465","유화증권우","KOSPI","증권","3585","-160","-4.27","62652983625"
"008730","율촌화학","KOSPI","화학","25200","-1200","-4.55","624960000000"
"008250","이건산업","KOSPI","종이·목재","4010","-145","-3.49","43920066350"
"025820","이구산업","KOSPI","금속","5420","-220","-3.90","181255640000"
"214320","이노션","KOSPI","일반서비스","19810","-240","-1.20","792400000000"
"088260","이리츠코크렙","KOSPI","부동산","4750","-155","-3.16","300872552500"
"139480","이마트","KOSPI","유통","100800","-4200","-4.00","2781658555200"
"457190","이수스페셜티케미컬","KOSPI","화학","105200","-10000","-8.68","3178468195200"
"007660","이수페타시스","KOSPI","전기·전자","115000","-12600","-9.87","8442060185000"
"005950","이수화학","KOSPI","화학","8610","-820","-8.70","226392795090"
"015020","이스타코","KOSPI","부동산","434","-38","-8.05","18597594400"
"074610","이엔플러스","KOSPI","기계·장비","5110","0","0.00","37494481920"
"102460","이연제약","KOSPI","제약","10630","-370","-3.36","197577800930"
"084680","이월드","KOSPI","기타제조","1590","-68","-4.10","225471846870"
"350520","이지스레지던스리츠","KOSPI","부동산","3790","-5","-0.13","139722905580"
"334890","이지스밸류플러스리츠","KOSPI","부동산","4100","-85","-2.03","284739600300"
"000760","이화산업","KOSPI","유통","15790","-1210","-7.12","44212000000"
"014990","인디에프","KOSPI","섬유·의류","833","-49","-5.56","62569124835"
"101140","인바이오젠","KOSPI","유통","9020","-560","-5.85","90598828320"
"006490","인스코비","KOSPI","통신","465","4","0.87","58537044405"
"023800","인지컨트롤스","KOSPI","운송장비·부품","6980","-310","-4.25","110348195060"
"034590","인천도시가스","KOSPI","전기·가스","27300","150","0.55","119430784200"
"129260","인터지스","KOSPI","운송·창고","2560","-20","-0.78","76154557440"
"023810","인팩","KOSPI","운송장비·부품","8150","-300","-3.55","81500000000"
"249420","일동제약","KOSPI","제약","35800","-3000","-7.73","1132649421600"
"000230","일동홀딩스","KOSPI","제약","11110","-430","-3.73","128213844000"
"013360","일성건설","KOSPI","건설","1700","-90","-5.03","91842296000"
"003120","일성아이에스","KOSPI","제약","23200","-1800","-7.20","308560000000"
"003200","일신방직","KOSPI","섬유·의류","13900","-550","-3.81","319144000000"
"007110","일신석재","KOSPI","유통","1739","-80","-4.40","134697044790"
"007570","일양약품","KOSPI","제약","13050","0","0.00","249067915200"
"007575","일양약품우","KOSPI","제약","12980","0","0.00","5777138400"
"008500","일정실업","KOSPI","섬유·의류","2950","165","5.92","17700000000"
"081000","일진다이아","KOSPI","화학","14590","-1060","-6.77","207221405250"
"020760","일진디스플","KOSPI","전기·전자","902","0","0.00","46465394382"
"103590","일진전기","KOSPI","전기·전자","83200","-6300","-7.04","3967424448000"
"271940","일진하이솔루스","KOSPI","운송장비·부품","18150","2130","13.30","659084398500"
"015860","일진홀딩스","KOSPI","기타금융","8820","-320","-3.50","435244800060"
"226320","잇츠한불","KOSPI","화학","11010","-550","-4.76","241441758150"
"317400","자이에스앤디","KOSPI","부동산","4495","-55","-1.21","174327427400"
"033240","자화전자","KOSPI","전기·전자","41600","-200","-0.48","905076057600"
"000950","전방","KOSPI","섬유·의류","38900","-1200","-2.99","65352000000"
"079900","전진건설로봇","KOSPI","기계·장비","56500","-3400","-5.68","824478792500"
"348950","제이알글로벌리츠","KOSPI","부동산","1911","30","1.59","377185536000"
"194370","제이에스코퍼레이션","KOSPI","섬유·의류","12700","-800","-5.93","368512826600"
"030000","제일기획","KOSPI","일반서비스","21350","-600","-2.73","2456130153750"
"271980","제일약품","KOSPI","제약","15280","-550","-3.47","224690444160"
"001560","제일연마","KOSPI","비금속","10530","550","5.51","103194000000"
"002620","제일파마홀딩스","KOSPI","일반서비스","8760","-220","-2.45","139926589800"
"006220","제주은행","KOSPI","은행","14700","-1230","-7.72","555638787900"
"089590","제주항공","KOSPI","운송·창고","5620","-470","-7.72","453202335700"
"004910","조광페인트","KOSPI","화학","5020","-150","-2.90","64256000000"
"004700","조광피혁","KOSPI","섬유·의류","70600","-5600","-7.35","469429142800"
"001550","조비","KOSPI","화학","14550","-40","-0.27","75547077450"
"462520","조선내화","KOSPI","비금속","14050","-170","-1.20","166565110400"
"120030","조선선재","KOSPI","금속","102400","-6000","-5.54","128783462400"
"018470","조일알미늄","KOSPI","금속","1198","-22","-1.80","151704801758"
"002600","조흥","KOSPI","음식료·담배","158700","-1900","-1.18","95220000000"
"185750","종근당","KOSPI","제약","91500","-1900","-2.03","1262954370000"
"063160","종근당바이오","KOSPI","제약","20300","-800","-3.79","111365028600"
"001630","종근당홀딩스","KOSPI","제약","50600","-1500","-2.88","253498966600"
"109070","주성코퍼레이션","KOSPI","전기·전자","782","-23","-2.86","41297599860"
"044380","주연테크","KOSPI","전기·전자","336","-33","-8.94","21665811552"
"013890","지누스","KOSPI","기타제조","12180","-300","-2.40","271060735680"
"013870","지엠비코리아","KOSPI","운송장비·부품","5340","-180","-3.26","101845975200"
"071320","지역난방공사","KOSPI","전기·가스","89900","-3300","-3.54","1040929085600"
"088790","진도","KOSPI","유통","2270","0","0.00","28256378880"
"003780","진양산업","KOSPI","화학","5900","-220","-3.59","76700000000"
"010640","진양폴리","KOSPI","화학","2640","-125","-4.52","26400000000"
"100250","진양홀딩스","KOSPI","화학","3100","-35","-1.12","173275405200"
"051630","진양화학","KOSPI","화학","2200","-180","-7.56","46640000000"
"272450","진에어","KOSPI","운송·창고","6710","-360","-5.09","350262000000"
"011000","진원생명과학","KOSPI","제약","1140","-72","-5.94","97367327040"
"002780","진흥기업","KOSPI","건설","763","-19","-2.43","110994941435"
"002787","진흥기업2우B","KOSPI","건설","8380","150","1.82","2470491040"
"002785","진흥기업우B","KOSPI","건설","3285","-170","-4.92","2815961130"
"025620","차AI헬스케어","KOSPI","화학","9900","-450","-4.35","180219332700"
"009310","참엔지니어링","KOSPI","기계·장비","1218","-362","-22.91","26656020132"
"000650","천일고속","KOSPI","운송·창고","250000","-20500","-7.58","357305000000"
"033250","체시스","KOSPI","운송장비·부품","1012","-10","-0.98","32384000000"
"035720","카카오","KOSPI","IT 서비스","56200","-6100","-9.79","24874438597800"
"323410","카카오뱅크","KOSPI","은행","25500","-1650","-6.08","12164556643500"
"377300","카카오페이","KOSPI","기타금융","62400","-4500","-6.73","8433439248000"
"006380","카프로","KOSPI","화학","3660","0","0.00","618539985360"
"001620","케이비아이동국실업","KOSPI","운송장비·부품","860","-27","-3.04","95712006660"
"029460","케이씨","KOSPI","의료·정밀기기","32150","-2900","-8.27","425385105450"
"281820","케이씨텍","KOSPI","의료·정밀기기","46450","-2700","-5.49","961065503350"
"381970","케이카","KOSPI","유통","14710","-190","-1.28","718154674080"
"145270","케이탑리츠","KOSPI","부동산","909","0","0.00","43687243566"
"417310","코람코더원리츠","KOSPI","부동산","8960","-140","-1.54","361984000000"
"357120","코람코라이프인프라리츠","KOSPI","부동산","4525","-60","-1.31","440442476850"
"007815","코리아써우","KOSPI","전기·전자","16110","-2050","-11.29","47761155900"
"007810","코리아써키트","KOSPI","전기·전자","53000","-5900","-10.02","1251899803000"
"00781K","코리아써키트2우B","KOSPI","전기·전자","12650","-530","-4.02","9913792350"
"003690","코리안리","KOSPI","보험","13450","-470","-3.38","2620342866950"
"192820","코스맥스","KOSPI","화학","177100","-12900","-6.79","2009998043900"
"044820","코스맥스비티아이","KOSPI","기타금융","14120","-970","-6.43","135607364520"
"005070","코스모신소재","KOSPI","화학","52000","-6400","-10.96","1690559312000"
"005420","코스모화학","KOSPI","화학","15500","-1570","-9.20","595327534000"
"071950","코아스","KOSPI","기타제조","2985","-545","-15.44","35582414895"
"002020","코오롱","KOSPI","기타금융","64500","-4400","-6.39","832545360000"
"138490","코오롱ENP","KOSPI","화학","12640","-40","-0.32","480320000000"
"003070","코오롱글로벌","KOSPI","건설","10220","-100","-0.97","259832860980"
"003075","코오롱글로벌우","KOSPI","건설","15880","-410","-2.52","11762903560"
"002025","코오롱우","KOSPI","기타금융","29000","-2050","-6.60","33652673000"
"120110","코오롱인더","KOSPI","화학","67400","-200","-0.30","1854786733400"
"120115","코오롱인더우","KOSPI","화학","28800","-550","-1.87","79714368000"
"021240","코웨이","KOSPI","일반서비스","81400","-500","-0.61","5853403426200"
"036420","콘텐트리중앙","KOSPI","오락·문화","6790","-180","-2.58","130791071320"
"024720","콜마홀딩스","KOSPI","기타금융","9970","-530","-5.05","341933702230"
"192400","쿠쿠홀딩스","KOSPI","기타금융","28850","-850","-2.86","1025969037250"
"284740","쿠쿠홈시스","KOSPI","일반서비스","25350","-750","-2.87","568786315500"
"264900","크라운제과","KOSPI","음식료·담배","8610","-190","-2.16","107830348500"
"26490K","크라운제과우","KOSPI","음식료·담배","9110","-210","-2.25","7047131600"
"005740","크라운해태홀딩스","KOSPI","기타금융","6810","-310","-4.35","101110433070"
"005745","크라운해태홀딩스우","KOSPI","기타금융","7650","-180","-2.30","4595553900"
"259960","크래프톤","KOSPI","IT 서비스","236000","-12500","-5.03","11187483476000"
"020120","키다리스튜디오","KOSPI","IT 서비스","3465","-190","-5.20","128425949190"
"039490","키움증권","KOSPI","증권","424500","-41500","-8.91","11509106401500"
"014580","태경비케이","KOSPI","비금속","4445","-115","-2.52","122606879500"
"015890","태경산업","KOSPI","화학","4860","-60","-1.22","142051725000"
"006890","태경케미컬","KOSPI","화학","7600","-210","-2.69","88160000000"
"003240","태광산업","KOSPI","화학","1288000","-161000","-11.11","1434059200000"
"011280","태림포장","KOSPI","종이·목재","1995","-55","-2.68","141257850300"
"004100","태양금속","KOSPI","운송장비·부품","2850","5","0.18","104595000000"
"004105","태양금속우","KOSPI","운송장비·부품","3760","-120","-3.09","12408000000"
"009410","태영건설","KOSPI","건설","1796","-73","-3.91","534471780088"
"009415","태영건설우","KOSPI","건설","6540","-300","-4.39","4250829960"
"001420","태원물산","KOSPI","운송장비·부품","2815","-120","-4.09","21394000000"
"055490","테이팩스","KOSPI","화학","15280","-520","-3.29","72880252000"
"078000","텔코웨어","KOSPI","IT 서비스","17860","-1140","-6.00","165027775220"
"214420","토니모리","KOSPI","화학","7200","-940","-11.55","173194552800"
"019180","티에이치엔","KOSPI","전기·전자","7520","-660","-8.07","135360000000"
"217590","티엠씨","KOSPI","전기·전자","14450","-1390","-8.78","348161551250"
"363280","티와이홀딩스","KOSPI","기타금융","2950","-115","-3.75","148766340600"
"36328K","티와이홀딩스우","KOSPI","기타금융","4400","-120","-2.65","5469261600"
"091810","티웨이항공","KOSPI","운송·창고","1282","-55","-4.11","430731532870"
"004870","티웨이홀딩스","KOSPI","비금속","387","-18","-4.44","43794272178"
"034230","파라다이스","KOSPI","오락·문화","18600","-1350","-6.77","1718743397400"
"005690","파미셀","KOSPI","제약","15000","-1240","-7.64","900254460000"
"036580","팜스코","KOSPI","음식료·담배","3705","-50","-1.33","136077028815"
"004720","팜젠사이언스","KOSPI","제약","3830","-95","-2.42","84085742660"
"028670","팬오션","KOSPI","운송·창고","6200","920","17.42","3314330974400"
"010820","퍼스텍","KOSPI","금속","7990","1270","18.90","389687784620"
"016800","퍼시스","KOSPI","기타제조","41900","-800","-1.87","481850000000"
"001020","페이퍼코리아","KOSPI","종이·목재","801","-48","-5.65","142564633713"
"090080","평화산업","KOSPI","운송장비·부품","942","-35","-3.58","51717927978"
"010770","평화홀딩스","KOSPI","운송장비·부품","4055","-135","-3.22","59306264630"
"022100","포스코DX","KOSPI","일반서비스","35000","-4300","-10.94","5321215515000"
"058430","포스코스틸리온","KOSPI","금속","46100","-1700","-3.56","276600000000"
"047050","포스코인터내셔널","KOSPI","유통","70400","-1800","-2.49","12384964275200"
"003670","포스코퓨처엠","KOSPI","전기·전자","226500","-20500","-8.30","20146318830000"
"017810","풀무원","KOSPI","음식료·담배","12600","-380","-2.93","480318829200"
"103140","풍산","KOSPI","금속","130600","14800","12.78","3659970706800"
"005810","풍산홀딩스","KOSPI","기타금융","41150","350","0.86","593271565800"
"950210","프레스티지바이오파마","KOSPI","일반서비스","10170","-480","-4.51","611177896350"
"009810","플레이그램","KOSPI","유통","1080","-11","-1.01","32807700000"
"086790","하나금융지주","KOSPI","기타금융","120100","-1700","-1.40","33426930261400"
"293480","하나제약","KOSPI","제약","10100","-280","-2.70","179506754600"
"039130","하나투어","KOSPI","일반서비스","44900","-3200","-6.65","695497946800"
"352820","하이브","KOSPI","오락·문화","359500","-28000","-7.23","15472694857500"
"071090","하이스틸","KOSPI","금속","3580","-60","-1.65","72285466180"
"000080","하이트진로","KOSPI","음식료·담배","17350","-420","-2.36","1216818150850"
"000087","하이트진로2우B","KOSPI","음식료·담배","14190","-170","-1.18","16036658220"
"000140","하이트진로홀딩스","KOSPI","기타금융","9520","-220","-2.26","220928402800"
"000145","하이트진로홀딩스우","KOSPI","기타금융","11500","-230","-1.96","5414315000"
"152550","한국ANKOR유전","KOSPI","기타금융","279","64","29.77","19535580000"
"036460","한국가스공사","KOSPI","전기·가스","40600","-600","-1.46","3747907800000"
"005430","한국공항","KOSPI","운송·창고","63800","-3200","-4.78","202013449000"
"071050","한국금융지주","KOSPI","기타금융","240500","-18000","-6.96","13402101076000"
"071055","한국금융지주우","KOSPI","기타금융","170400","-9100","-5.07","998245970400"
"010040","한국내화","KOSPI","비금속","2075","-10","-0.48","85214153650"
"025540","한국단자","KOSPI","전기·전자","76900","-3800","-4.71","777843500000"
"010100","한국무브넥스","KOSPI","운송장비·부품","5170","-760","-12.82","157428671400"
"004090","한국석유","KOSPI","비금속","21150","4850","29.75","268480638000"
"002200","한국수출포장","KOSPI","종이·목재","3120","-50","-1.58","124800000000"
"002960","한국쉘석유","KOSPI","화학","559000","51000","10.04","726700000000"
"000240","한국앤컴퍼니","KOSPI","기타금융","28700","-2600","-8.31","2724641388000"
"123890","한국자산신탁","KOSPI","기타금융","2890","-90","-3.02","353660646140"
"015760","한국전력","KOSPI","전기·가스","50900","-7600","-12.99","32675971519300"
"006200","한국전자홀딩스","KOSPI","기타금융","767","-93","-10.81","35898005312"
"027970","한국제지","KOSPI","종이·목재","810","-26","-3.11","154044371970"
"023350","한국종합기술","KOSPI","일반서비스","4585","-185","-3.88","50205750000"
"025890","한국주강","KOSPI","기계·장비","1624","-44","-2.64","18366236616"
"000970","한국주철관","KOSPI","금속","6830","-140","-2.01","155727415000"
"104700","한국철강","KOSPI","금속","9850","-350","-3.43","359032500000"
"017960","한국카본","KOSPI","금속","40600","-1300","-3.10","2107483151200"
"161890","한국콜마","KOSPI","화학","72800","-3500","-4.59","1718449605600"
"161390","한국타이어앤테크놀로지","KOSPI","화학","66800","-6100","-8.37","8274854609200"
"034830","한국토지신탁","KOSPI","기타금융","1542","-67","-4.16","389338392660"
"007280","한국특강","KOSPI","금속","1359","-28","-2.02","82645289649"
"047810","한국항공우주","KOSPI","운송장비·부품","197600","6100","3.19","19261081143200"
"123690","한국화장품","KOSPI","유통","9100","-480","-5.01","146218800000"
"003350","한국화장품제조","KOSPI","화학","49900","-3100","-5.85","226146800000"
"011500","한농화성","KOSPI","화학","24000","-2900","-10.78","375289008000"
"002390","한독","KOSPI","제약","10950","-200","-1.79","150710686350"
"053690","한미글로벌","KOSPI","일반서비스","19200","-1000","-4.95","210384960000"
"042700","한미반도체","KOSPI","기계·장비","282000","-41500","-12.83","26878040400000"
"008930","한미사이언스","KOSPI","기타금융","40450","-3150","-7.22","2766438197500"
"128940","한미약품","KOSPI","제약","571000","-22000","-3.71","7315075861000"
"009240","한샘","KOSPI","유통","46150","-3500","-7.05","1086090777200"
"020000","한섬","KOSPI","섬유·의류","23400","-350","-1.47","525043279800"
"003680","한성기업","KOSPI","음식료·담배","5140","-50","-0.96","31916907100"
"105630","한세실업","KOSPI","섬유·의류","13710","-580","-4.06","548400000000"
"069640","한세엠케이","KOSPI","유통","583","-24","-3.95","26122190666"
"016450","한세예스24홀딩스","KOSPI","섬유·의류","4930","15","0.31","197200000000"
"009180","한솔로지스틱스","KOSPI","운송·창고","3095","210","7.28","87142278375"
"213500","한솔제지","KOSPI","종이·목재","8650","-190","-2.15","205874982400"
"014680","한솔케미칼","KOSPI","화학","314500","-23500","-6.95","3564918827500"
"004710","한솔테크닉스","KOSPI","전기·전자","5900","-300","-4.84","189448280200"
"004150","한솔홀딩스","KOSPI","기타금융","3325","-130","-3.76","136413511500"
"025750","한솔홈데코","KOSPI","종이·목재","607","-19","-3.04","48903045443"
"004960","한신공영","KOSPI","건설","13290","-910","-6.41","153774629580"
"011700","한신기계","KOSPI","기계·장비","4565","-335","-6.84","148116679315"
"001750","한양증권","KOSPI","증권","24700","-1600","-6.08","314394789800"
"001755","한양증권우","KOSPI","증권","22200","-1800","-7.50","11655000000"
"018880","한온시스템","KOSPI","기계·장비","4175","-465","-10.02","4284646154600"
"009420","한올바이오파마","KOSPI","제약","59800","-1900","-3.08","3123990152400"
"014130","한익스프레스","KOSPI","운송·창고","2885","-85","-2.86","34620000000"
"300720","한일시멘트","KOSPI","비금속","17510","-700","-3.84","1287776609590"
"002220","한일철강","KOSPI","금속","4130","-115","-2.71","110260509800"
"003300","한일홀딩스","KOSPI","비금속","17200","200","1.18","530325604800"
"051600","한전KPS","KOSPI","건설","58100","-3900","-6.29","2614500000000"
"052690","한전기술","KOSPI","일반서비스","159600","-15500","-8.85","6099912000000"
"130660","한전산업","KOSPI","일반서비스","21550","-2500","-10.40","702530000000"
"002320","한진","KOSPI","운송·창고","20400","-800","-3.77","310794204000"
"003480","한진중공업홀딩스","KOSPI","전기·가스","5000","-210","-4.03","147649060000"
"180640","한진칼","KOSPI","기타금융","136500","-19800","-12.67","9113051083500"
"18064K","한진칼우","KOSPI","기타금융","40100","-2000","-4.75","21524316600"
"005110","한창","KOSPI","유통","1254","0","0.00","26467434378"
"009460","한창제지","KOSPI","종이·목재","529","1","0.19","31564100094"
"372910","한컴라이프케어","KOSPI","의료·정밀기기","2695","-50","-1.82","74582524170"
"000880","한화","KOSPI","화학","138500","1900","1.39","10381784797500"
"00088K","한화3우B","KOSPI","화학","55300","-800","-1.43","1073065587300"
"452260","한화갤러리아","KOSPI","유통","2820","-330","-10.48","546684100200"
"45226K","한화갤러리아우","KOSPI","유통","8410","-1510","-15.22","24426592700"
"451800","한화리츠","KOSPI","부동산","5040","-80","-1.56","905184000000"
"489790","한화비전","KOSPI","전기·전자","75800","-9600","-11.24","3827019962000"
"088350","한화생명","KOSPI","보험","4805","-150","-3.03","4173286650000"
"000370","한화손해보험","KOSPI","보험","7230","-380","-4.99","844022355450"
"009830","한화솔루션","KOSPI","화학","48350","-4650","-8.77","8311004115600"
"009835","한화솔루션우","KOSPI","화학","28200","-2250","-7.39","72624841800"
"272210","한화시스템","KOSPI","전기·전자","146700","33100","29.14","27714474366300"
"012450","한화에어로스페이스","KOSPI","운송장비·부품","1432000","237000","19.83","73838790232000"
"082740","한화엔진","KOSPI","기계·장비","51200","-2800","-5.19","4272493670400"
"042660","한화오션","KOSPI","운송장비·부품","135400","-5800","-4.11","41488373547600"
"003530","한화투자증권","KOSPI","증권","7530","-810","-9.71","1615544745750"
"003535","한화투자증권우","KOSPI","증권","9190","-600","-6.13","44112000000"
"195870","해성디에스","KOSPI","전기·전자","59900","-4700","-7.28","1018300000000"
"101530","해태제과식품","KOSPI","음식료·담배","6660","-160","-2.35","193918034520"
"143210","핸즈코퍼레이션","KOSPI","운송장비·부품","1129","-31","-2.67","24697718363"
"000720","현대건설","KOSPI","건설","150500","-14200","-8.62","16759042632500"
"000725","현대건설우","KOSPI","건설","69200","-9700","-12.29","72984755600"
"453340","현대그린푸드","KOSPI","유통","15600","-340","-2.13","511981797600"
"086280","현대글로비스","KOSPI","운송·창고","259500","-30000","-10.36","19462500000000"
"064350","현대로템","KOSPI","운송장비·부품","249000","18500","8.03","27176430957000"
"079430","현대리바트","KOSPI","기타제조","7170","-390","-5.16","147237971940"
"012330","현대모비스","KOSPI","운송장비·부품","468500","-48500","-9.38","42508215135500"
"069960","현대백화점","KOSPI","유통","102500","-7500","-6.82","2319453332500"
"004560","현대비앤지스틸","KOSPI","금속","19740","-2510","-11.28","297655729140"
"004310","현대약품","KOSPI","제약","10800","-1120","-9.40","345600000000"
"017800","현대엘리베이터","KOSPI","기계·장비","94600","-4100","-4.15","3698139621000"
"307950","현대오토에버","KOSPI","IT 서비스","447000","-54000","-10.78","12258519954000"
"011210","현대위아","KOSPI","운송장비·부품","97600","-3700","-3.65","2654240100800"
"004020","현대제철","KOSPI","금속","41400","-5100","-10.97","5524655499000"
"005440","현대지에프홀딩스","KOSPI","기타금융","15100","-900","-5.63","2354154945100"
"005380","현대차","KOSPI","운송장비·부품","595000","-79000","-11.72","121830870770000"
"005387","현대차2우B","KOSPI","운송장비·부품","281500","-42000","-12.98","9842346295000"
"005389","현대차3우B","KOSPI","운송장비·부품","268000","-38500","-12.56","623757136000"
"005385","현대차우","KOSPI","운송장비·부품","282000","-39500","-12.29","6582150720000"
"001500","현대차증권","KOSPI","증권","12090","-960","-7.36","747561501960"
"011760","현대코퍼레이션","KOSPI","유통","27300","-300","-1.09","361150771800"
"227840","현대코퍼레이션홀딩스","KOSPI","유통","12880","-320","-2.42","117218767680"
"126560","현대퓨처넷","KOSPI","통신","3365","-100","-2.89","370832909925"
"001450","현대해상","KOSPI","보험","32400","-1950","-5.68","2896560000000"
"057050","현대홈쇼핑","KOSPI","유통","83000","-2000","-2.35","996000000000"
"093240","형지엘리트","KOSPI","섬유·의류","1147","-48","-4.02","70414627073"
"003010","혜인","KOSPI","유통","5480","-70","-1.26","69665853560"
"111110","호전실업","KOSPI","섬유·의류","7890","-120","-1.50","73976640000"
"008770","호텔신라","KOSPI","유통","45250","-2700","-5.63","1775977475250"
"008775","호텔신라우","KOSPI","유통","36000","-1450","-3.87","27067644000"
"378850","화승알앤에이","KOSPI","운송장비·부품","3610","-225","-5.87","68566979030"
"241590","화승엔터프라이즈","KOSPI","섬유·의류","5220","-360","-6.45","316276020720"
"006060","화승인더","KOSPI","유통","3400","-110","-3.13","188088000000"
"013520","화승코퍼레이션","KOSPI","운송장비·부품","3185","-290","-8.35","159413237620"
"010690","화신","KOSPI","운송장비·부품","13480","-2050","-13.20","470727126800"
"133820","화인베스틸","KOSPI","금속","1366","-45","-3.19","50698409732"
"010660","화천기계","KOSPI","기계·장비","5780","-80","-1.37","127160000000"
"000850","화천기공","KOSPI","기계·장비","38850","-1100","-2.75","85470000000"
"016580","환인제약","KOSPI","제약","10690","-140","-1.29","198834748300"
"032560","황금에스티","KOSPI","금속","6160","-150","-2.38","104720000000"
"004800","효성","KOSPI","기타금융","156500","-12500","-7.40","2619873695500"
"094280","효성ITX","KOSPI","일반서비스","12500","-190","-1.50","144477500000"
"298040","효성중공업","KOSPI","전기·전자","2606000","-217000","-7.69","24299772088000"
"298020","효성티앤씨","KOSPI","화학","388000","-37500","-8.81","1679140616000"
"298000","효성화학","KOSPI","화학","38900","0","0.00","147501447900"
"093370","후성","KOSPI","화학","7460","-570","-7.10","800124761800"
"005870","휴니드","KOSPI","전기·전자","9250","1090","13.36","130573138750"
"079980","휴비스","KOSPI","화학","2640","-155","-5.55","91080000000"
"005010","휴스틸","KOSPI","금속","4430","105","2.43","248913172250"
"000540","흥국화재","KOSPI","보험","4950","-300","-5.71","318001092750"
"000545","흥국화재우","KOSPI","보험","7270","-590","-7.51","5583360000"
"003280","흥아해운","KOSPI","운송·창고","2330","534","29.73","560190014670"