code,name,n_obs,r_squared,beta_mkt,beta_fx_crisis,beta_fx_normal,beta_fx_stable,se_fx_crisis,se_fx_normal,se_fx_stable,tstat_fx_crisis,tstat_fx_normal,tstat_fx_stable,pval_fx_crisis,pval_fx_normal,pval_fx_stable,wald_f,wald_p
A005930,삼성전자,1466,0.6987394979797819,1.1503155600016268,0.08724596578049133,0.21337041739165608,0.41491286170973174,0.06814310674065248,0.1054170134572191,0.11156449665273155,1.2803344307817208,2.0240605419754867,3.7190403233856477,0.20042754349469072,0.0429639228682451,0.0001999811284443114,7.582708190505314,0.02256502595993081
A000660,SK하이닉스,1466,0.515057030707772,1.4506069214191224,-0.17910965861339193,0.2732614073503918,0.36383830993579924,0.13975794922325874,0.1992866597498168,0.2324965044548475,-1.2815704552681302,1.3711976892655153,1.5649194846559908,0.19999336985031224,0.17031333834295648,0.11760178938124057,7.299694555863321,0.025995098500825275
A105560,KB금융,1466,0.31719451727709946,0.8448410090171308,-0.06161151612407286,-0.18161643229187394,-0.8166452296071585,0.14828614231592283,0.1702722921152787,0.36324650794169777,-0.41549072058810366,-1.0666235242132933,-2.248184667306513,0.6777827067706673,0.2861418733924427,0.02456441696341227,3.9399914127663833,0.13945745499063825
A005380,현대차,1466,0.3806399942496892,1.0687428207087017,0.3998798615297879,0.16364669508944601,0.03286992317124416,0.1433879778270299,0.15267851151829848,0.18905578618686525,2.788796296521918,1.0718384235088185,0.1738636189571849,0.005290432926000259,0.2837926115959063,0.8619726449742993,4.231567217331033,0.12053879728942817
A034020,두산에너빌리티,1466,0.1563632377990124,1.0648644838963721,-0.23342873765550393,-0.40217934338402234,0.12451693536325463,0.21742110392974223,0.35298766418466343,0.3298139111230522,-1.0736250227619781,-1.1393580688236873,0.3775369417841138,0.28299077789912785,0.25455383751645777,0.7057746164244303,1.6161948720751287,0.4457052427963979
A055550,신한지주,1466,0.32784412091337234,0.8059968230072858,0.0503489574996448,-0.0893990858345656,-0.40634059716333354,0.1440113658638173,0.15164364287770685,0.2190150581777573,0.3496179429841441,-0.58953401631654,-1.855308947905942,0.7266254432275056,0.5555031002076316,0.06355212117520306,3.2211978151692007,0.19976793570872525
A035420,NAVER,1466,0.26026887360983997,0.7914512600983701,-0.5257243552710994,0.15960094353547827,-0.4346540406521184,0.19758496535647907,0.23640953574261037,0.21417468272340967,-2.6607508031929323,0.6751036629471789,-2.0294370703629854,0.007796663696699924,0.4996099066146552,0.042413792549932994,6.43882567541505,0.03997852525305052
A000270,기아,1466,0.324564764543797,0.9943418153131258,0.22318643458481158,0.1642600625033805,-0.07411377827380854,0.13675365073835818,0.16187228323029074,0.24189344050984507,1.6320327346274621,1.014751007556326,-0.3063901944492459,0.10267259045267024,0.31022453293567254,0.7593075733045334,1.4006947015871267,0.49641284444574496
A402340,SK스퀘어,993,0.42799251746674594,1.7211326249967358,0.23007680121933646,0.6279560351607323,0.3186493451134271,0.17442884745323212,0.25381735192895966,0.24266088373295633,1.3190295331225226,2.4740469096710513,1.3131467264583714,0.18715923929738731,0.013359215438136555,0.18913351123692457,1.7776154884706419,0.41114565142508996
A012450,한화에어로스페이스,1466,0.11898287182127198,0.8370059886436237,0.15141901800617852,0.3323024783247912,-0.4078050286152939,0.22104420510154016,0.28969818099065525,0.3367511284518018,0.6850169084352236,1.1470644281867626,-1.2109982540820552,0.4933332513257065,0.2513549941169896,0.22589607383400878,3.0118888567643056,0.22180771338076685
A068270,셀트리온,1466,0.158129377229851,0.6982072303636406,-0.20465316817737078,-0.22019616161772326,-0.30173588349485864,0.16440570849934172,0.15345901842730097,0.23289115414839087,-1.2448057311719818,-1.4348857686851297,-1.2956090350370375,0.21320316895288904,0.15131965170612263,0.19511021477600754,0.1161308279845602,0.9435882215453123
A028260,삼성물산,1466,0.40429243007199245,1.0255245187517508,-0.0009804254000214234,0.09799422685629341,0.0744457245193,0.1420660239815384,0.17620494510828458,0.15025134529259193,-0.006901195462110142,0.5561377791983776,0.4954745954142915,0.9944936863974739,0.5781166703563119,0.6202651503897696,0.2512274708819791,0.8819554491304987
A086790,하나금융지주,1466,0.31917926581295286,0.8633434628617976,0.03255587547663144,-0.22500814302413455,-0.6793223198600716,0.13955466624330254,0.15888289787190926,0.3244071304557562,0.23328403379843168,-1.4161885642691083,-2.094042504262156,0.8155408557997461,0.156720303187979,0.03625619409700416,5.2424893258298315,0.07271230417316489
A012330,현대모비스,1466,0.3105709853759039,0.9115579486555647,0.28808334918780476,-0.1595048121532447,-0.20600368425847448,0.13752582315842946,0.16529958297270875,0.2238496890682865,2.0947582248312258,-0.964943826746249,-0.9202768389623807,0.03619249043174869,0.3345729481791473,0.35742810919492074,8.427502642737668,0.014790779170895416
A005490,POSCO홀딩스,1466,0.29511949271442506,0.9241664833650968,-0.01789118426623943,-0.7597929103650207,-0.09946953301930699,0.1789224828806992,0.2779939531847371,0.20365836802102694,-0.09999405316864958,-2.7331274715177374,-0.4884136801539976,0.9203490466670537,0.006273604709317677,0.6252568539121787,5.066264048258184,0.0794099166152497
A035720,카카오,1466,0.2461219161018473,0.8544098378408708,-0.5579178756155505,-0.17431332390709844,-0.3255330309542715,0.2793047451276493,0.2764474542673468,0.17448967774200475,-1.9975237991770172,-0.6305477631149518,-1.8656291602280048,0.04576831176670508,0.5283362633224611,0.062093266945729426,1.0444826186538019,0.5931895356833121
A009540,HD한국조선해양,1466,0.2751788469826011,1.0051010274172805,-0.11883598125088635,-0.024614600504168402,-0.3181792809191779,0.16918900980408047,0.1850159598761524,0.24821471230972503,-0.7023859374110497,-0.13304041727343488,-1.2818711588785694,0.48243851277992067,0.894161416229959,0.19988784677705784,1.0147011820281948,0.6020886466069705
A373220,LG에너지솔루션,951,0.17766113420199003,0.7771785451040125,-0.315522300116438,-0.9159677976982682,-0.30417048797916635,0.2098075105003783,0.4553499728459506,0.309626712824031,-1.5038656116930051,-2.011568798332067,-0.9823780551907175,0.13261597301641379,0.04426541124392346,0.3259136333465086,1.4055700095934986,0.4952042353721007
A316140,우리금융지주,1466,0.3437157774041726,0.7580127938803558,0.06296741132206717,-0.13826795715204226,-0.507236242631526,0.12522799812949856,0.13226925647083668,0.24739316531261227,0.502822150498265,-1.0453521917432733,-2.0503243975659937,0.6150893187711,0.295860223984698,0.04033278531136243,5.028081896418556,0.08094050112740812
A267260,HD현대일렉트릭,1466,0.17084388412798535,1.1015255054108886,0.6516997509076455,0.26383060215186455,-0.9508353380799827,0.2268558845478829,0.33625263062373884,0.5190878810374159,2.872747833746803,0.7846201876918151,-1.8317425099189446,0.004069187720449448,0.4326762901611162,0.06698979206091976,8.003780276846564,0.018281052492758618
A207940,삼성바이오로직스,1466,0.14708902592951023,0.5138943615737895,-0.10737330965297413,0.010567425218375073,-0.5936639863080603,0.1424775681661577,0.15253269828159025,0.3343127554538673,-0.7536155412742244,0.06927973698378151,-1.7757742611468545,0.4510801095738596,0.9447669545227917,0.07577013169962596,2.690251668083316,0.26050692515815643
A006400,삼성SDI,1466,0.33659224016868905,1.1309439926752094,0.053753272340442936,-0.48075075169159653,-0.40150705938175485,0.17636112212278607,0.2229238862244426,0.32096933038042536,0.3047909408459017,-2.1565690417202337,-1.250920325957228,0.7605253816142467,0.031039258872173677,0.21096354729798916,4.379995303827746,0.11191701140780219
A329180,HD현대중공업,1039,0.1086214009696792,0.78623660045361,-0.01982368367053789,0.036577500487919155,0.11607966446479653,0.19156484989854117,0.2926112526114225,0.37372937321691113,-0.10348288676673796,0.12500373844642534,0.31059818356162316,0.917579730952913,0.9005205907044942,0.7561061082469883,0.1251041194782816,0.9393641584874646
A010140,삼성중공업,1466,0.23031367327722274,0.9301704047278736,-0.03189941572779423,-0.10728561568361673,-0.2890348697167484,0.14848854803595135,0.18089706762818047,0.23156467133219882,-0.21482744729964556,-0.5930754825950733,-1.2481820653121296,0.8299018526182356,0.553130637581364,0.21196439029836855,0.9502419250515799,0.6218098362273456
A051910,LG화학,1466,0.3274541452115646,1.1026038158545555,-0.04529402280386923,-0.3293672838231837,-0.9723951854371228,0.16043241873390393,0.23771047589668712,0.29161695819244055,-0.2823246271627601,-1.3855816937842156,-3.3344946448396557,0.7776946035856009,0.1658746712520719,0.0008545454588566321,8.684977125085606,0.013004126321439312
A015760,한국전력,1466,0.15570206407122822,0.5479520552358684,-0.15092849456780508,-0.9250938471078642,0.09330423640433083,0.1439048175139458,0.2844803950250604,0.19787787850777994,-1.0488077965366143,-3.2518720561618,0.4715243417199988,0.2942665884135247,0.0011464761692816263,0.6372663410860213,9.120538822994783,0.01045924072410844
A000810,삼성화재,1466,0.12532547774129132,0.6716703963729753,0.3461237917194906,0.2538950455202855,0.12271686539592344,0.17159531021800714,0.21875693495386475,0.1932347241561239,2.0170935399093937,1.1606262703115278,0.6350663211896347,0.043685752673588416,0.24579391728203026,0.5253851612221041,0.8484661893614804,0.654271356960104
A042660,한화오션,1466,0.14954618709690248,0.9541229088145281,-0.2354188803593904,-0.5448171541101209,0.1157988002129978,0.22569394552179564,0.2693100615955417,0.38397410293270673,-1.0430890373027557,-2.0230107664092563,0.30157971417486995,0.29690705752399404,0.043072037513195445,0.7629724741272014,2.2752864883229185,0.32057364604649236
A009150,삼성전기,1466,0.4512795135250247,1.1372763807839228,0.10275988014823903,-0.13404787391140485,-0.2717824693009679,0.1276925845479582,0.17879385139368645,0.17335487356733087,0.8047443045500026,-0.7497342490611976,-1.5677809553788393,0.42096724735283353,0.45341477581406775,0.11693226093852456,3.629514816687041,0.1628774163000819
A064350,현대로템,1466,0.14739952576668536,0.9353005296055129,0.34723168824855233,-0.1985067926300003,0.07510225205571068,0.23280068175318352,0.3022015293420527,0.3093369557148567,1.491540684647518,-0.656868921418715,0.24278460968930943,0.1358195979358145,0.5112652031730451,0.8081722586114908,2.258740533580191,0.3232367452568394
A032830,삼성생명,1466,0.2258613801255388,0.8337921703987563,0.5443948773467558,0.08052813228725161,-0.18719901183413418,0.1350311338857815,0.26253620529763416,0.20538076631259686,4.031624868137758,0.30673153135567655,-0.9114729445950679,5.539255303013469e-05,0.7590477273828197,0.3620462346794262,11.022021380887594,0.004042020086998945
A033780,KT&G,1466,0.08359669033758688,0.2738408313337359,0.20590343803726704,-0.12096574049561164,-0.29636894901031735,0.10786445139773111,0.14560974091739257,0.17060849106159348,1.9089091481866856,-0.8307530782864178,-1.7371289504185434,0.056273812695850536,0.40611313458501863,0.08236441233738022,8.031704169494969,0.01802758697254726
A030200,KT,1466,0.1527006143944829,0.42890208379816935,0.04842350759379875,0.12009704399694739,-0.17615276232946414,0.1013413686137861,0.13051052704903132,0.2083177087241445,0.4778256723405983,0.9202096314562295,-0.8455966773459794,0.6327742873237789,0.35746322213695103,0.3977777797570965,1.4055864724476679,0.4952001591513221
A066570,LG전자,1466,0.2795580224459181,0.9242010118806807,0.03858647881211618,-0.3004302625772432,-0.10266986585940928,0.12597005302506914,0.15536767551614106,0.15755502882433084,0.3063146984977226,-1.9336728928922648,-0.6516444865360859,0.759365048976901,0.05315335871889597,0.5146305422206406,3.142085116959791,0.20782839611375678
A010130,고려아연,1466,0.0808980906409521,0.7186222401366337,0.2599498677096238,-0.16380707780642723,0.3217299016860332,0.18536447371597442,0.2544273461396563,0.297924646826505,1.4023715682862359,-0.643826539449548,1.079903610235346,0.1608043189743571,0.5196879220098363,0.2801851054484016,2.8059750162892136,0.24586135287254887
A298040,효성중공업,1466,0.1501105406026988,1.0840618582736803,0.5959198951776338,0.3552735907014171,-0.8135182055756343,0.25162974493737006,0.35019103582112915,0.4755309692663696,2.3682410651648382,1.0145136635732848,-1.7107575702812752,0.017872886222969127,0.310337712967547,0.08712587517743366,7.0112304132261665,0.03002829405538316
A034730,SK,1466,0.35134753150124387,1.1095483064091796,0.02091736552528579,0.1688568565229834,-0.3628287142923759,0.17095421309882256,0.2213290615956291,0.3176076302146717,0.12235653714596788,0.762922208704282,-1.1423803453561212,0.9026166581423182,0.44550979047398387,0.2532959574030409,1.3857979764536448,0.5001241115676942
A267250,HD현대,1466,0.2741769345904781,0.9476206885440748,0.4276958305520115,0.28451064485900335,-0.16857390742911493,0.16525205831430828,0.17025112703250023,0.24215977945341338,2.5881422289974565,1.6711234152634507,-0.6961267796394947,0.00964951285363194,0.09469730325432069,0.4863494370037671,4.107234737883509,0.12827006320231607
A138040,메리츠금융지주,1466,0.12613806337139488,0.535079928383848,-0.0173755262436389,-0.24549914462118913,-1.1381893364950268,0.18364791119167467,0.2606723518870809,0.3666398977851165,-0.09461325277750605,-0.9417920344982941,-3.104379374342142,0.9246220228664919,0.3462991241302338,0.001906786621474768,7.645664813707387,0.021865780315941323
A096770,SK이노베이션,1466,0.2934592817977333,1.2749903297962488,0.014166419689914207,-0.15990328595209147,-0.3793948507971336,0.21883382470627277,0.3099846279498811,0.37848335121186977,0.06473596898892996,-0.5158426306802056,-1.0024082950606554,0.9483842237622853,0.6059643252415211,0.3161464374625924,0.8406058978761292,0.6568477983269316
A047810,한국항공우주,1466,0.1524074087791426,0.7316951947458581,0.004652559697304791,0.14006279163001564,-0.3942669610627256,0.15250941760829329,0.21641991253772144,0.35976012365383897,0.030506704243369886,0.6471807052671416,-1.0959162373484423,0.9756629466580774,0.5175149973891713,0.27311543255061166,1.4970614690039823,0.4730610947277146
A017670,SK텔레콤,1466,0.12439513370060562,0.38942783664742286,0.16896915958676095,0.04964279949343071,0.026076426761567538,0.0828467091849355,0.12133712791045652,0.15195448542883458,2.0395397867835356,0.40913115670634415,0.17160682481979125,0.041396184571207556,0.6824434125737272,0.8637466416251616,1.2616391491703185,0.5321554811252938
A003550,LG,1466,0.3340648250614058,0.9467052741839683,0.06383528147450745,0.09406608075228672,0.12581220728426992,0.1297380207210675,0.1252013396523956,0.1939322085965799,0.4920321823912454,0.7513184843983964,0.6487432293724142,0.6226965930173755,0.45246100746535123,0.5165043574203638,0.08745931728303194,0.9572126966782949
A323410,카카오뱅크,1068,0.2505745727788746,0.9705317588942066,-0.9662356715395777,-1.1360506831153256,-0.2907861778125205,0.3847770402678409,0.4667692647198283,0.27262055948808517,-2.5111572947985334,-2.433859229778602,-1.06663333960779,0.012033606435148619,0.014938803637994215,0.28613743934610514,3.4807189582370563,0.17545731603757325
A010120,LS ELECTRIC,1466,0.17489093853565407,1.043903193883357,0.4509763866198678,-0.08492315037074166,-0.38308058285852614,0.23695707903489133,0.2817383923180471,0.2967567208232701,1.9031986233821807,-0.30142555181075265,-1.2908910092946646,0.05701463272887901,0.7630900122919327,0.19674147343186277,5.636664676557612,0.059705428188957604
A259960,크래프톤,1066,0.1297452049851442,0.596874250143468,-0.5290978517053025,-0.12316755016701647,-1.1774028163212507,0.40449097663186173,0.2506372599185924,0.2638593522706352,-1.3080584791063188,-0.49141755781650975,-4.462236438425015,0.19085347508147488,0.6231311484851012,8.110865902787778e-06,9.233719984025013,0.009883782542959012
A003670,포스코퓨처엠,1466,0.20092514508968984,1.1318277740394025,0.2471222152674798,-0.5402257244346259,-0.3125631170960218,0.22516671605903624,0.5123783782147824,0.3403851173885287,1.097507747116084,-1.0543491829551213,-0.9182631705347157,0.27241949602601245,0.29172307884253856,0.35848110378695996,3.51613942955287,0.1723772802074806
A000100,유한양행,1466,0.1183134069916526,0.5940773849880213,0.0494498868613012,-0.19939363092237108,-0.06886596585786657,0.17983861593757033,0.21836152101853046,0.20088281776472544,0.2749681240789096,-0.9131353820595995,-0.3428166063387392,0.7833407279780469,0.36117134364953507,0.7317364321310704,0.9179663753865656,0.6319258689417195
A352820,하이브,1271,0.13006712807937282,0.7056518582316567,-0.44608583333019847,-0.6623963455246663,-0.9600578557850239,0.29443188236570644,0.25945294788536755,0.33794297981674354,-1.5150731291257598,-2.5530499881517197,-2.840887111505127,0.12975388566739277,0.010678416930637574,0.00449882345828552,1.3583314439790286,0.5070398281388273
A086280,현대글로비스,1466,0.22747381633468866,0.8347709708110581,0.014883776902490665,-0.20156332977539979,-0.17555008603091896,0.14017840984454583,0.17487145083109068,0.1888243553962614,0.10617738437036334,-1.1526371446994566,-0.9297004386034553,0.9154416141594736,0.24905935040668892,0.3525262073314256,1.4165867897196653,0.4924839563400788
A007660,이수페타시스,1466,0.19031188662423415,1.4351981408077972,-0.377767711632385,0.36001839903397576,0.14900973169466233,0.34407470417711544,0.368695909990131,0.35029094605385735,-1.0979235237180522,0.9764643145718988,0.4253884759891911,0.2722378850432272,0.3288344236190016,0.6705535054448082,2.6012426718669275,0.2723625118336816
A071050,한국금융지주,1466,0.40718162131699753,1.1722712775955382,-0.1388760263396064,-0.346746117484853,-0.33679662362164503,0.1444054287742715,0.21357663958320136,0.21635023904743328,-0.961709178930465,-1.6235208034059074,-1.5567194429944897,0.33619571027628825,0.10447811990642095,0.11953711038591079,1.19953090332039,0.5489403740491847
A018260,삼성에스디에스,1466,0.2507132280330825,0.8122168547805407,0.1374735829241053,0.27055567052978874,0.1528411020064959,0.1324049015972628,0.23413182955561182,0.17531210597990327,1.038281674361724,1.1555697960559668,0.8718228621588556,0.2991389378173036,0.24785716836957872,0.3833050203858319,0.279678237225758,0.869498110208947
A011200,HMM,1466,0.1464639014080764,0.781053792959425,-0.23719423884837437,-0.5717944145840864,-0.5105189792792566,0.2106751103979484,0.2588578027534674,0.3134844059611547,-1.1258768935748198,-2.208913189024692,-1.628530700638798,0.2602176310083173,0.027180679655068898,0.10341240494844851,1.2894316269090143,0.5248116653303869
A006800,미래에셋증권,1466,0.43206526182285365,1.203395046251108,-0.008015555542567306,0.04038866470645314,-0.5716113122355837,0.13494232309722615,0.1983000704217794,0.32183263145499946,-0.05939986327930701,0.20367448493864593,-1.776113595601973,0.9526336219561581,0.8386078823068173,0.07571419579619498,2.579446579908733,0.2753469638202033
A278470,에이피알,440,0.05147622589748069,0.6428205132490442,1.6930715943959576,0.029160000398420365,0.13099467820892985,0.5608970337227387,0.5159201113194833,0.3158466848512327,3.0185069497673127,0.05652037933517006,0.4147413428468619,0.0025402357531094364,0.9549272611120295,0.6783312637475234,8.05199534939734,0.017845611154271426
A024110,기업은행,1466,0.3405602081713083,0.6458175070632379,0.25809724937010503,0.02885325195962035,-0.551676163007268,0.10971739800828798,0.11773531575581275,0.304716835471483,2.352382156844519,0.24506879498640002,-1.810455146508952,0.01865359934281981,0.8064031642744208,0.07022523403417402,7.79741138087863,0.020268127707634524
A003490,대한항공,1466,0.32652233707258427,0.6891118155163379,-0.25862578588741736,-0.7118036342499681,-1.3835362096782542,0.1584180218054348,0.15975464565201375,0.4030092570076172,-1.6325528051666707,-4.455605227283702,-3.43301347455675,0.10256308402174064,8.365684973646443e-06,0.0005969124320347446,8.555537511863934,0.01387358292728891
A079550,LIG넥스원,1466,0.08413120355055326,0.7035961782855361,0.16186311690518182,0.457125763972,-0.33883529636849546,0.24508523263671247,0.34953424623250773,0.3998515757716568,0.6604360253116922,1.3078139521353886,-0.8474026786429225,0.5089740601288998,0.1909364207411306,0.3967707119678029,2.263701967838659,0.3224358800967507
A180640,한진칼,1466,0.0832204662676046,0.749333682686081,-0.3259137536041675,-0.21987826810941477,-0.6106181575600207,0.2495579426591223,0.6158630216222604,0.4696349183506157,-1.305964258766717,-0.3570246311107101,-1.3001975230132932,0.1915647123091302,0.7210733663279787,0.19353327938135179,0.44858283899963003,0.7990822322904646
A005830,DB손해보험,1466,0.14710116417439711,0.6625624347687747,0.29225598404158143,0.15171810270394886,-0.34179391754282035,0.18328450396170035,0.24576731978395283,0.39796278334092694,1.594548244529456,0.6173241537455835,-0.8588589985059286,0.11081329407201414,0.5370209383230777,0.3904183127194596,2.1732693250475474,0.3373498817200265
A000150,두산,1466,0.20843054467159605,1.385241312090021,0.30944790537866745,-0.014817238341413628,-0.18430217523337045,0.2350802564801222,0.3777642231472783,0.3637542818557532,1.316350041522239,-0.03922350882771886,-0.5066666825009513,0.18805658217107823,0.9687121907219526,0.6123887116560965,1.7953246873225615,0.4075211916267807
A042700,한미반도체,1466,0.2227435274485544,1.3529895391025155,0.34512318574456824,0.6648793284813523,-0.39101403870015605,0.3419892624700845,0.31816079674022446,0.3223562518629582,1.0091638060559223,2.0897588115616283,-1.2129872972539277,0.3128960815718461,0.036639471012323795,0.22513467716854862,6.571782892813573,0.03740722369051848
A000720,현대건설,1466,0.31206609606946834,0.9920002781458985,-0.011244475389878753,-0.08432486647566695,-0.4930040543651265,0.13686536337176286,0.20203388522270563,0.2994862729931014,-0.08215720261769778,-0.4173798191462492,-1.646165780614869,0.9345217057078732,0.6764006136289695,0.09972963233325292,1.9836555061014511,0.3708981608731226
A003230,삼양식품,1466,0.07315245936238723,0.6259148121369262,0.6122553476820597,0.6454762481788228,-0.0034632361092753025,0.23585839757493765,0.22039253882927076,0.3386971704255656,2.595859863278907,2.9287572601486627,-0.010225169891215278,0.009435453938113982,0.0034032007883617607,0.9918416369775104,3.009646297359335,0.2220565613556546
A021240,코웨이,1466,0.14248203403858728,0.512793750993528,-0.23942964897428584,-0.43318019579011646,-0.5644612915013327,0.1485570318639508,0.2408708490826689,0.18590498227461522,-1.6117018896389677,-1.7983919492119422,-3.0362892085781836,0.107026826296312,0.07211491767219642,0.0023950951135625616,2.7983744038196217,0.24679747896101809
A016360,삼성증권,1466,0.4483979342134713,0.9547258245583636,0.053189821124517284,-0.03436739148628648,-0.3776332131089233,0.10635863871871816,0.14928637666982666,0.1722548387797462,0.5000987391836217,-0.23021117032196495,-2.192293788575567,0.6170055538823835,0.8179276822891279,0.028358299978049947,4.390229072384681,0.11134580764969622
A161390,한국타이어앤테크놀로지,1466,0.233323968598949,0.9314430041909201,0.5666473540355353,0.003728552529072604,-0.05555955405326326,0.14022041100661425,0.2191917331285026,0.21677151516830634,4.04111890678174,0.017010461461549352,-0.256304681037661,5.319677499373872e-05,0.9864282699406534,0.797715583008404,8.984268066438046,0.011196724114750003
A039490,키움증권,1466,0.37617514850659217,1.187610560537562,-0.32751637251650706,-0.5780649681945349,0.34859185374604335,0.15762955009955557,0.22278027768465053,0.2531811022029633,-2.077759990494514,-2.5947762261648504,1.37684784019383,0.03773147057337698,0.009465252180507323,0.16855929639853395,8.22742756124065,0.016346952660672594
A032640,LG유플러스,1466,0.17022638987511762,0.414544612904346,0.03844418856400897,-0.027310282821194756,-0.3061838718660816,0.09169665224678394,0.12062044278646727,0.1833946949879713,0.4192540035217841,-0.22641504367167495,-1.669535053269474,0.67503050836415,0.8208786285494717,0.09501138947357589,3.007708017906251,0.2222718695057925
A175330,JB금융지주,1466,0.2026076896678003,0.5533430300511742,0.08807576267347267,-0.3282198757182999,-0.724813096243588,0.15521972290658936,0.16856254906777535,0.3088159815862198,0.5674263619609495,-1.9471696265481238,-2.3470711992320386,0.5704245436047364,0.0515144018112699,0.01892163865835732,7.895452876308202,0.019298528333013647
A138930,BNK금융지주,1466,0.2568969957489854,0.6289425125237377,0.05817556599396275,-0.05741098339833471,-0.3816643365790171,0.12573353567376935,0.1423140586533845,0.17042606579465208,0.46268933488760067,-0.4034104848219039,-2.2394716136843056,0.6435870639859173,0.6866462748172805,0.025125246298982117,5.793246455134293,0.055209335006126944
A272210,한화시스템,1466,0.11531496515289952,0.764084173487576,-0.05431970679174264,0.2655300390306359,-0.6147623731478487,0.1936482988346274,0.291181844791262,0.327324242662057,-0.28050701771530057,0.9119045152728701,-1.878144949326453,0.7790885421436194,0.361818984444096,0.06036133867981293,4.268975181500725,0.11830519552445706
A028050,삼성E&A,1466,0.23579160892026152,0.95871266950285,0.4268284112284248,0.0932294497826218,-0.25480531329208705,0.1854252596692932,0.22340990720198023,0.33454462425055137,2.3018892463177627,0.41730221792865707,-0.7616482072097355,0.02134141881141621,0.6764573664294012,0.4462699948090969,3.7904971704326176,0.1502809727746142
A011070,LG이노텍,1466,0.3169113284844396,1.1652727421445652,0.00529798449538098,0.17889162168153977,-0.6770071420172157,0.22618422994426696,0.1833055575110177,0.41301741349450083,0.023423315129823295,0.9759203382078984,-1.639173361454964,0.9813126073223182,0.32910394257219033,0.10117715998382949,3.4389232218114527,0.17916258112964947
A090430,아모레퍼시픽,1466,0.13176788632927106,0.6089533803662687,-0.5075988496476156,-0.5144922559576879,-0.2924517397127248,0.20617007271910046,0.23136004812909117,0.30553833438743727,-2.462039436437515,-2.2237731195085955,-0.9571687307226135,0.013814947559966598,0.026163712811834435,0.3384820970797955,0.4639052485668719,0.7929836905873534
A326030,SK바이오팜,1341,0.13434131158063956,0.7936325171742322,-0.11156181948469478,-0.324232664070775,-0.004148274256465806,0.18553115119983407,0.18522016116724313,0.1933298987886804,-0.6013104471309644,-1.7505257636505973,-0.02145697216238697,0.5476332325526454,0.08002763249927221,0.9828811267930573,1.5277290961338692,0.46586259536546315
A010950,S-Oil,1466,0.17577517053860336,0.7276966870718854,0.2780215957564109,0.28441783796242676,-0.24888349178690408,0.1446668835183587,0.20668962455190065,0.28247782484743866,1.9218053848594105,1.3760624829574268,-0.8810726715320811,0.054630250513927045,0.16880228947643205,0.3782784876984048,3.0407439435961714,0.218630547427305
A036570,엔씨소프트,1466,0.14230322630430348,0.7221858721509263,-0.18003907207605926,-0.24433498656775496,-0.27073255738452306,0.2912241916585192,0.21722258137570147,0.26725102704439563,-0.6182146855683188,-1.1248139351827364,-1.0130271916206672,0.5364338308235215,0.2606678881045892,0.31104717301499973,0.06342579424698067,0.9687846830247115
A034220,LG디스플레이,1466,0.33455293976168987,1.023247998888885,-0.1554010440211097,-0.2700651403206491,-0.4903728418082555,0.18323602064095199,0.1494507377965754,0.2516315464314988,-0.848092222683746,-1.8070512350915777,-1.9487733106697287,0.39638661258038976,0.07075429102419431,0.05132250239466154,1.2651019051320078,0.5312349159959476
A241560,두산밥캣,1466,0.19814342096001114,0.9088913339067126,0.25058825893381864,-0.2002432979725011,-0.5723560583399585,0.21629574402573512,0.26114154875337664,0.3285647992426398,1.158544566202853,-0.7667998406550458,-1.7419883677718098,0.24664187575051544,0.4432005311384011,0.08151047970988423,5.0815092783021,0.07880690656847125
A064400,LG씨엔에스,214,0.1358648468310112,0.8384465428507566,0.380827001035857,0.06555264225549119,0.3076815648708191,0.7127929648650481,0.8404752098510092,0.43178341150435523,0.5342743542761513,0.07799473617682512,0.712583106884169,0.5931517327882899,0.9378322401612987,0.4761037682386886,0.11085173657475544,0.9460821557613845
A006260,LS,1466,0.1969725644021324,1.0334519902429875,0.25703267558312837,-0.28227585911953224,-0.08134602585761141,0.19474625695760187,0.24971365187173283,0.3018954534792536,1.3198337138725438,-1.1303981860972712,-0.2694509801990163,0.18689054270863925,0.2583084781108683,0.7875826597251908,3.322330137559376,0.18991758410782594
A005940,NH투자증권,1466,0.41730937401135637,0.8708111088931775,0.13731641590236113,0.01977507269281067,-0.492353470344791,0.11740100402457689,0.13271672357392295,0.19721253463541089,1.1696357884095703,0.14900211638961985,-2.496562762884269,0.24214756868052434,0.8815519629713767,0.012540347473556685,6.766492907355433,0.033937100476875086
A443060,HD현대마린솔루션,393,0.0979808320749469,0.7433337486782015,0.24158922997244756,0.0547398827733938,-1.1106654239292415,0.5676354641942231,0.36816038791386974,0.6174401623579222,0.42560630054253445,0.14868487911904327,-1.7988227712427345,0.6703947484704755,0.8818022933178182,0.07204672006154901,3.290975744566183,0.19291842028071488
A066970,엘앤에프,1466,0.17474775695427847,1.2011361460945928,0.0829106314178186,-0.32488673442996646,-1.031221522117237,0.271044859138015,0.48576069226355156,0.42806482428535864,0.3058926543801401,-0.6688205521860088,-2.409031211192908,0.7596863790188108,0.5036099548110866,0.01599493003646086,5.434024741708696,0.0660718580523477
A009830,한화솔루션,1466,0.22588487416736525,1.1237420476129858,0.04674089260277994,-0.12863090459709428,-0.8864642065858361,0.21092326164214106,0.3978166320949156,0.3192032409941151,0.22160141199637803,-0.32334219894155675,-2.777115306928162,0.8246241832084965,0.7464360987792149,0.0054843718866776905,6.272988078128774,0.04343481202266856
A128940,한미약품,1466,0.12866021108364312,0.6574743948311879,-0.08987172597739669,-0.3226547162815258,-0.2782143286661254,0.15748103542476666,0.2189878708558045,0.17762643848731446,-0.5706828491125274,-1.4733908093657941,-1.5662889547041985,0.5682146467772085,0.1406456870378264,0.11728098562263652,1.142453318759121,0.5648321569130107
A078930,GS,1466,0.23116317707520062,0.753882941346313,0.27350523797495946,-0.033239944623402136,0.16455466106824296,0.13242369374671892,0.14024046689280528,0.21191145462656627,2.0653799198358045,-0.23702106360505446,0.77652556044327,0.03888706700467845,0.812640449404068,0.43743873478931417,2.845067044490744,0.24110240415260467
A004020,현대제철,1466,0.32993813504620617,1.0466551796294508,0.14559397297735296,-0.496010887425167,-0.47584393246438267,0.15457176783867368,0.22291201663805268,0.2129452627487941,0.9419182753302606,-2.225141986089297,-2.234583321187676,0.34623448276540525,0.026071707932069824,0.025444716827787595,10.197674640774297,0.006103839250913434
A001440,대한전선,1466,0.11555841541105016,0.9117070397907361,-0.03958448617180448,-0.19537211697963103,-0.17912963942121118,0.21310253187639908,0.25118710643656733,0.243634446870968,-0.1857532419875882,-0.7777951653301466,-0.7352393790032515,0.8526382737560732,0.43668977857399716,0.462193720300096,0.3354974950017297,0.8455662586331831
A271560,오리온,1466,0.09290724306337728,0.44341965059248767,0.1237913844130084,-0.08860388168427843,-0.12644448917073126,0.17373940889489833,0.1809917427090996,0.2131828939211389,0.7125118313709389,-0.48954654150541954,-0.5931268069637233,0.476147887636034,0.6244548129249421,0.5530962914349962,1.1130897497631844,0.5731860760787094
A082740,한화엔진,1466,0.13288595985236806,0.9736938669662247,0.22427251781539342,0.41645627936672774,-0.041985266523428294,0.25100452977766863,0.23632489490000017,0.38001378175091965,0.8934998823090822,1.762219251352886,-0.11048353649170432,0.3715895351255307,0.07803226067098655,0.9120259059088566,1.1495071344322767,0.5628435548219568
A051900,LG생활건강,1466,0.1555583712196026,0.6170597526023507,-0.3187660699893176,-0.23258592287701568,-0.07525779447628841,0.15273452036170543,0.1667400686055754,0.22845421170929336,-2.087059750699559,-1.3949012065432158,-0.32942178615666545,0.036882733770266136,0.16304563324707844,0.7418369029418672,0.8777648662535071,0.6447565771888581
A047050,포스코인터내셔널,1466,0.16461427966168396,1.0200759545513538,0.2331699399531933,-0.2924220246874499,-0.25460944652310663,0.24272393975037806,0.3181434008868611,0.2393405056566686,0.9606384116580743,-0.9191516274494145,-1.0637958912326406,0.33673400803333164,0.35801626848478185,0.2874211730563003,3.4252265385290754,0.18039375864483884
A017800,현대엘리베이터,1466,0.20079261598512665,0.6378389481286262,-0.16991442322380865,-0.7821750705569537,-0.9850860812675827,0.15435085679976226,0.2606022284957357,0.27000390233577015,-1.1008323941099778,-3.0014135914027786,-3.6484142367785264,0.2709696101858845,0.0026872929519756597,0.0002638639556558524,9.235698466003864,0.009874009934666252
A001040,CJ,1466,0.20763061310180353,0.8708608507786808,0.3422759067679192,-0.04316734623835149,-0.2540888779962877,0.1800015164580877,0.20478708913474078,0.2495309937487632,1.9015167955410872,-0.21079134637217922,-1.0182658040953163,0.057234354706757216,0.8330500914285235,0.3085516547041067,5.085581259438964,0.07864661967663973
A000880,한화,1466,0.24566902965895776,1.017615581605717,-0.041354731767464535,-0.0997555846895139,-0.39416221501825494,0.1760276355786087,0.24800398058735587,0.27152240706967123,-0.23493317757481746,-0.4022338046883744,-1.4516747228051605,0.8142605981450062,0.6875119658458797,0.14659207091737683,1.3167696793809918,0.5176868067822985
A139130,iM금융지주,1466,0.2644340974539475,0.6132375814627729,0.11355894160125896,-0.07675935940484457,-0.5950157007338938,0.12392018825068164,0.12088495938055402,0.23738584643314617,0.9163877428231255,-0.6349785763107296,-2.5065340232972364,0.35946356184383454,0.525442387625662,0.012192132328138743,7.486621239904091,0.02367559235491478
A035250,강원랜드,1466,0.24614170507499644,0.5760679816752282,0.12571085809926164,-0.25919366161159824,-0.442043606564134,0.10600289870725096,0.135706638017367,0.16664912043530428,1.1859190610101926,-1.9099556617004103,-2.6525408919619355,0.23565426493146024,0.05613892235361366,0.007988845049198903,12.387307280724427,0.0020423510885262614
A011790,SKC,1466,0.24518200542067925,1.1301489795491784,-0.340244971254271,-0.4336516691660941,-0.7709635767162063,0.21636497500567686,0.3074754345366891,0.3115120279080411,-1.5725510621362992,-1.4103620011775257,-2.474907893263743,0.1158228068581831,0.1584328195594853,0.013327054100116574,1.3771664229548757,0.5022871999259666
A307950,현대오토에버,1466,0.18940164175194873,1.005335257346909,0.22145682296896213,-0.13866294914817467,-0.4618062419353509,0.19388270701226754,0.22167993303125075,0.2903108247964999,1.1422206053423316,-0.6255097033461618,-1.590730356882368,0.2533623331039606,0.53163658190335,0.11167027201959111,4.414863506969926,0.10998274892039092
A111770,영원무역,1466,0.15779984315066364,0.6571817872605168,0.11423265580632574,-0.08413944839248594,-0.910531482131677,0.2012659464454354,0.22042877576443087,0.5147051097478014,0.5675707084272947,-0.3817080964166157,-1.7690352492863832,0.570326501426222,0.7026778939491337,0.07688799231888388,3.507140741603447,0.17315461231546245
A014680,한솔케미칼,1466,0.3034190992813136,1.0652872522782333,-0.046567609477800205,-0.21821000168963212,-0.6763104085315965,0.20020521577250583,0.24241437484547648,0.2320106701525598,-0.23259938207961178,-0.900152896579367,-2.9149970046070948,0.8160725071822623,0.36803888924285466,0.003556919564699451,5.000726570148072,0.08205518378506733
A012750,에스원,1466,0.1409723715687723,0.42711154586332944,-0.14977088625575963,-0.00518180028057184,-0.0070742289950381145,0.12983856011647307,0.1329083880418926,0.1645146685509036,-1.153516229087923,-0.03898775959075316,-0.04300059719507157,0.24869856020407677,0.968900147626348,0.9657010578026166,0.9035098994127111,0.6365101276092223
A011780,금호석유화학,1466,0.19431822020365896,0.8615970481528187,0.44113491385504866,-0.6900131558934998,-0.9470396079426555,0.26743931174659313,0.23139584130349963,0.5083361576204029,1.6494767017387384,-2.9819600560084223,-1.8630183860536083,0.0990500123972899,0.0028640936464574725,0.062459679486715804,12.864729934579787,0.0016086419467293202
A204320,HL만도,1466,0.2570764463788652,1.1065093794718783,0.47260530773806997,-0.1136411208446051,-0.1083013648417923,0.1771842304053926,0.19210099546632003,0.22822395350381855,2.6673102152305663,-0.5915696614103655,-0.4745398683139552,0.0076461059739858115,0.5541387946287042,0.6351149747616286,8.608225077913294,0.01351287236990614
A139480,이마트,1466,0.16189653801046155,0.5981585218682572,-0.030108229358402284,-0.41097408553255954,-0.20625340939161182,0.15387661555820817,0.19113738716103046,0.2643881367467743,-0.1956647489885362,-2.150150170182665,-0.7801159761913116,0.8448725772711417,0.03154333822565657,0.4353226135063123,3.0650476415160166,0.21598985915468763
A103140,풍산,1466,0.19336245963431686,0.9260831992362678,-0.024397321592244288,0.22172323070568783,-0.23943481378537806,0.1868453552397238,0.4171069071508762,0.41124153053463336,-0.13057494290367758,0.5315741046347284,-0.582224303742138,0.896111565653875,0.5950210038366994,0.5604156049552291,0.6496421008158525,0.7226566611866896
A062040,산일전기,337,0.17264029559446104,1.2499333092677678,0.4181678410890618,1.5780163955762214,-0.3108640838461031,0.7647448705376667,0.5314406401676465,0.7047669228198292,0.5468069904085292,2.9693182574039234,-0.44108778914071456,0.584511340043911,0.0029846130427999273,0.6591494432051993,5.143114814921999,0.07641644116544115
A052690,한전기술,1466,0.11155524696038777,0.8138304237303605,-0.19746318084528205,-0.36555723105197496,-0.22430038250000917,0.19569598276446004,0.3544626481100064,0.23872941369530162,-1.0090303237494098,-1.0312997236835104,-0.939559055702668,0.31296009156010574,0.3024002878831338,0.34744378666002973,0.19145243368171955,0.9087127722680659
A042670,HD현대인프라코어,1466,0.1421785434209213,0.8827500007189666,-0.03956463716715561,-0.43282135689542806,-0.5677238336755657,0.2616728445542785,0.27520160872101407,0.2658344148050671,-0.15119886526455656,-1.5727428299091128,-2.1356295575645095,0.8798188453926058,0.11577837820671871,0.03270962023480069,2.685459369514491,0.2611318870924847
A002380,KCC,1466,0.23441068358576767,0.8934990501276865,-0.07017651971953097,-0.5238084111284783,-0.8722021870507664,0.2006440481099068,0.1987838307457098,0.2709305902162228,-0.3497562991805786,-2.6350654837643694,-3.21928279252145,0.7265215982071657,0.008412105257251092,0.0012851167947072796,6.735748261265556,0.034462822984044336
A001450,현대해상,1466,0.11862913613439308,0.5631059257926926,0.3677257401332156,0.06469564155971212,0.0728594254337215,0.15118119869754304,0.18125206487170853,0.2138392439519986,2.4323510019846917,0.35693740430214765,0.340720552912526,0.015001162104652665,0.721138667020724,0.7333139645411004,2.650558647853272,0.265728724330937
A454910,두산로보틱스,537,0.13774760214326542,1.043717810680867,-0.42639723811760916,-0.4420999583153636,-0.5747949614840583,0.48394505070614646,0.4024819901184727,0.4693431024550271,-0.8810860602777802,-1.0984341390908674,-1.2246796820437682,0.3782712415309387,0.2720149619388823,0.22069593237339213,0.06978421027614634,0.9657096057412833
A251270,넷마블,1466,0.13644243967307912,0.6382907481621934,-0.9402525058949542,-0.5364464502846562,0.09917504755934062,0.20725018910872461,0.23514151382628345,0.3110682584190498,-4.536799266328739,-2.2813770378333498,0.31882085322167075,5.711442151104932e-06,0.022526145607228824,0.7498623642547129,8.499953596300715,0.014264564869449109
A097950,CJ제일제당,1466,0.21848335179871636,0.6424582533356766,0.486951759224407,0.015679869521975365,-0.9262576659695495,0.14482477804835694,0.18610144643638774,0.680876473764467,3.3623511514156363,0.08425442049068103,-1.3603901759865569,0.0007728177836225123,0.9328541506677887,0.17370648562343927,8.325176697813099,0.015567212351235886
A081660,미스토홀딩스,1466,0.19522127371475684,0.7253850037509011,0.24381402652011713,-0.30842172052709577,-0.7929715473125393,0.14464724539612747,0.21134175762817364,0.24667403017145872,1.6855766997319162,-1.459350598709985,-3.214653552144743,0.09187736020074817,0.14446863551104977,0.0013060204273028107,17.42426808783993,0.00016457666562104604
A036460,한국가스공사,1466,0.14857403849675055,0.8086089407119589,0.11627531028124631,-0.3511139837389916,0.0270341617441609,0.19801950994471448,0.24538831426532834,0.39990740356849874,0.5871911828976321,-1.4308504656800667,0.06760105340117895,0.5570753133682342,0.15247307608020358,0.9461032168267118,2.5149986026387685,0.2843642474037149
A030000,제일기획,1466,0.24449488272795583,0.5689304248777522,0.2224880210135351,0.030462005201433495,-0.8407234049462768,0.12160252988417311,0.16279509531326494,0.38061017002086145,1.829633159979943,0.18711869140047352,-2.2088831859122324,0.06730481176893276,0.8515675733684716,0.02718276700267314,7.182196560293212,0.0275680363635932
A029780,삼성카드,1466,0.19922599000115615,0.4751478192951553,0.14758239623211467,0.1202169036700649,-0.7014499462269909,0.10644188591960849,0.1431840054245188,0.46115855372181136,1.386506777450167,0.8395972951981617,-1.5210602526308827,0.16559221221127218,0.4011342163061744,0.12824471777033428,2.99153410081598,0.2240766607000854
A010060,OCI홀딩스,1466,0.19974584644446658,1.0849091664352195,0.10041223237202533,0.062334748353287235,-0.7837632315734605,0.21461267366208156,0.30218288594045145,0.3818688027224847,0.46787652685474407,0.20628153099832067,-2.0524411158641946,0.6398728905117056,0.8365710044224749,0.04012681215841924,4.409456982996363,0.11028046332346478
A009420,한올바이오파마,1466,0.11671043316888063,0.7136003227580933,-0.6670917861047101,-0.6734553543573499,-1.0156390280226018,0.24756251745440525,0.25999599231847875,0.29856571099989143,-2.694639693295135,-2.590252827945169,-3.401726958602326,0.007046478236654905,0.00959054662800442,0.000669615020895708,1.0758686151823202,0.5839532751899305
A004170,신세계,1466,0.22063630738491558,0.6228398058575975,-0.13955027147568497,-0.24419468923287377,-0.8723418811955573,0.1423767849180693,0.17242700899019978,0.26655093700356547,-0.9801476522734318,-1.416220641203334,-3.272702362265148,0.3270132399637483,0.15671091428816264,0.001065245873494397,7.7701621378446575,0.020546163038616692
A450080,에코프로머티,507,0.14541105092801088,1.297366985115867,-0.4583260910410774,-1.3278865444454504,-1.6653661645591094,0.6727445674689619,0.6966867174717336,0.4474548117623467,-0.6812780261688594,-1.906002384061996,-3.7218644671623795,0.4956955846165578,0.05664989634250548,0.00019775716617281128,2.309430700405562,0.31514723073246487
A377300,카카오페이,1011,0.16378431238115687,0.9600297531645446,-1.4138839922195081,-0.36488732700124404,-0.9921315888670366,0.5881755690108774,0.5027232399183342,0.3884859557731742,-2.4038468557903676,-0.7258214819361023,-2.5538415845496196,0.016223568134377545,0.46794821589212476,0.010654171752379885,2.5139297545183688,0.2845162591151281
A302440,SK바이오사이언스,1167,0.10634946774203913,0.7611484360102183,-0.29381193410728373,-0.6192776779486153,-0.5785453027195342,0.24468847586783635,0.3153968465006569,0.364841589048944,-1.2007591819157861,-1.963487221953963,-1.5857438408479292,0.22984462965309516,0.049589587802208485,0.11279742972610537,0.9592005874146337,0.6190307728582416
A192820,코스맥스,1466,0.09785422551129996,0.5968340304457935,-0.3004013683310234,-0.414336478268548,-0.5955696048675507,0.2414862060728084,0.3018478469720485,0.2947675070737266,-1.243969058176565,-1.3726666677430903,-2.0204723742450628,0.21351095102578765,0.16985599596309398,0.04333441287078154,0.7309120849570121,0.6938801398934543
A022100,포스코DX,1466,0.20044580092876874,1.1694356230394098,-0.18327322218501574,-0.6255361044781798,-0.21085086566881822,0.3562446845215849,0.3713959111844539,0.29587961399633705,-0.5144588260485643,-1.6842837673770377,-0.7126238365020596,0.6069312400728067,0.09212684098381885,0.4760785576943414,0.9445364572404291,0.623586226810092
A011170,롯데케미칼,1466,0.2267002823557973,0.8916100456584615,0.2373584195588897,-0.6709197717495478,-0.9605026173087292,0.21469848752232984,0.21676660155232794,0.5034588202331837,1.1055430445647787,-3.095125203536423,-1.9078077068226942,0.268924353551384,0.0019672983293665914,0.056416074317571244,11.972104676034844,0.0025135672038809525
A008770,호텔신라,1466,0.2500176456966329,0.6235516100279815,-0.1602436019985741,-0.7207656268854723,-0.787162017670343,0.18551305340245894,0.15731442943878446,0.24757344229493872,-0.8637861274965684,-4.581687957403442,-3.179509120096099,0.3877053899374143,4.6123778361117064e-06,0.0014752472701731448,7.1010364284614,0.0287097579934761
A006360,GS건설,1466,0.3255660405215163,0.9707651408693192,-0.011039593278542755,-0.4212415819566525,-0.6048103979613239,0.14594659113299205,0.2068159049419808,0.35408851526768637,-0.07564132325970574,-2.0367949074072698,-1.7080768561615023,0.9397044594130088,0.04167059886348587,0.08762208264421295,4.399646539396632,0.11082274236843145
A004370,농심,1466,0.03305115461644037,0.27953311297811106,0.4326820415693818,0.011151444618254921,0.0744466987823643,0.17743181690599558,0.1798214470705641,0.16153638412317456,2.438582037395352,0.06201398553910513,0.46086644310174285,0.014745011431983014,0.9505516945887833,0.6448944284647429,3.7871367441238117,0.1505336890911123
A457190,이수스페셜티케미컬,622,0.08739335553939376,1.0717614846628685,-0.24526093245865907,-1.4164920495706674,-1.9517178362261653,0.8950624329714386,0.7845406354007555,0.46255153297038404,-0.27401544677105816,-1.8055050123020095,-4.219460313303358,0.7840727510129459,0.07099569188354979,2.448878246660466e-05,3.5417446292936074,0.17018446965156625
A383220,F&F,1123,0.09161417022116536,0.4842140599597945,-0.3377012590541777,-0.37734475008454754,-1.0909598156474833,0.2047491631691476,0.26903378582255205,0.2838513780272371,-1.6493413395550514,-1.4025924250771786,-3.843419127395604,0.09907772500933727,0.16073841193460958,0.00012133199413412732,6.718884161954935,0.03475464381354712
A375500,DL이앤씨,1202,0.22068036684289905,0.8730893404773205,0.18985947269132789,-0.2665396660082512,-0.15651811965266646,0.1303468349143943,0.18761511113694035,0.21907677747493712,1.4565714067090214,-1.4206726973804567,-0.7144441389757639,0.14523472530259943,0.15541193335687828,0.4749525865694971,5.618489076588371,0.06025049214312053
A112610,씨에스윈드,1466,0.16862502384628286,0.966758781603683,-0.1330892969775342,-0.1381535728953275,-0.5305411754882912,0.17568380292255306,0.3053523732869824,0.3705084660847328,-0.7575501825640929,-0.4524398202907866,-1.4319272676672385,0.448720313139238,0.6509521657223823,0.152164637584284,1.0908760894246075,0.5795878423354992
A088350,한화생명,1466,0.1950166585565456,0.9266734931175087,0.3605276347124294,0.15086642019861557,-0.35425352488864026,0.2035192548865591,0.19397274301364817,0.2788363711766597,1.7714669548755286,0.7777712365907019,-1.2704710056070814,0.07648308310872123,0.43670388761104195,0.20391690451196964,4.7833082526469966,0.09147824209184172
A069960,현대백화점,1466,0.1749051185302809,0.5581309183380275,-0.07048316794626801,-0.37081616856294003,-0.33093187684073466,0.1432581867256667,0.1679578789687404,0.1757069232591044,-0.4920009777957071,-2.207792637295418,-1.883431060668733,0.6227186523082201,0.02725873155694481,0.05964197431152937,2.681425316284592,0.2616591286100967
A051600,한전KPS,1466,0.12793227150484032,0.5180404608867302,0.026534258955809804,-0.20054557107652946,-0.32031982249032986,0.12986803735820443,0.2751965878199094,0.1779771096309022,0.20431708598646578,-0.7287356746144247,-1.7997810120336546,0.8381057189052303,0.4661633661338821,0.07189522331069095,3.0660203932715526,0.21588483244065287
A011210,현대위아,1466,0.31970659762319353,1.1867170137302256,0.35964191897747194,-0.08143226421849825,-0.45310399499178305,0.15134364906559405,0.1956423996927075,0.3422510686838422,2.3763264675982474,-0.4162301441119239,-1.3238935870506874,0.017485984132527842,0.6772416038297773,0.18553838835012004,6.86974611707199,0.03222950123232311
A009970,영원무역홀딩스,1466,0.16626621356721838,0.5209252776041363,0.13816021218843452,-0.1118779014076966,-1.1142178934039335,0.19290487018768854,0.16858539972446945,0.4181646836343601,0.7162090415550955,-0.6636274647184527,-2.664543269699449,0.4738622809829005,0.506928774538027,0.007709294781669552,7.676528196753139,0.02153094452522438
A361610,SK아이이테크놀로지,1130,0.2171659909551409,1.1090808527604308,-0.22925063848423924,-0.45758392348937954,-0.9216248932457803,0.23287372182356184,0.3152550737082661,0.30532660237325426,-0.9844418541046566,-1.4514720353488209,-3.0184886809145985,0.32489830760406657,0.14664846369987855,0.0025403889152294076,4.0025799594433495,0.13516081601938995
A161890,한국콜마,1466,0.14574235518187684,0.5823724743515467,-0.24378667960650435,-0.13334896316035874,-0.6800251357471282,0.191439949050997,0.22222711392569752,0.22679855244868846,-1.2734368182555402,-0.6000571253647494,-2.998366296455878,0.2028630793329158,0.5484681649986416,0.002714312253395314,3.9245365821504956,0.14053927511662384
A073240,금호타이어,1466,0.17974879738901328,0.7109507912303723,-0.23912421742644352,-0.37572072296083325,-0.36519165687844624,0.16934961843661558,0.20950688294210681,0.1808718813553075,-1.4120150941818819,-1.7933574195013746,-2.0190626323008063,0.15794551682472013,0.0729157915294871,0.04348071011437746,0.44134183253446163,0.8019805556241271
A028670,팬오션,1466,0.2017313702543697,0.8477425012693938,-0.1638311034841446,-0.23261137742312685,-1.0271253345704023,0.20515300622865304,0.23341124886486875,0.7637051456806996,-0.7985800768697819,-0.9965731238505776,-1.344923941366027,0.4245339437965223,0.31897175684517365,0.17864979782887347,1.152813211858159,0.5619139212083708
A026960,동서,1466,0.07621021074660195,0.4009057194106599,-0.2518793471288758,-0.5320850371082948,-0.048336078560648144,0.12787417646843893,0.1590326520913617,0.20900781874814342,-1.9697436502439019,-3.345759692183342,-0.23126445149352817,0.04886775760448568,0.0008205747838086485,0.8171093617385866,4.520257793394834,0.10433703518872722
A017960,한국카본,1466,0.1808685235359071,0.8377553214730192,0.035933142063422435,-0.0447137946836452,-0.4470198613361491,0.17987218882594774,0.2418554055315901,0.3417307144101845,0.1997704164160304,-0.18487821095156326,-1.3081056003634033,0.8416601392088799,0.8533245615145573,0.19083749419275275,1.5372871538828288,0.4636415360512198
A008930,한미사이언스,1466,0.12342787139770495,0.8725873437722438,-0.04620261085111902,-0.026517838189099734,-0.5424778940552261,0.26054440080155555,0.2381797079546524,0.2569146619376459,-0.17733104495425092,-0.11133542154711402,-2.1115100631620916,0.8592483668583103,0.91135036766768,0.03472849387739873,3.3309282643348,0.1891028688862886
A006280,녹십자,1466,0.10095973437932304,0.6764235934565741,-0.06454981854230396,-0.47144711869326006,0.1546887868648936,0.17122169518460187,0.21489447074246762,0.2789018294053247,-0.3769955581429671,-2.193854113902486,0.5546352535396468,0.7061769058871779,0.02824589907435658,0.5791441706525129,4.11285303749197,0.12791023901602794
A000120,CJ대한통운,1466,0.105974503957734,0.4318565813583298,-0.060545433307665285,-0.3693395004758106,-0.37798683480284395,0.1574227057754887,0.16780185703217715,0.2876313461692701,-0.38460419676697255,-2.2010453698673147,-1.314136445269077,0.7005306843074433,0.027732812120759055,0.18880029140033205,2.4012720533661267,0.30100270526476636
A285130,SK케미칼,1466,0.07550420673872049,0.5900012098848963,0.011626114136231928,-0.27878292377390695,-0.46159932189092434,0.18216582303593234,0.28736742847977653,0.2789104049014892,0.06382159914781967,-0.9701270782451473,-1.6550093283682286,0.9491122796844422,0.331983153205635,0.09792260569193105,2.9067841852746903,0.2337759519391808
A282330,BGF리테일,1466,0.08158208806157408,0.39360098113949704,0.19529670920159733,-0.18221758842515462,-0.3864527066679242,0.18028097541718144,0.20373581083684217,0.3064589735286466,1.0832907285400943,-0.8943817371953329,-1.2610259122720715,0.27867939926586405,0.37111768043950877,0.2072995114229662,3.971278101459754,0.13729284898140565
A120110,코오롱인더,1466,0.28414099725220554,0.9851293435940759,0.22820423412904017,-0.5886094200662216,-0.537444034969883,0.14936138891893677,0.25810066434669104,0.24443935959320073,1.5278663098995011,-2.2805420573252695,-2.1986804247249894,0.12654573441603834,0.022575559366914653,0.027900653819142907,12.960777889869286,0.001533214227431029
A069620,대웅제약,1466,0.08425919273059368,0.6099118723551031,-0.08744070631603226,-0.705904542828405,-0.417166091357377,0.19518220063802946,0.3151203341151628,0.2632325589974968,-0.44799528865950927,-2.2401110509435656,-1.584781506308055,0.6541565967930278,0.025083714282272022,0.11301598566136369,3.6326837827522267,0.16261954414853708
A047040,대우건설,1466,0.28407404674905723,0.9183487936694487,0.038834604194915086,-0.2659260920033524,-0.5386715824219689,0.1705436774863932,0.17929544875140177,0.2682877787864102,0.2277106062639789,-1.4831725727297542,-2.0078125990629534,0.8198712264354633,0.1380285662835454,0.044663209496652555,3.926801362863181,0.1403802198701045
A034230,파라다이스,1466,0.2020099752138268,0.7051173553217209,-0.09886718393159585,-0.4071921465629169,-1.0331275910633915,0.2250893999703637,0.19616273355360522,0.2306470131244001,-0.4392351836408696,-2.0757874810693533,-4.4792584871071845,0.6604911338467947,0.03791361072245476,7.490278487126313e-06,10.59071676127417,0.005014816840154536
A023530,롯데쇼핑,1466,0.22044754441097203,0.6173792846496249,-0.09469175776072342,-0.3922869471153156,-0.8156024072492114,0.13063940613894115,0.17308793003121944,0.2733306562355723,-0.7248330389684585,-2.2664026720093062,-2.9839404715228053,0.46855446426344916,0.023426740150748582,0.0028456212828260603,7.556464870075793,0.02286306768811854
A018880,한온시스템,1466,0.20048170484308403,0.8680093362565996,0.15944230055074074,-0.2571439115408534,0.20383257851353626,0.20597763122095636,0.21399233093579306,0.3191422345255583,0.7740758042784935,-1.2016501265085415,0.6386888241744527,0.43888596491091836,0.22949911170451787,0.52302538446469,3.0297608159238347,0.21983447372851397
A007070,GS리테일,1466,0.1480846637264689,0.43053248490444085,0.19587792324879857,-0.22146379194764274,-0.8808911639879627,0.14133255103248699,0.16602303610994742,0.25528618998375857,1.3859363735943158,-1.3339341162330034,-3.4506024945728773,0.16576633281093,0.1822254494764497,0.0005593367354064978,15.249174297624686,0.0004882967958270846
A005850,에스엘,1466,0.17917249091086807,0.9261522877492521,0.1669905226967161,0.04952914968217438,-0.2734650558651245,0.17925999848456337,0.19549362386866548,0.25688592777282765,0.9315548594690866,0.25335429719921987,-1.0645388723159577,0.35156662085103507,0.79999444125969,0.2870846545558209,2.614591577184711,0.27055069431363654
A004990,롯데지주,1466,0.18776060304521924,0.6955734091595451,0.24861594058097328,-0.07968122349906785,-0.3454966305759585,0.2101517606808661,0.14809340277564242,0.17329446910054536,1.1830304908009712,-0.5380470838379127,-1.9936968119594256,0.236797063549942,0.5905445432716148,0.046185198001731154,5.244510750096417,0.07263885009181607
A002790,아모레퍼시픽홀딩스,1466,0.16932371774232569,0.658607358252847,-0.4047558043325523,-0.46480556097065956,-0.6698126949434732,0.22209506454483421,0.1821801314750831,0.22424217947468558,-1.8224439393197074,-2.551351550837097,-2.9870058189435653,0.0683876526747555,0.01073060264607314,0.0028172436009184705,0.975676560704239,0.6139521531408508
A298020,효성티앤씨,1466,0.20105166300812338,0.880730708433732,0.29828544013832015,-0.6175812929724247,-0.9725174392871444,0.21610686837743828,0.2622140758870453,0.3940358224838032,1.380268208863006,-2.3552560665677684,-2.4680939746972363,0.16750407952192814,0.018509945482349743,0.013583465386715246,13.604442815762031,0.0011113037449669095
A192080,더블유게임즈,1466,0.10837219714700008,0.4838881032757489,0.028311365183878112,-0.2118915512225719,-0.3229406675199421,0.13548893749957686,0.22087219311208617,0.20490571823486978,0.20895702414056153,-0.9593400972617823,-1.576045169953611,0.8344817877552752,0.3373874417118843,0.11501539372977138,2.6742289378798794,0.262602323540641
A185750,종근당,1466,0.11651817012052634,0.6683888128733976,0.11123814349854627,-0.3876024498964906,-0.24164208620296623,0.1908240567822834,0.37459870899504855,0.19711926021238543,0.5829356391131598,-1.0347137899549301,-1.2258674568005676,0.5599366277875342,0.3008025940487685,0.22024855704633062,3.068117319668067,0.21565860375572612
A007340,DN오토모티브,1466,0.11133311571199045,0.49811583051341163,0.30166452927234,-0.2601993235977178,-0.7080874442728206,0.18034215842039114,0.24670621818768892,0.2025542198215897,1.6727343839876714,-1.0546930089932456,-3.4957921138177515,0.0943795971713833,0.2915657501651966,0.00047265678349873476,15.27330980813013,0.0004824395625159683
A007310,오뚜기,1466,0.1514306783203131,0.3736549696109271,0.08918264891122081,-0.19584512016923072,-0.20449264547276116,0.1072905207461239,0.11768427336854254,0.15824257736208153,0.8312257997353669,-1.6641571092164376,-1.2922732230583738,0.4058460826286089,0.09608103682500382,0.196262541640842,4.903553540359276,0.08614039875818964
A006650,대한유화,1466,0.188045580594136,0.9073984560524693,0.005958471011892966,-0.86158078692579,-0.7755066205301555,0.2633387928710111,0.2647881064916066,0.28302208785544625,0.022626636003498166,-3.2538500249938562,-2.7400922182661804,0.9819480968057813,0.0011385236919885327,0.006142194793506318,7.411659892056016,0.024579808985045404
A004490,세방전지,1466,0.21876978479019848,1.0028270252755818,0.102987202738661,-0.13633284704502344,-0.6777879351070762,0.2061397946212143,0.24802582399169013,0.26096365564851914,0.4995988422706149,-0.5496719851622835,-2.5972503083722893,0.6173575732289512,0.5825443752140137,0.009397341559057297,5.972835266985216,0.050467907816448346
A004000,롯데정밀화학,1466,0.2170370880569802,0.755282486303315,0.24772646193934017,-0.132085728740892,-0.6223166354316215,0.16879845235503885,0.15815436963278148,0.2701043747245578,1.4675872822476457,-0.8351696449967317,-2.303985768709731,0.1422163646371284,0.4036221981567262,0.02122344247081885,8.200786904010405,0.01656615613198684
A001430,세아베스틸지주,1466,0.1228183874345119,0.8252177700175023,0.4941248511873111,-0.1554248013506913,-0.6647792615306956,0.32013102552653205,0.32918203305399707,0.3400363241385406,1.5435081631797622,-0.47215457025018237,-1.9550242557611148,0.12270752839792715,0.6368164637772968,0.05058020739479151,6.753836668074589,0.03415253945180696
A000240,한국앤컴퍼니,1466,0.12580021225097737,0.7365749552966324,0.202356861186268,0.046844436928580535,-0.5709854359591704,0.20041221781689814,0.24414117732413593,0.26410127970355834,1.0097032176508647,0.19187437957828454,-2.161994203890551,0.31263750042819405,0.8478406066780895,0.030618622958386018,5.6682471694210435,0.05877001020523839
A000080,하이트진로,1466,0.15918532406231967,0.4643565164567643,0.10813933999990914,-0.1988455503904783,-0.536854486090788,0.11458987904512653,0.152036004748786,0.3004476110467372,0.943707602285913,-1.307884607458853,-1.7868489092671658,0.3453190880644378,0.1909124511201934,0.07396191192101918,5.878004539553273,0.052918500795453176
A300720,한일시멘트,1466,0.10863360403880284,0.5105442809290897,-0.1243618535343101,-0.04583498246130713,-0.6711682706373292,0.1581466003800552,0.16429142258850196,0.20556243452926745,-0.7863707043682623,-0.27898585172099494,-3.265033672977686,0.43165034116037726,0.780255682558056,0.0010945106408586005,6.905100896622316,0.031664773934954336
A298050,HS효성첨단소재,1466,0.2271130693014205,0.90555051813042,0.16654416851046794,-0.609876993701989,-1.0544810003629546,0.19242124193203983,0.25669296801235947,0.23919939999075446,0.8655186238185113,-2.3759006661710504,-4.408376444103591,0.3867541984856814,0.0175061748697391,1.0414840767572668e-05,20.607518139001005,3.350690337389155e-05
A280360,롯데웰푸드,1466,0.10349196088699053,0.44359844613140836,0.3687897854826896,0.19343063150577391,-0.26342971947416083,0.14679221954004149,0.16708621352644554,0.18142162834904194,2.512325153460142,1.1576696091395877,-1.4520303994148995,0.011993852290334213,0.24699889062980096,0.14649315277712083,8.926529132791975,0.011524678730160044
A137310,에스디바이오센서,1083,0.08442778635542414,0.6468743114374136,-0.15699814946852217,-0.7420002046224179,-0.3094821583334653,0.2283601857081012,0.33834932823611574,0.3476765675998452,-0.6875022849613691,-2.1930003777179543,-0.8901438496990128,0.491766261356932,0.02830735187742583,0.37338865023194356,2.574858488787597,0.2759793473811871
A114090,GKL,1466,0.1657715012569615,0.5652685239244712,0.061861066894947046,-0.4618038170259233,-0.7938174179676406,0.15304120345300407,0.17823755165970745,0.20608722574747312,0.40421184294949275,-2.5909456942474325,-3.85185163752137,0.6860569456740031,0.00957125939161145,0.00011722804261047146,13.107608160190624,0.0014246856585373197
A093370,후성,1466,0.2242833524281641,1.121631262663459,0.23170958316219842,-0.16433562692032563,-0.4814351006026253,0.168796815444287,0.24347272589541513,0.28334969926823983,1.3727130014409328,-0.67496524021716,-1.69908456527728,0.16984158571728658,0.4996978492873416,0.08930325113031101,5.701584662719399,0.05779850715764802
A069260,TKG휴켐스,1466,0.1735000995965068,0.5851350599027698,0.15446253729910547,-0.16966620546384448,-0.6302783563789015,0.133743613970002,0.16191296246919212,0.2367387251090409,1.154915234560288,-1.0478852519058046,-2.662337376737151,0.24812514011781706,0.294691477936193,0.007760005656570279,9.94675270180321,0.006919745061176801
A009240,한샘,1466,0.13068575068137622,0.5991384484326208,-0.20696542326594816,-0.5469933452416358,-0.7235386812674309,0.18107467929423712,0.20755900622389784,0.25985562548153474,-1.1429837902937268,-2.635363095984299,-2.784387214733765,0.2530453212505289,0.00840473227069048,0.005362896865815187,3.555243933569381,0.1690396515902647
A006040,동원산업,1466,0.09485936964284192,0.4918497310091381,0.23314638303992,-0.018319159624507676,-0.22984080376515448,0.1954333178672092,0.1583322630562778,0.18148868648863228,1.1929715239155672,-0.11570073761906817,-1.2664194568378826,0.2328805255718639,0.9078897216443379,0.20536294862717852,3.2602544546709575,0.19590464811492037
A006040,동원산업,1466,0.09485936964284192,0.4918497310091381,0.23314638303992,-0.018319159624507676,-0.22984080376515448,0.1954333178672092,0.1583322630562778,0.18148868648863228,1.1929715239155672,-0.11570073761906817,-1.2664194568378826,0.2328805255718639,0.9078897216443379,0.20536294862717852,3.2602544546709575,0.19590464811492037
A005420,코스모화학,1466,0.18802915345848326,1.3130363685725481,0.5213089441213448,0.2793410895843493,-0.45938469145726785,0.3188282307026218,0.5237200233473686,0.38285989582529084,1.6350777438136628,0.5333786701507692,-1.1998767603146852,0.10203275110273342,0.593771479622708,0.23018720683924931,4.948201331406027,0.08423871496679602
A005300,롯데칠성,1466,0.09904672518003066,0.3531636560828053,0.15479191144981216,-0.4891397379115704,-0.7160755236170663,0.1523650954531398,0.16136014402714252,0.4022732043279639,1.0159276374254544,-3.0313541231674397,-1.7800726369864466,0.30966384680487213,0.002434595295641091,0.07506407401938626,10.96725273782201,0.0041542375516919845
A005250,녹십자홀딩스,1466,0.17334939217257428,0.7557063470279478,-0.17043286687193995,-0.3717156318414432,-0.6043877311684687,0.19208065566113272,0.1819655270072497,0.31490001702134834,-0.887298443902734,-2.0427805087863353,-1.9193004080641087,0.37491824314540834,0.041074170873918354,0.054946326417635215,1.5661342905207878,0.45700216747732525
A003090,대웅,1466,0.11567489982313173,0.8885383659055045,-0.07462845280960623,-0.6621961529703098,-0.5312472469975148,0.24974341705335631,0.3118625343074562,0.44468112122748327,-0.29882050021627704,-2.123359108976745,-1.194670116714371,0.765077008302182,0.03372377100466118,0.2322159423934138,2.657044422172708,0.2648683917974597
A001800,오리온홀딩스,1466,0.1992287030918768,0.5294384071408513,0.14773780374857995,0.09557035747706552,-0.4843670991070792,0.12083135966549936,0.1327775773143944,0.26576155937177487,1.2226776571708404,0.7197778375694519,-1.822562677055549,0.22145146908351565,0.47166179246644,0.0683696527666074,4.490729248260578,0.10588892367698056
A001680,대상,1466,0.19115892381758137,0.5399885526244363,0.1623144478842172,-0.09739546011762505,-0.507099947872922,0.12518355647627977,0.14991139750098698,0.21906105882645627,1.2966115714644448,-0.6496868266269336,-2.314879470543666,0.19476486898362844,0.5158945348860102,0.020619529167316335,7.866969323916805,0.019575340121454766
A000210,DL,1466,0.25630948424248634,0.941368793341634,0.324583062155388,-0.4414612153386292,-0.4765987570416226,0.15105765965052056,0.18949295573254846,0.28601791201429244,2.148736203819966,-2.3296972366704245,-1.6663248594647693,0.03165531707398723,0.019822158705080868,0.09564872792312601,14.227050723985592,0.000814020211845644
A268280,미원에스씨,1466,0.008751953908410881,0.09201092258175632,-0.0489940700699454,-0.12279786439091955,-0.0841295245994932,0.1248902596293067,0.1698712392372679,0.08984933878358864,-0.39229696707627365,-0.7228879058178969,-0.9363399412668779,0.6948388043330955,0.4697487544385469,0.3490981897389337,0.1300536673121859,0.9370423187687177
A071320,지역난방공사,1466,0.08245059431679957,0.4322803668383009,0.0004193587642860727,-0.39777036326462273,-0.43053296878195746,0.15770225660739154,0.24247515420994567,0.2661527067437037,0.002659180491818132,-1.6404582340020522,-1.6176163453281973,0.9978782834417186,0.10090992572555166,0.10574530430402736,3.284350987942127,0.19355849857754076
A014820,동원시스템즈,1466,0.1872130063226497,0.9024754525836819,0.2616851169294802,-0.6549763747486852,-0.3645724585338501,0.2124991577110615,0.2052472077834727,0.2616792176879537,1.2314642549562367,-3.19115851475874,-1.3932037161949717,0.2181492777447489,0.0014170351200600997,0.16355819633491075,10.741927529143751,0.0046496479841960136
A008730,율촌화학,1466,0.12017015479858684,0.8045205981401223,0.03152865820660074,-0.5010099813719285,-0.3010064712490798,0.2584918779744914,0.2962871614362617,0.3540890972699532,0.12197156233168788,-1.6909608197103994,-0.8500868102685358,0.9029215400544937,0.0908442859606062,0.3952768241408391,2.1507925223189837,0.3411625390489899
A003240,태광산업,1466,0.19814073603115634,0.6551741540683133,0.29099202229278714,-0.23087006977649488,-0.7225777976881539,0.13628873559534088,0.16211573811203828,0.42772363097282906,2.1351142559336718,-1.4241064591578423,-1.689356737304176,0.03275167844083528,0.15441565692498535,0.0911510864487838,11.082956321909796,0.00392072708718373
A003240,태광산업,1466,0.19814073603115634,0.6551741540683133,0.29099202229278714,-0.23087006977649488,-0.7225777976881539,0.13628873559534088,0.16211573811203828,0.42772363097282906,2.1351142559336718,-1.4241064591578423,-1.689356737304176,0.03275167844083528,0.15441565692498535,0.0911510864487838,11.082956321909796,0.00392072708718373
A003030,세아제강지주,1466,0.09842934912120616,0.6410233483783062,-0.19245866785999236,0.018541194693700722,-0.6323173644467076,0.2705875031454536,0.27293225880334654,0.2818036114430129,-0.7112622187748882,0.06793332079906335,-2.24382278569406,0.47692175918788093,0.9458387138495592,0.024843805743727496,3.046462898395162,0.21800627129521452
A002840,미원상사,1466,0.04977293813595196,0.27202170366144,0.10709846652519239,0.19687519831394665,-0.08831926779273498,0.13580056022705675,0.12533316304266315,0.14873374975705092,0.7886452481943017,1.5708148867744665,-0.5938078474925835,0.43031937691590605,0.11622565313855916,0.5526406397273198,3.2362381228128787,0.19827128467980162
A002030,아세아,1466,0.07228312026076034,0.29736644896078274,-0.14246005136714016,-0.12632183846182657,-0.39693722673087056,0.12473947813732351,0.13967665644420188,0.1646147092484244,-1.142060665111236,-0.9043876169264525,-2.4113108029237056,0.2534288041345263,0.3657899020181866,0.01589529646332819,1.9895036778302555,0.36981520690061176
A000670,영풍,1466,0.15650188140936094,0.7157846396077915,0.1093452362953165,-0.6285374087804181,-0.4541418533502235,0.13062046782629474,0.32547174878067314,0.3181521840155072,0.8371217628827433,-1.9311581147522974,-1.4274359132737808,0.40252412863357945,0.053463502001314944,0.1534542853131612,7.008634664952664,0.030067292303542933
A000670,영풍,1466,0.15650188140936094,0.7157846396077915,0.1093452362953165,-0.6285374087804181,-0.4541418533502235,0.13062046782629474,0.32547174878067314,0.3181521840155072,0.8371217628827433,-1.9311581147522974,-1.4274359132737808,0.40252412863357945,0.053463502001314944,0.1534542853131612,7.008634664952664,0.030067292303542933
A002710,TCC스틸,1466,0.1403360206800207,1.0979097775320965,0.13569783242201522,-0.9893422405841421,-0.5417166571637558,0.2511488020363793,0.44842440755038626,0.42841211901333404,0.5403084996692884,-2.206263138058507,-1.26447556715102,0.5889842976761676,0.027365580772571754,0.20605938488918696,6.419330503032842,0.040370124848490056
A003620,KG모빌리티,1466,0.06925844666654901,0.5381586095920763,0.010938338374777763,-0.19565658454170518,-0.3938769752019331,0.1636137110301173,0.24096682913067685,0.38670058297439425,0.0668546560426362,-0.8119648054778534,-1.0185580072632423,0.9466974114668087,0.4168118266212345,0.3084128488000547,1.2405650715275662,0.5377924705212035
A012630,HDC,1466,0.1562525485162365,0.5563934156857414,-0.06456259924669733,-0.2730195441407483,-0.42661200826826495,0.12773002321542512,0.16124256124517236,0.2193074480639054,-0.5054614226273821,-1.6932225712144136,-1.9452691280414323,0.6132347872203501,0.09041310982003285,0.05174259569556432,2.453828673653125,0.2931958870611984
A039130,하나투어,1466,0.19563162039084625,0.6082741162077638,-0.21900726026787182,-0.5004866749938481,-1.095612999379344,0.1493158606230775,0.1982996577748656,0.3141538889203967,-1.4667380903407068,-2.5238907651674456,-3.4875041755633363,0.1424473168243851,0.011606398716167676,0.00048755131019464554,6.758331956118482,0.03407586290374648
A145720,덴티움,1466,0.14644406717222624,0.8635013655148525,0.46542835491959067,-0.09351810590207522,-0.3351381082887705,0.20926139515776518,0.2169489097636116,0.35787179695287985,2.2241481978493813,-0.43106050177423305,-0.936475327595869,0.026138475006608118,0.6664243793656224,0.3490285098731638,6.3315381329680545,0.042181688813342416
A456040,OCI,623,0.2591492278360189,0.935212040274503,0.026847125902077225,-0.4117312967006452,-0.42443484109684654,0.2923439524071378,0.2766829612445761,0.21375198003884446,0.09183403891553096,-1.488097766658974,-1.9856416816336173,0.926829899177973,0.1367251123814637,0.047073124764890055,1.9438308060708611,0.3783576362417768
A489790,한화비전,297,0.13856553964948648,1.2499148019352444,0.18775070281957615,-0.22269126801959618,0.1654837094658954,0.7685043370727793,0.7189907288853885,0.8158683470989193,0.24430662751327542,-0.30972759324007154,0.2028313882433675,0.8069933509576612,0.7567681175589281,0.8392668235671882,0.19930944126085148,0.9051498936718171
A010620,HD현대미포,1466,0.18657306889867775,0.8830231756184571,-0.33395085294855487,0.02367292403530738,-0.4528107723819251,0.18621399151404402,0.2599696712474845,0.4266219608890292,-1.7933714337645177,0.09106032992891452,-1.0613864589584687,0.07291355213329832,0.9274446537667059,0.28851430817646073,1.652330516907405,0.4377246328434511
A001120,LX인터내셔널,1466,0.20399835940559263,0.9123751980059057,0.3856316165944792,0.42220037909038294,-0.49239520516390306,0.19071075524940928,0.23162507247470315,0.4765034928965051,2.02207587133801,1.8227749465097023,-1.033350673194015,0.04316851428968824,0.06833748373203001,0.3014398213466106,2.9723622949179194,0.2262349659479057
A001740,SK네트웍스,1466,0.21170933706809292,0.6521307977694991,0.006428390505126903,-0.3608336854655749,-0.4516764778463922,0.12350770426886255,0.18505158922387493,0.294926883669906,0.05204849805266407,-1.9499086010498363,-1.5314862864516843,0.958490049898168,0.05118701380124845,0.12564925313044722,3.955459921042783,0.13838301594056449
A005070,코스모신소재,1466,0.19514277100045962,1.170720763152963,0.5006603356786574,-0.11123667994657957,-1.0204858766738623,0.29045601065991067,0.4186497410044908,0.40480720805381853,1.7237045105080333,-0.2657034486147845,-2.5209182454532533,0.08476120034714156,0.7904676072196212,0.011704904339691279,10.031778502567345,0.006631732138037329
A006110,삼아알미늄,1466,0.09916704655027697,0.9925570424950858,-0.06931032479439247,-0.5457627597454205,-0.45588027339101744,0.3285258922346528,0.38200613938325045,0.35169470849772133,-0.21097370536897259,-1.4286753627220636,-1.2962386478270576,0.8329077896248362,0.1530975622212273,0.19489327834442782,1.4197491084169525,0.4917058760250409
A105630,한세실업,1466,0.17731403083523967,0.7578764989971434,0.1996823866479514,-0.3600951500173342,-1.2602968708606896,0.19055603538345048,0.22218312369146748,0.46348371696070484,1.047893267962551,-1.620713328872705,-2.719182626576589,0.29468778427071207,0.10507913371515666,0.006544346418982463,11.31493050977006,0.00349135538783418
A178920,PI첨단소재,1466,0.2368356330549174,1.0118541751214654,0.11603247859101665,-0.22783278730720913,-0.5923365722000502,0.15377847815327436,0.24604119296692864,0.2965630086993249,0.7545430282862114,-0.9259944831182517,-1.9973380186488465,0.4505232185128314,0.35444884730660886,0.04578847598283286,5.388052367287445,0.06760818768657467
A271940,일진하이솔루스,1051,0.2346295177606268,0.9172733602483711,0.023022631633326615,-0.645775611275215,-0.5643064909578123,0.157272828535564,0.26413376607215017,0.2743634248649161,0.14638658087159995,-2.444880943767017,-2.0567846870830206,0.8836162201084568,0.014489996571482379,0.03970694169532219,7.404066500610543,0.024673308422826976
A336260,두산퓨얼셀,1466,0.17915212322654983,1.096083227961605,-0.0012441869920499053,-1.1567994252253613,-0.4702604003140673,0.2257222697823862,0.31947209524762343,0.32719083156133655,-0.005512025876974382,-3.620971729404798,-1.437266435828934,0.9956020619240347,0.00029349858781807416,0.15064230202693982,10.162089536801611,0.0062134140450078226
A001570,금양,1466,0.05773860809103859,0.79609557241655,-0.012202928203675564,-0.7478686422215158,-0.09816753846272674,0.31633374163152045,0.6303858969353013,0.42931296023490423,-0.038576119451367526,-1.186366392169259,-0.22866194956940755,0.9692283420344621,0.23547763786596587,0.8191316710949165,1.1716774032953943,0.5566388120929926
A000670,영풍,1466,0.15650188140936094,0.7157846396077915,0.1093452362953165,-0.6285374087804181,-0.4541418533502235,0.13062046782629474,0.32547174878067314,0.3181521840155072,0.8371217628827433,-1.9311581147522974,-1.4274359132737808,0.40252412863357945,0.053463502001314944,0.1534542853131612,7.008634664952664,0.030067292303542933
A000670,영풍,1466,0.15650188140936094,0.7157846396077915,0.1093452362953165,-0.6285374087804181,-0.4541418533502235,0.13062046782629474,0.32547174878067314,0.3181521840155072,0.8371217628827433,-1.9311581147522974,-1.4274359132737808,0.40252412863357945,0.053463502001314944,0.1534542853131612,7.008634664952664,0.030067292303542933
A004800,효성,1466,0.22890978492121827,0.8580883906384614,0.48188683276358224,0.12440933067138021,-0.22623237748707162,0.15631125379305566,0.17344291739287798,0.4041170163781314,3.0828671709176114,0.7172926547906925,-0.5598189839038762,0.002050166424487262,0.47319353849908685,0.5756029135100993,5.608049687259359,0.06056580351414086
A009900,명신산업,1234,0.16074420525438549,0.9875738352696594,-0.16310927184210755,-0.41928766947454,-0.5454923483009091,0.26699996516017344,0.241361962386012,0.2333964987539655,-0.6108962289349297,-1.7371737672731133,-2.337191651173563,0.5412682815403747,0.08235650377899882,0.01942922109260189,1.2315024133022299,0.5402349147796242
A016380,KG스틸,1466,0.12634816752080813,0.8587019935700314,0.03365848504846869,-0.7918239123029825,-0.2773076225361039,0.18324375910130075,0.2549735572407082,0.39888195059492343,0.18368148096035083,-3.1055138457179696,-0.6952122604758272,0.8542633377667667,0.0018994872776404495,0.48692228993070885,7.519041154930047,0.023294905800995847
A032350,롯데관광개발,1466,0.15507083778807684,0.6203137627060532,-0.36303712603729416,-0.8247644861368347,-1.2300276791204414,0.2479284542692412,0.2600086561641948,0.27079826247733507,-1.4642818110867144,-3.172065493142652,-4.542228845443167,0.14311696483271052,0.001513588684157373,5.566256833683284e-06,6.317320864815569,0.04248261131059297
A000990,DB하이텍,1466,0.2571659950883627,1.237784745578087,0.33852788163428776,0.27846618087192454,-0.0461811644847432,0.24146988415139606,0.32591142374649695,0.22662214418404844,1.4019465939779,0.8544228909524919,-0.20378045866178782,0.16093119524013832,0.3928707170182597,0.8385250641457405,1.9735320789338084,0.3727803005396722
A003410,쌍용C&E,1466,0.1378817547187593,0.31414122071020933,-0.03439897519375302,-0.1093284916423137,-0.47787918613956915,0.11079762045238654,0.10609630288432176,0.3705935991534782,-0.31046673252820817,-1.0304646690800907,-1.289496600133289,0.7562060540286688,0.3027919293178364,0.19722549755111562,1.3293754371336985,0.5144341508594046
A010780,아이에스동서,1466,0.27855952096452885,0.9257626339543495,0.29425066161783153,-0.595952333504909,-0.9473537113905011,0.23132758949610374,0.18594874405100073,0.5093131457927083,1.2720085064595705,-3.204927984571142,-1.8600613772024577,0.2033700969121246,0.0013509627725189625,0.06287684276226194,12.413538932926896,0.0020157388689296097
A019170,신풍제약,1466,0.043750220037443555,0.6818144519786943,-0.5531954374640301,-0.8588629708857801,-0.5910121441573084,0.38929211463902746,0.5871791614989108,0.6437642578632141,-1.4210291363774028,-1.4626932071181367,-0.918056783890114,0.15530828923796575,0.14355134574407574,0.35858913833879147,0.23373556988359728,0.8897028174971833
A020150,롯데에너지머티리얼즈,1466,0.24205513670330847,1.1244655438624958,-0.09320231974111187,-0.2465311438977326,-0.720719593558449,0.20713515265680618,0.25176554550046215,0.3618103457143378,-0.44995896903861127,-0.9792092218483488,-1.9919817166518583,0.6527400263847188,0.3274766130099306,0.046373063970378776,2.414700885145457,0.2989884178669278
A020560,아시아나항공,1466,0.22648924122217484,0.6499399858971784,-0.36897571362255616,-0.5944438375813142,-1.6829874657780295,0.17111198193955193,0.19799032634954727,0.6186221628964171,-2.1563405989470845,-3.0023882910917457,-2.7205418213570067,0.031057079304677646,0.0026787026512328084,0.00651750270677535,4.213315313594619,0.12164386327180292
A031430,신세계인터내셔날,1466,0.1902336018395656,0.6990675776936696,-0.08228756950943829,-0.3821558986942284,-0.11722367640964595,0.146661398307464,0.1804989490804245,0.22554405552901466,-0.5610717643433953,-2.1172195220037104,-0.519737379620568,0.5747486157437838,0.0342412213127642,0.6032466300626347,2.027995383573622,0.36276585086390856
A003240,태광산업,1466,0.19814073603115634,0.6551741540683133,0.29099202229278714,-0.23087006977649488,-0.7225777976881539,0.13628873559534088,0.16211573811203828,0.42772363097282906,2.1351142559336718,-1.4241064591578423,-1.689356737304176,0.03275167844083528,0.15441565692498535,0.0911510864487838,11.082956321909796,0.00392072708718373
A003240,태광산업,1466,0.19814073603115634,0.6551741540683133,0.29099202229278714,-0.23087006977649488,-0.7225777976881539,0.13628873559534088,0.16211573811203828,0.42772363097282906,2.1351142559336718,-1.4241064591578423,-1.689356737304176,0.03275167844083528,0.15441565692498535,0.0911510864487838,11.082956321909796,0.00392072708718373
A003850,보령,1466,0.16208406633216998,0.7284916078180979,0.4110692009390649,-0.14357832386196975,-0.741694843555391,0.20592291920312447,0.2301785881115814,0.30963317916339295,1.9962285039946528,-0.6237692438723653,-2.395398469761536,0.045909056178338556,0.532779140897142,0.016602311574062112,12.01802645268464,0.002456511005177203
A013890,지누스,1466,0.17278547081638185,0.7991020816968432,0.053550941791594205,-0.4534152649368145,-1.3700967161603579,0.1836634137776527,0.2936930298714447,0.5979680660209751,0.2915710902358825,-1.5438407412504254,-2.291253988323013,0.7706145820501814,0.12262691878753498,0.021948728089684514,7.273764288282778,0.02633432272268776
A020000,한섬,1466,0.22134800004127508,0.6514159061906023,0.04630402501631649,-0.2611661503980967,-1.122475795450902,0.14258332421179257,0.164471572775993,0.5692209644185795,0.3247506345660501,-1.5879105792573638,-1.971950904157992,0.7453698089905743,0.11230656090479023,0.04861521140836998,5.860023377043181,0.05339641401641145
A057050,현대홈쇼핑,1466,0.2107320176373163,0.5329507490535852,0.29305062509718516,-0.35912442513669374,-0.8017231339205317,0.13901403039997215,0.14975472484572275,0.4206474709446651,2.1080650942499677,-2.398084103901654,-1.9059264331723416,0.03502535923650301,0.01648108057205885,0.05665975101223633,16.336973037545427,0.0002834466832069087
A284740,쿠쿠홈시스,1466,0.11766959678461775,0.5124518630968647,0.11451150329530356,-0.09691118003904939,-0.2549891536660005,0.16346838053485074,0.21160809164801128,0.21616760875535765,0.7005116397472978,-0.45797483113382714,-1.1795900187552066,0.4836078386243734,0.6469705236873999,0.23816331465313456,2.6151090194927926,0.2704807061798729
A294870,HDC현대산업개발,1466,0.16786264362076486,0.702081812817358,0.031373329888754936,-0.5220523433750592,-0.9457234071179437,0.1488556124655801,0.22803355243672777,0.46778980364867284,0.21076350007299452,-2.2893663576982277,-2.021684525274981,0.8330718214581997,0.022058075123076386,0.04320895355146208,7.524579169442345,0.023230491261123417
A381970,케이카,1026,0.06502943659835703,0.5144284243583439,0.18087356122869971,-0.3504480256425672,-0.6607718639195159,0.20594107849716733,0.2396274125352369,0.3791622660264561,0.8782782072843597,-1.4624705159349591,-1.742715251821526,0.3797927593120257,0.14361231817328202,0.08138336616376071,5.280546021064726,0.07134178983739958
A001230,동국홀딩스,1466,0.22107382844930534,1.058524884576309,0.09295767430672221,-0.5602471817441632,-0.6636453466621423,0.2267092536316336,0.26860247019461175,0.49634216339036524,0.4100303486410114,-2.085785664362077,-1.3370722771746386,0.6817836850331487,0.036998042555571736,0.18119904539001508,4.583214866038294,0.10110381355750972
A006040,동원산업,1466,0.09485936964284192,0.4918497310091381,0.23314638303992,-0.018319159624507676,-0.22984080376515448,0.1954333178672092,0.1583322630562778,0.18148868648863228,1.1929715239155672,-0.11570073761906817,-1.2664194568378826,0.2328805255718639,0.9078897216443379,0.20536294862717852,3.2602544546709575,0.19590464811492037
A006040,동원산업,1466,0.09485936964284192,0.4918497310091381,0.23314638303992,-0.018319159624507676,-0.22984080376515448,0.1954333178672092,0.1583322630562778,0.18148868648863228,1.1929715239155672,-0.11570073761906817,-1.2664194568378826,0.2328805255718639,0.9078897216443379,0.20536294862717852,3.2602544546709575,0.19590464811492037
A241590,화승엔터프라이즈,1466,0.15320593639139246,0.7467050721853501,-0.10761653986197801,-0.07804333486729671,-1.0628540756884952,0.19712946533744846,0.2821357927530524,0.38466380413192613,-0.5459180832137844,-0.2766162141490726,-2.7630727515084152,0.5851222474792144,0.7820748132491204,0.005726000208002922,6.034493051194462,0.0489357764336857
A005440,현대지에프홀딩스,1466,0.21668328963982353,0.6813395393233204,0.2791377560969718,-0.3465388322431409,-0.7094266739878271,0.1350839504538922,0.17105534395582303,0.2861860018429077,2.0664020792925286,-2.0258872025222345,-2.4789006779487535,0.038790529772331314,0.04277634496788416,0.013178799832979579,16.157008177005814,0.0003101346225370266
A008560,메리츠증권(주),1466,0.18853116196381048,0.43921084096000207,-0.018035060768221346,-0.37196856708928944,-1.3438371796673572,0.14661845901302442,0.20621431647322067,0.5424336045161112,-0.12300675433111226,-1.8037960382716391,-2.4774224319419775,0.9021017494054602,0.07126328715288298,0.013233517043935675,7.335981001717416,0.02552771636373277
A000060,메리츠화재해상보험(주),1466,0.07687552602399861,0.22425982343789944,-0.06151484424882886,-0.22083357555949884,-1.1278324114901608,0.11918145418827862,0.15545470802427797,0.4589248297805939,-0.5161444342812758,-1.4205653747393125,-2.4575536957313098,0.605753535645644,0.1554431505517372,0.013988689695674494,5.314213107880511,0.07015090623816642
A000070,삼양홀딩스,1466,0.16082350825482084,0.6096349680866124,0.02891374957160554,-0.3457360043792038,-0.5585803859083198,0.1326326670955941,0.18074372361859078,0.17254475447796597,0.21799870427672355,-1.9128520617887856,-3.237307257460851,0.8274301209869882,0.055766994047742414,0.0012066341843157608,9.154593395205598,0.010282655886523169
A002350,넥센타이어,1466,0.24663904772434264,0.8266402492999855,0.30925846989275296,0.055891188530986985,-0.7408102433892633,0.14736606514050857,0.19570250929611782,0.4805352758052898,2.098573166067001,0.2855926003811117,-1.5416355066707639,0.035854543888261016,0.7751901715590315,0.12316219218249375,4.9070409138964095,0.08599032776106547
A003000,부광약품,1466,0.09364477939298654,0.787152984942319,0.30564657812299834,-0.09546351331058475,0.33304723807284414,0.1894231143188399,0.36096768393380024,0.5849470556772689,1.6135653730649224,-0.26446553960241026,0.5693630472030196,0.10662173272151508,0.7914212151841755,0.5691097888564313,1.0101526089470707,0.6034595270087044
A003520,영진약품,1466,0.1319947511794678,0.6844917245858065,0.017522841888371225,-0.2189289566637782,-0.3285433876508508,0.1758039380120276,0.2866704428361252,0.25530977638274077,0.09967263581531605,-0.7636956028596525,-1.286842173870866,0.920604225789506,0.4450486617571632,0.19814930389897767,1.5588683091969502,0.4586654716390476
A006120,SK디스커버리,1466,0.13888181290335733,0.6808596013324251,0.106919921665482,0.018228074135112987,-0.5579134364689553,0.14786683693254152,0.19974926761466105,0.26016122884156956,0.7230824969513621,0.09125477331049346,-2.1444910871354623,0.4696292019569225,0.9272901536549641,0.03199355882208332,6.33826788162043,0.042039991262540634
A064960,SNT모티브,1466,0.16208414768836277,0.7258985052734842,0.29493176053755527,-0.27030307762265,-0.27601771209205106,0.16150524783415587,0.2558607430166133,0.21417455472520303,1.8261435123173857,-1.056446074672342,-1.2887511891699552,0.06782864742641483,0.2907644653294321,0.19748460015823266,7.562201534876598,0.022797582771447382
A079160,CJ CGV,1466,0.19428736361502497,0.7186466032259478,-0.07095213009511789,-0.7562893730177157,-1.2138137429272962,0.252997142430771,0.19257156655921526,0.36028724870187406,-0.2804463695258254,-3.9273158884811723,-3.3690166590705166,0.7791350659823598,8.589913015261298e-05,0.0007543686928587406,8.803021314895844,0.012258807050023907
A192400,쿠쿠홀딩스,1466,0.15110879419821766,0.4852006400216754,0.12974490567657723,-0.14427097118732807,-0.6110457442495907,0.1251220899248795,0.17576226984041643,0.18337262742105995,1.0369464397091925,-0.820830154949177,-3.332262578353684,0.29976081928765586,0.41174301957861537,0.0008614293727697939,12.76974198030329,0.001686886106489645
A049770,동원F&B,1466,0.13284562900917518,0.42324059361873134,0.2566688610722149,-0.10482956116367706,-0.6059899782992197,0.13442037159416653,0.1680369364751931,0.2272219758000189,1.9094491261126199,-0.6238483238424952,-2.6669514520574347,0.05620417859156371,0.5327272003589298,0.007654272778631946,11.843281929855603,0.0026807974709703204
