정기변경일,직전정기변경일,종목코드,종목명,케이스,이전섹터,신규섹터,이전비중_T1,신규비중_T,비중변화량(Δw)_회귀기준,이전비중_prevRebal,이전AUM_cur(백만원),신규AUM_cur(백만원),이전금액(백만원),신규금액(백만원),차이(백만원),차이(억원),이득여부,전날종가(T-1),당일종가(T),종목수익률,코스피수익률(벤치마크),초과수익률,초과승리여부
2025-03-13,2024-09-12,A066970,엘앤에프,대형주→중형주,대형주,중형주,0.00161099,0.01115615,0.00954516,0.00194415,26692509,7290054,51894.3,81329.0,29434.7,294.35,1,75500.0,76100.0,0.007947,-0.000458,0.008405,1
2025-03-13,2024-09-12,A011170,롯데케미칼,대형주→중형주,대형주,중형주,0.00188343,0.01302635,0.01114291,0.00202963,26692509,7290054,54175.9,94962.8,40786.9,407.87,1,74900.0,75400.0,0.006676,-0.000458,0.007134,1
2025-03-13,2024-09-12,A002240,고려제강,중형주→소형주,중형주,소형주,0.00197675,0.00575762,0.00378087,0.00196799,7290054,769640,14346.7,4431.3,-9915.4,-99.15,0,18050.0,17770.0,-0.015512,-0.000458,-0.015054,0
2025-03-13,2024-09-12,A011780,금호석유화학,대형주→중형주,대형주,중형주,0.00179008,0.01225441,0.01046434,0.00217211,26692509,7290054,57979.0,89335.3,31356.4,313.56,1,111400.0,111000.0,-0.003591,-0.000458,-0.003132,0
2025-03-13,2024-09-12,A003280,흥아해운,중형주→소형주,중형주,소형주,0.00167636,0.00490479,0.00322843,0.0019701,7290054,769640,14362.2,3774.9,-10587.2,-105.87,0,1719.0,1700.0,-0.011053,-0.000458,-0.010595,0
2025-03-13,2024-09-12,A019170,신풍제약,중형주→소형주,중형주,소형주,0.00176444,0.00518842,0.00342398,0.00279815,7290054,769640,20398.7,3993.2,-16405.4,-164.05,0,8210.0,8160.0,-0.00609,-0.000458,-0.005632,0
2025-03-13,2024-09-12,A298040,효성중공업,중형주→대형주,중형주,대형주,0.01611196,0.00234271,-0.01376924,0.01144383,7290054,26692509,83426.1,62532.8,-20893.3,-208.93,0,426000.0,429500.0,0.008216,-0.000458,0.008674,1
2025-03-13,2024-09-12,A031430,신세계인터내셔날,중형주→소형주,중형주,소형주,0.00149437,0.00442548,0.00293111,0.00195909,7290054,769640,14281.8,3406.0,-10875.8,-108.76,0,10320.0,10330.0,0.000969,-0.000458,0.001427,1
2025-03-13,2024-09-12,A377300,카카오페이,중형주→대형주,중형주,대형주,0.01698508,0.00241016,-0.01457492,0.01329344,7290054,26692509,96909.9,64333.2,-32576.7,-325.77,0,31100.0,30600.0,-0.016077,-0.000458,-0.015619,0
2025-03-13,2024-09-12,A170900,동아에스티,중형주→소형주,중형주,소형주,0.00175244,0.0051235,0.00337107,0.00267981,7290054,769640,19536.0,3943.3,-15592.7,-155.93,0,47100.0,45650.0,-0.030786,-0.000458,-0.030327,0
2025-03-13,2024-09-12,A017810,풀무원,소형주→중형주,소형주,중형주,0.0078954,0.00267434,-0.00522107,0.00496558,769640,7290054,3821.7,19496.1,15674.3,156.74,1,17330.0,17370.0,0.002308,-0.000458,0.002766,1
2025-03-13,2024-09-12,A241590,화승엔터프라이즈,소형주→중형주,소형주,중형주,0.00604643,0.00204333,-0.00400309,0.00537681,769640,7290054,4138.2,14896.0,10757.8,107.58,1,8350.0,8350.0,0.0,-0.000458,0.000458,1
2025-03-13,2024-09-12,A006110,삼아알미늄,중형주→소형주,중형주,소형주,0.00181407,0.00533173,0.00351766,0.00277218,7290054,769640,20209.3,4103.5,-16105.8,-161.06,0,30400.0,30200.0,-0.006579,-0.000458,-0.006121,0
2025-03-13,2024-09-12,A100840,SNT에너지,소형주→중형주,소형주,중형주,0.00787214,0.0028566,-0.00501554,0.00313324,769640,7290054,2411.5,20824.8,18413.3,184.13,1,31850.0,34200.0,0.073783,-0.000458,0.074242,1
2025-03-13,2024-09-12,A017940,E1,중형주→소형주,중형주,소형주,0.00165837,0.00493932,0.00328095,0.00206652,7290054,769640,15065.0,3801.5,-11263.5,-112.64,0,59600.0,60000.0,0.006711,-0.000458,0.00717,1
2025-03-13,2024-09-12,A306200,세아제강,소형주→중형주,소형주,중형주,0.00656596,0.00230826,-0.00425771,0.00381508,769640,7290054,2936.2,16827.3,13891.1,138.91,1,193700.0,201500.0,0.040268,-0.000458,0.040727,1
2025-03-13,2024-09-12,A130660,한전산업,중형주→소형주,중형주,소형주,0.00142808,0.00421724,0.00278916,0.00210958,7290054,769640,15379.0,3245.8,-12133.2,-121.33,0,10800.0,10780.0,-0.001852,-0.000458,-0.001394,0
2025-03-13,2024-09-12,A003960,사조대림,중형주→소형주,중형주,소형주,0.00157238,0.00441555,0.00284316,0.00199953,7290054,769640,14576.7,3398.4,-11178.3,-111.78,0,42300.0,40150.0,-0.050827,-0.000458,-0.050369,0
2025-03-13,2024-09-12,A001040,CJ,대형주→중형주,대형주,중형주,0.0018061,0.01288006,0.01107395,0.0021255,26692509,7290054,56734.9,93896.3,37161.4,371.61,1,105300.0,109300.0,0.037987,-0.000458,0.038445,1
2025-03-13,2024-09-12,A005690,파미셀,소형주→중형주,소형주,중형주,0.00878672,0.00306392,-0.00572279,0.00384698,769640,7290054,2960.8,22336.2,19375.4,193.75,1,12250.0,12640.0,0.031837,-0.000458,0.032295,1
2025-03-13,2024-09-12,A284740,쿠쿠홈시스,중형주→소형주,중형주,소형주,0.00191573,0.00574858,0.00383285,0.00200268,7290054,769640,14599.7,4424.3,-10175.3,-101.75,0,21050.0,21350.0,0.014252,-0.000458,0.01471,1
2025-03-13,2024-09-12,A005070,코스모신소재,대형주→중형주,대형주,중형주,0.00094603,0.00632894,0.00538291,0.0020931,26692509,7290054,55870.1,46138.3,-9731.8,-97.32,0,49500.0,48200.0,-0.026263,-0.000458,-0.025804,0
2025-03-13,2024-09-12,A128940,한미약품,대형주→중형주,대형주,중형주,0.00183005,0.01252146,0.01069141,0.00242919,26692509,7290054,64841.1,91282.1,26441.0,264.41,1,243000.0,242000.0,-0.004115,-0.000458,-0.003657,0
2025-03-13,2024-09-12,A105630,한세실업,중형주→소형주,중형주,소형주,0.00197452,0.00569294,0.00371842,0.0024215,7290054,769640,17652.9,4381.5,-13271.4,-132.71,0,12170.0,11860.0,-0.025472,-0.000458,-0.025014,0
2025-03-13,2024-09-12,A460860,동국제강,소형주→중형주,소형주,중형주,0.00580432,0.00195751,-0.00384681,0.00486603,769640,7290054,3745.1,14270.3,10525.2,105.25,1,9790.0,9770.0,-0.002043,-0.000458,-0.001585,0
2025-03-13,2024-09-12,A475150,SK이터닉스,중형주→소형주,중형주,소형주,0.00200068,0.00576803,0.00376735,0.00277333,7290054,769640,20217.7,4439.3,-15778.4,-157.78,0,14640.0,14240.0,-0.027322,-0.000458,-0.026864,0
2025-03-13,2024-09-12,A161000,애경케미칼,중형주→소형주,중형주,소형주,0.00147007,0.00421503,0.00274495,0.00221936,7290054,769640,16179.2,3244.1,-12935.2,-129.35,0,7450.0,7220.0,-0.030872,-0.000458,-0.030414,0
2025-03-13,2024-09-12,A451800,한화리츠,소형주→중형주,소형주,중형주,0.00799557,0.0026984,-0.00529717,0.00425535,769640,7290054,3275.1,19671.5,16396.4,163.96,1,3725.0,3720.0,-0.001342,-0.000458,-0.000884,0
2025-03-13,2024-09-12,A097230,HJ중공업,소형주→중형주,소형주,중형주,0.00778277,0.00270411,-0.00507866,0.00272952,769640,7290054,2100.7,19713.1,17612.3,176.12,1,7820.0,8040.0,0.028133,-0.000458,0.028591,1
2025-03-13,2024-09-12,A462870,시프트업,대형주→중형주,대형주,중형주,0.00189638,0.01255774,0.01066135,0.00212651,26692509,7290054,56761.9,91546.6,34784.7,347.85,1,55300.0,53300.0,-0.036166,-0.000458,-0.035708,0
2025-03-13,2024-09-12,A006260,LS,중형주→대형주,중형주,대형주,0.0132958,0.00228101,-0.01101479,0.01359859,7290054,26692509,99134.4,60886.0,-38248.5,-382.48,0,101800.0,121100.0,0.189587,-0.000458,0.190046,1
2025-03-13,2024-09-12,A077970,STX엔진,소형주→중형주,소형주,중형주,0.00670969,0.00236505,-0.00434464,0.00534346,769640,7290054,4112.5,17241.4,13128.8,131.29,1,24400.0,25450.0,0.043033,-0.000458,0.043491,1
2025-03-13,2024-09-12,A145990,삼양사,중형주→소형주,중형주,소형주,0.00188874,0.00553227,0.00364353,0.00204139,7290054,769640,14881.9,4257.9,-10624.0,-106.24,0,45150.0,44700.0,-0.009967,-0.000458,-0.009508,0
2025-03-13,2024-09-12,A000150,두산,중형주→대형주,중형주,대형주,0.02292175,0.00319939,-0.01972237,0.01093174,7290054,26692509,79693.0,85399.6,5706.7,57.07,1,342000.0,331000.0,-0.032164,-0.000458,-0.031705,0
2025-03-13,2024-09-12,A403550,쏘카,중형주→소형주,중형주,소형주,0.00190758,0.00560034,0.00369276,0.00258509,7290054,769640,18845.5,4310.2,-14535.2,-145.35,0,14320.0,14210.0,-0.007682,-0.000458,-0.007223,0
2025-03-13,2024-09-12,A377740,바이오노트,소형주→중형주,소형주,중형주,0.00588508,0.00199705,-0.00388803,0.00562479,769640,7290054,4329.1,14558.6,10229.6,102.3,1,4825.0,4845.0,0.004145,-0.000458,0.004603,1
2025-03-13,2024-09-12,A036530,SNT홀딩스,소형주→중형주,소형주,중형주,0.00585534,0.00206436,-0.00379098,0.00437416,769640,7290054,3366.5,15049.3,11682.8,116.83,1,30050.0,31350.0,0.043261,-0.000458,0.04372,1
2025-03-13,2024-09-12,A079900,전진건설로봇,소형주→중형주,소형주,중형주,0.00971411,0.003271,-0.0064431,0.00317939,769640,7290054,2447.0,23845.8,21398.8,213.99,1,55700.0,55500.0,-0.003591,-0.000458,-0.003132,0
2025-03-13,2024-09-12,A000500,가온전선,소형주→중형주,소형주,중형주,0.00930237,0.00333073,-0.00597164,0.00290303,769640,7290054,2234.3,24281.2,22046.9,220.47,1,47050.0,49850.0,0.059511,-0.000458,0.059969,1
2025-03-13,2024-09-12,A009900,명신산업,중형주→소형주,중형주,소형주,0.00189414,0.00567321,0.00377906,0.00257582,7290054,769640,18777.9,4366.3,-14411.5,-144.12,0,8900.0,9010.0,0.01236,-0.000458,0.012818,1
2025-03-13,2024-09-12,A126560,현대퓨처넷,중형주→소형주,중형주,소형주,0.00150414,0.00443026,0.00292612,0.00191945,7290054,769640,13992.9,3409.7,-10583.2,-105.83,0,3365.0,3350.0,-0.004458,-0.000458,-0.003999,0
2025-03-13,2024-09-12,A000880,한화,중형주→대형주,중형주,대형주,0.0138947,0.00200166,-0.01189304,0.00885881,7290054,26692509,64581.2,53429.4,-11151.8,-111.52,0,45700.0,45650.0,-0.001094,-0.000458,-0.000636,0
2025-03-13,2024-09-12,A004020,현대제철,중형주→대형주,중형주,대형주,0.01577808,0.00234182,-0.01343626,0.01312408,7290054,26692509,95675.3,62509.1,-33166.1,-331.66,0,29150.0,30000.0,0.02916,-0.000458,0.029618,1
